2025-12-12 02:16:31,817 - EXECUT - INFO - starting server...
2025-12-12 02:16:42,241 - EXECUT - INFO - trainer number sta5 just joined the pool
2025-12-12 02:16:42,288 - EXECUT - INFO - trainer number sta0 just joined the pool
2025-12-12 02:16:42,551 - EXECUT - INFO - trainer number sta4 just joined the pool
2025-12-12 02:16:42,819 - EXECUT - INFO - trainer number sta3 just joined the pool
2025-12-12 02:16:42,967 - EXECUT - INFO - trainer number sta2 just joined the pool
2025-12-12 02:16:43,010 - EXECUT - INFO - trainer number sta1 just joined the pool
2025-12-12 02:16:43,842 - EXECUT - INFO - mensagem de data_sz recebida: 
 {'id': 'sta0', 'dataset_sz': 259700928}
2025-12-12 02:16:43,844 - EXECUT - INFO - mensagem de data_sz recebida: 
 {'id': 'sta2', 'dataset_sz': 649277568}
2025-12-12 02:16:43,885 - EXECUT - INFO - mensagem de data_sz recebida: 
 {'id': 'sta3', 'dataset_sz': 519401856}
2025-12-12 02:16:43,885 - EXECUT - INFO - mensagem de data_sz recebida: 
 {'id': 'sta4', 'dataset_sz': 346301568}
2025-12-12 02:16:43,885 - EXECUT - INFO - mensagem de data_sz recebida: 
 {'id': 'sta5', 'dataset_sz': 173150784}
2025-12-12 02:16:43,886 - EXECUT - INFO - mensagem de data_sz recebida: 
 {'id': 'sta1', 'dataset_sz': 432851712}
2025-12-12 02:16:44,843 - METRIC - INFO - round: 1
2025-12-12 02:16:44,843 - METRIC - INFO - n_selected: 6
2025-12-12 02:16:44,843 - METRIC - INFO - {"selected_trainers": ["sta0", "sta1", "sta2", "sta3", "sta4", "sta5"]}
2025-12-12 02:16:51,869 - EXECUT - INFO - received weights from trainer sta0!
2025-12-12 02:16:58,837 - EXECUT - INFO - received weights from trainer sta1!
2025-12-12 02:17:07,061 - EXECUT - INFO - received weights from trainer sta2!
2025-12-12 02:17:16,026 - EXECUT - INFO - received weights from trainer sta3!
2025-12-12 02:17:21,959 - EXECUT - INFO - received weights from trainer sta4!
2025-12-12 02:17:31,113 - EXECUT - INFO - received weights from trainer sta5!
2025-12-12 02:17:32,776 - EXECUT - INFO - sent aggregated weights to trainers!
2025-12-12 02:17:51,957 - METRIC - INFO - {"loss": 1.4923914670944214, "accuracy": 0.6792716979980469, "energy_consumption": 0.06296001523148337, "selected": true, "host_energy_consumption": 0.02416121736, "client_name": "sta1"}
2025-12-12 02:17:52,895 - METRIC - INFO - {"loss": 2.0547566413879395, "accuracy": 0.4842473864555359, "energy_consumption": 0.028623066382105572, "selected": true, "host_energy_consumption": 0.018496085160000002, "client_name": "sta0"}
2025-12-12 02:18:01,856 - METRIC - INFO - {"loss": 1.520490050315857, "accuracy": 0.7193698883056641, "energy_consumption": 0.06294789005932788, "selected": true, "host_energy_consumption": 0.027460181, "client_name": "sta3"}
2025-12-12 02:18:02,965 - METRIC - INFO - {"loss": 2.042323112487793, "accuracy": 0.5411558747291565, "energy_consumption": 0.03814655141158885, "selected": true, "host_energy_consumption": 0.016355622360000002, "client_name": "sta5"}
2025-12-12 02:18:10,069 - METRIC - INFO - {"loss": 1.6361031532287598, "accuracy": 0.7014010548591614, "energy_consumption": 0.028612063440094482, "selected": true, "host_energy_consumption": 0.0203213444, "client_name": "sta4"}
2025-12-12 02:18:13,759 - METRIC - INFO - {"loss": 1.170027256011963, "accuracy": 0.7535014152526855, "energy_consumption": 0.06677114695148334, "selected": true, "host_energy_consumption": 0.030474103800000003, "client_name": "sta2"}
2025-12-12 02:18:13,827 - METRIC - INFO - mean_accuracy: 0.6464912196000417

2025-12-12 02:18:13,827 - METRIC - INFO - round: 2
2025-12-12 02:18:13,827 - METRIC - INFO - n_selected: 6
2025-12-12 02:18:13,827 - METRIC - INFO - {"selected_trainers": ["sta0", "sta1", "sta2", "sta3", "sta4", "sta5"]}
2025-12-12 02:18:20,192 - EXECUT - INFO - received weights from trainer sta0!
2025-12-12 02:18:26,943 - EXECUT - INFO - received weights from trainer sta1!
2025-12-12 02:18:32,641 - EXECUT - INFO - received weights from trainer sta2!
2025-12-12 02:18:39,963 - EXECUT - INFO - received weights from trainer sta3!
2025-12-12 02:18:47,771 - EXECUT - INFO - received weights from trainer sta4!
2025-12-12 02:18:54,336 - EXECUT - INFO - received weights from trainer sta5!
2025-12-12 02:18:55,977 - EXECUT - INFO - sent aggregated weights to trainers!
2025-12-12 02:19:12,046 - METRIC - INFO - {"loss": 2.2898826599121094, "accuracy": 0.17016807198524475, "energy_consumption": 0.12210798951401097, "selected": true, "host_energy_consumption": 0.04220782412, "client_name": "sta1"}
2025-12-12 02:19:13,816 - METRIC - INFO - {"loss": 2.2866129875183105, "accuracy": 0.17969661951065063, "energy_consumption": 0.08202894507720018, "selected": true, "host_energy_consumption": 0.03828039992, "client_name": "sta0"}
2025-12-12 02:19:25,249 - METRIC - INFO - {"loss": 2.2874889373779297, "accuracy": 0.2864644229412079, "energy_consumption": 0.09919104377227228, "selected": true, "host_energy_consumption": 0.048773878720000004, "client_name": "sta3"}
2025-12-12 02:19:25,819 - METRIC - INFO - {"loss": 2.291142225265503, "accuracy": 0.21541155874729156, "energy_consumption": 0.07629430771049983, "selected": true, "host_energy_consumption": 0.032290015240000004, "client_name": "sta5"}
2025-12-12 02:19:29,685 - METRIC - INFO - {"loss": 2.28265380859375, "accuracy": 0.19264447689056396, "energy_consumption": 0.057226266429444395, "selected": true, "host_energy_consumption": 0.04498380544, "client_name": "sta4"}
2025-12-12 02:19:30,701 - METRIC - INFO - {"loss": 2.282817840576172, "accuracy": 0.3272642493247986, "energy_consumption": 0.09729737259806659, "selected": true, "host_energy_consumption": 0.05485750592, "client_name": "sta2"}
2025-12-12 02:19:31,014 - METRIC - INFO - mean_accuracy: 0.2286082332332929

2025-12-12 02:19:31,014 - METRIC - INFO - round: 3
2025-12-12 02:19:31,014 - METRIC - INFO - n_selected: 6
2025-12-12 02:19:31,014 - METRIC - INFO - {"selected_trainers": ["sta0", "sta1", "sta2", "sta3", "sta4", "sta5"]}
2025-12-12 02:19:37,584 - EXECUT - INFO - received weights from trainer sta0!
2025-12-12 02:19:44,018 - EXECUT - INFO - received weights from trainer sta1!
2025-12-12 02:19:53,326 - EXECUT - INFO - received weights from trainer sta2!
2025-12-12 02:20:01,627 - EXECUT - INFO - received weights from trainer sta3!
2025-12-12 02:20:08,833 - EXECUT - INFO - received weights from trainer sta4!
2025-12-12 02:20:14,480 - EXECUT - INFO - received weights from trainer sta5!
2025-12-12 02:20:16,099 - EXECUT - INFO - sent aggregated weights to trainers!
2025-12-12 02:20:38,524 - METRIC - INFO - {"loss": 2.271827220916748, "accuracy": 0.4117647111415863, "energy_consumption": 0.15453445281174988, "selected": true, "host_energy_consumption": 0.060672943240000006, "client_name": "sta1"}
2025-12-12 02:20:38,982 - METRIC - INFO - {"loss": 2.264427900314331, "accuracy": 0.4737456142902374, "energy_consumption": 0.10873689551614998, "selected": true, "host_energy_consumption": 0.058785869520000006, "client_name": "sta0"}
2025-12-12 02:20:43,035 - METRIC - INFO - {"loss": 2.2665107250213623, "accuracy": 0.4772461950778961, "energy_consumption": 0.1640415462870557, "selected": true, "host_energy_consumption": 0.07018589396000001, "client_name": "sta3"}
2025-12-12 02:20:44,372 - METRIC - INFO - {"loss": 2.2745518684387207, "accuracy": 0.4956217110157013, "energy_consumption": 0.11443612064041653, "selected": true, "host_energy_consumption": 0.04852277892, "client_name": "sta5"}
2025-12-12 02:20:53,406 - METRIC - INFO - {"loss": 2.254396438598633, "accuracy": 0.4673202633857727, "energy_consumption": 0.12782072908684428, "selected": true, "host_energy_consumption": 0.07957569732, "client_name": "sta2"}
2025-12-12 02:20:58,931 - METRIC - INFO - {"loss": 2.2534730434417725, "accuracy": 0.4728546440601349, "energy_consumption": 0.08584514590758341, "selected": true, "host_energy_consumption": 0.06998249104, "client_name": "sta4"}
2025-12-12 02:20:59,145 - METRIC - INFO - mean_accuracy: 0.4664255231618881

2025-12-12 02:20:59,145 - METRIC - INFO - round: 4
2025-12-12 02:20:59,145 - METRIC - INFO - n_selected: 6
2025-12-12 02:20:59,145 - METRIC - INFO - {"selected_trainers": ["sta0", "sta1", "sta2", "sta3", "sta4", "sta5"]}
2025-12-12 02:21:06,142 - EXECUT - INFO - received weights from trainer sta0!
2025-12-12 02:21:12,996 - EXECUT - INFO - received weights from trainer sta1!
2025-12-12 02:21:20,399 - EXECUT - INFO - received weights from trainer sta2!
2025-12-12 02:21:28,124 - EXECUT - INFO - received weights from trainer sta3!
2025-12-12 02:21:36,524 - EXECUT - INFO - received weights from trainer sta4!
2025-12-12 02:21:42,459 - EXECUT - INFO - received weights from trainer sta5!
2025-12-12 02:21:44,072 - EXECUT - INFO - sent aggregated weights to trainers!
2025-12-12 02:22:07,346 - METRIC - INFO - {"loss": 2.216449022293091, "accuracy": 0.5504201650619507, "energy_consumption": 0.18696580242034427, "selected": true, "host_energy_consumption": 0.0789509798, "client_name": "sta1"}
2025-12-12 02:22:13,102 - METRIC - INFO - {"loss": 2.1934330463409424, "accuracy": 0.582263708114624, "energy_consumption": 0.16218460033276108, "selected": true, "host_energy_consumption": 0.07873745908, "client_name": "sta0"}
2025-12-12 02:22:16,079 - METRIC - INFO - {"loss": 2.2274675369262695, "accuracy": 0.5726795196533203, "energy_consumption": 0.1525828786949497, "selected": true, "host_energy_consumption": 0.06493744656, "client_name": "sta5"}
2025-12-12 02:22:17,246 - METRIC - INFO - {"loss": 2.1991474628448486, "accuracy": 0.5665110945701599, "energy_consumption": 0.20028135556342264, "selected": true, "host_energy_consumption": 0.0917438046, "client_name": "sta3"}
2025-12-12 02:22:22,345 - METRIC - INFO - {"loss": 2.156569242477417, "accuracy": 0.5560224056243896, "energy_consumption": 0.22130582389135012, "selected": true, "host_energy_consumption": 0.10452002064, "client_name": "sta2"}
2025-12-12 02:22:25,726 - METRIC - INFO - {"loss": 2.148700475692749, "accuracy": 0.5604203343391418, "energy_consumption": 0.11446487103223346, "selected": true, "host_energy_consumption": 0.09475034548000001, "client_name": "sta4"}
2025-12-12 02:22:26,116 - METRIC - INFO - mean_accuracy: 0.564719537893931

2025-12-12 02:22:26,116 - METRIC - INFO - round: 5
2025-12-12 02:22:26,116 - METRIC - INFO - n_selected: 6
2025-12-12 02:22:26,116 - METRIC - INFO - {"selected_trainers": ["sta0", "sta1", "sta2", "sta3", "sta4", "sta5"]}
2025-12-12 02:22:32,500 - EXECUT - INFO - received weights from trainer sta0!
2025-12-12 02:22:38,688 - EXECUT - INFO - received weights from trainer sta1!
2025-12-12 02:22:48,380 - EXECUT - INFO - received weights from trainer sta2!
2025-12-12 02:22:56,225 - EXECUT - INFO - received weights from trainer sta3!
2025-12-12 02:23:03,958 - EXECUT - INFO - received weights from trainer sta4!
2025-12-12 02:23:09,834 - EXECUT - INFO - received weights from trainer sta5!
2025-12-12 02:23:11,427 - EXECUT - INFO - sent aggregated weights to trainers!
2025-12-12 02:23:30,789 - METRIC - INFO - {"loss": 1.9749150276184082, "accuracy": 0.5735294222831726, "energy_consumption": 0.21939692631126123, "selected": true, "host_energy_consumption": 0.0971620244, "client_name": "sta1"}
2025-12-12 02:23:31,530 - METRIC - INFO - {"loss": 1.8744444847106934, "accuracy": 0.5647608041763306, "energy_consumption": 0.2155909129780386, "selected": true, "host_energy_consumption": 0.09877234472, "client_name": "sta0"}
2025-12-12 02:23:36,679 - METRIC - INFO - {"loss": 1.8970359563827515, "accuracy": 0.5805134177207947, "energy_consumption": 0.2632308288256171, "selected": true, "host_energy_consumption": 0.11345965960000001, "client_name": "sta3"}
2025-12-12 02:23:36,925 - METRIC - INFO - {"loss": 1.7436479330062866, "accuracy": 0.573762834072113, "energy_consumption": 0.2785270053148008, "selected": true, "host_energy_consumption": 0.12985019768, "client_name": "sta2"}
2025-12-12 02:23:37,949 - METRIC - INFO - {"loss": 2.0369691848754883, "accuracy": 0.6094570755958557, "energy_consumption": 0.19073406526673886, "selected": true, "host_energy_consumption": 0.08105117972, "client_name": "sta5"}
2025-12-12 02:23:50,516 - METRIC - INFO - {"loss": 1.7276577949523926, "accuracy": 0.553415060043335, "energy_consumption": 0.18124549176793858, "selected": true, "host_energy_consumption": 0.11929627164, "client_name": "sta4"}
2025-12-12 02:23:51,469 - METRIC - INFO - mean_accuracy: 0.5759064356486002

2025-12-12 02:23:51,469 - METRIC - INFO - round: 6
2025-12-12 02:23:51,469 - METRIC - INFO - n_selected: 6
2025-12-12 02:23:51,469 - METRIC - INFO - {"selected_trainers": ["sta0", "sta1", "sta2", "sta3", "sta4", "sta5"]}
2025-12-12 02:23:56,972 - EXECUT - INFO - received weights from trainer sta0!
2025-12-12 02:24:02,482 - EXECUT - INFO - received weights from trainer sta1!
2025-12-12 02:24:13,074 - EXECUT - INFO - received weights from trainer sta2!
2025-12-12 02:24:20,587 - EXECUT - INFO - received weights from trainer sta3!
2025-12-12 02:24:30,685 - EXECUT - INFO - received weights from trainer sta4!
2025-12-12 02:24:37,143 - EXECUT - INFO - received weights from trainer sta5!
2025-12-12 02:24:38,754 - EXECUT - INFO - sent aggregated weights to trainers!
2025-12-12 02:24:59,594 - METRIC - INFO - {"loss": 1.2973504066467285, "accuracy": 0.6324387192726135, "energy_consumption": 0.242302311175039, "selected": true, "host_energy_consumption": 0.11893354032, "client_name": "sta0"}
2025-12-12 02:25:00,780 - METRIC - INFO - {"loss": 1.4095134735107422, "accuracy": 0.6246498823165894, "energy_consumption": 0.2785286123610842, "selected": true, "host_energy_consumption": 0.11486259680000001, "client_name": "sta1"}
2025-12-12 02:25:08,070 - METRIC - INFO - {"loss": 1.4742704629898071, "accuracy": 0.6427320241928101, "energy_consumption": 0.21712012322244445, "selected": true, "host_energy_consumption": 0.09698425716, "client_name": "sta5"}
2025-12-12 02:25:08,891 - METRIC - INFO - {"loss": 1.3368419408798218, "accuracy": 0.6394398808479309, "energy_consumption": 0.29947250424672855, "selected": true, "host_energy_consumption": 0.13470586976, "client_name": "sta3"}
2025-12-12 02:25:09,244 - METRIC - INFO - {"loss": 1.218451738357544, "accuracy": 0.6666666865348816, "energy_consumption": 0.309044645741823, "selected": true, "host_energy_consumption": 0.15502644696, "client_name": "sta2"}
2025-12-12 02:25:16,710 - METRIC - INFO - {"loss": 1.2326594591140747, "accuracy": 0.6646234393119812, "energy_consumption": 0.23657015988191665, "selected": true, "host_energy_consumption": 0.14385737352, "client_name": "sta4"}
2025-12-12 02:25:16,793 - METRIC - INFO - mean_accuracy: 0.6450917720794678

2025-12-12 02:25:16,793 - METRIC - INFO - round: 7
2025-12-12 02:25:16,793 - METRIC - INFO - n_selected: 6
2025-12-12 02:25:16,793 - METRIC - INFO - {"selected_trainers": ["sta0", "sta1", "sta2", "sta3", "sta4", "sta5"]}
2025-12-12 02:25:22,567 - EXECUT - INFO - received weights from trainer sta0!
2025-12-12 02:25:28,400 - EXECUT - INFO - received weights from trainer sta1!
2025-12-12 02:25:35,965 - EXECUT - INFO - received weights from trainer sta2!
2025-12-12 02:25:44,093 - EXECUT - INFO - received weights from trainer sta3!
2025-12-12 02:25:52,270 - EXECUT - INFO - received weights from trainer sta4!
2025-12-12 02:26:00,250 - EXECUT - INFO - received weights from trainer sta5!
2025-12-12 02:26:01,860 - EXECUT - INFO - sent aggregated weights to trainers!
2025-12-12 02:26:21,233 - METRIC - INFO - {"loss": 0.9823561310768127, "accuracy": 0.7269545197486877, "energy_consumption": 0.29571234021419446, "selected": true, "host_energy_consumption": 0.13899308612, "client_name": "sta0"}
2025-12-12 02:26:23,981 - METRIC - INFO - {"loss": 1.0539966821670532, "accuracy": 0.7163865566253662, "energy_consumption": 0.3376900073080736, "selected": true, "host_energy_consumption": 0.13295685004000002, "client_name": "sta1"}
2025-12-12 02:26:29,913 - METRIC - INFO - {"loss": 1.0481983423233032, "accuracy": 0.7635726928710938, "energy_consumption": 0.21712012322244445, "selected": true, "host_energy_consumption": 0.11318058556, "client_name": "sta5"}
2025-12-12 02:26:30,660 - METRIC - INFO - {"loss": 0.9802755117416382, "accuracy": 0.7565674185752869, "energy_consumption": 0.30334301720115475, "selected": true, "host_energy_consumption": 0.16848775748, "client_name": "sta4"}
2025-12-12 02:26:33,681 - METRIC - INFO - {"loss": 1.0161266326904297, "accuracy": 0.7228704690933228, "energy_consumption": 0.33571465812573376, "selected": true, "host_energy_consumption": 0.15564352384000002, "client_name": "sta3"}
2025-12-12 02:26:35,770 - METRIC - INFO - {"loss": 0.947296142578125, "accuracy": 0.7446311712265015, "energy_consumption": 0.33957004958531223, "selected": true, "host_energy_consumption": 0.17943912392, "client_name": "sta2"}
2025-12-12 02:26:35,896 - METRIC - INFO - mean_accuracy: 0.7384971380233765

2025-12-12 02:26:35,896 - METRIC - INFO - round: 8
2025-12-12 02:26:35,896 - METRIC - INFO - n_selected: 6
2025-12-12 02:26:35,896 - METRIC - INFO - {"selected_trainers": ["sta0", "sta1", "sta2", "sta3", "sta4", "sta5"]}
2025-12-12 02:26:41,658 - EXECUT - INFO - received weights from trainer sta0!
2025-12-12 02:26:47,391 - EXECUT - INFO - received weights from trainer sta1!
2025-12-12 02:26:56,267 - EXECUT - INFO - received weights from trainer sta2!
2025-12-12 02:27:07,079 - EXECUT - INFO - received weights from trainer sta3!
2025-12-12 02:27:15,689 - EXECUT - INFO - received weights from trainer sta4!
2025-12-12 02:27:22,813 - EXECUT - INFO - received weights from trainer sta5!
2025-12-12 02:27:24,426 - EXECUT - INFO - sent aggregated weights to trainers!
2025-12-12 02:27:42,023 - METRIC - INFO - {"loss": 0.8688653111457825, "accuracy": 0.768207311630249, "energy_consumption": 0.39683830268194514, "selected": true, "host_energy_consumption": 0.15129596580000002, "client_name": "sta1"}
2025-12-12 02:27:51,299 - METRIC - INFO - {"loss": 0.8063689470291138, "accuracy": 0.7864643931388855, "energy_consumption": 0.322426083013834, "selected": true, "host_energy_consumption": 0.15911577892, "client_name": "sta0"}
2025-12-12 02:27:52,855 - METRIC - INFO - {"loss": 0.7899308204650879, "accuracy": 0.7833800315856934, "energy_consumption": 0.39679594405745555, "selected": true, "host_energy_consumption": 0.2045250536, "client_name": "sta2"}
2025-12-12 02:27:54,786 - METRIC - INFO - {"loss": 0.8397260904312134, "accuracy": 0.7742123603820801, "energy_consumption": 0.37195414154207196, "selected": true, "host_energy_consumption": 0.17653489868, "client_name": "sta3"}
2025-12-12 02:27:56,709 - METRIC - INFO - {"loss": 0.8270298838615417, "accuracy": 0.7915936708450317, "energy_consumption": 0.37010304676222694, "selected": true, "host_energy_consumption": 0.19290433064, "client_name": "sta4"}
2025-12-12 02:27:57,358 - METRIC - INFO - {"loss": 0.83317631483078, "accuracy": 0.8371278643608093, "energy_consumption": 0.2552686472793717, "selected": true, "host_energy_consumption": 0.12934295668, "client_name": "sta5"}
2025-12-12 02:27:57,461 - METRIC - INFO - mean_accuracy: 0.7901642719904581

2025-12-12 02:27:57,461 - METRIC - INFO - round: 9
2025-12-12 02:27:57,461 - METRIC - INFO - n_selected: 6
2025-12-12 02:27:57,461 - METRIC - INFO - {"selected_trainers": ["sta0", "sta1", "sta2", "sta3", "sta4", "sta5"]}
2025-12-12 02:28:02,606 - EXECUT - INFO - received weights from trainer sta0!
2025-12-12 02:28:08,753 - EXECUT - INFO - received weights from trainer sta1!
2025-12-12 02:28:16,368 - EXECUT - INFO - received weights from trainer sta2!
2025-12-12 02:28:23,187 - EXECUT - INFO - received weights from trainer sta3!
2025-12-12 02:28:29,316 - EXECUT - INFO - received weights from trainer sta4!
2025-12-12 02:28:35,245 - EXECUT - INFO - received weights from trainer sta5!
2025-12-12 02:28:36,859 - EXECUT - INFO - sent aggregated weights to trainers!
2025-12-12 02:28:58,569 - METRIC - INFO - {"loss": 0.7460043430328369, "accuracy": 0.8004201650619507, "energy_consumption": 0.4292648343308115, "selected": true, "host_energy_consumption": 0.1691290524, "client_name": "sta1"}
2025-12-12 02:29:03,586 - METRIC - INFO - {"loss": 0.6853981018066406, "accuracy": 0.8238039612770081, "energy_consumption": 0.3758440725750346, "selected": true, "host_energy_consumption": 0.17900582784000002, "client_name": "sta0"}
2025-12-12 02:29:08,883 - METRIC - INFO - {"loss": 0.7012137770652771, "accuracy": 0.8546409606933594, "energy_consumption": 0.2934147265913112, "selected": true, "host_energy_consumption": 0.14583146956, "client_name": "sta5"}
2025-12-12 02:29:09,058 - METRIC - INFO - {"loss": 0.7172529101371765, "accuracy": 0.813302218914032, "energy_consumption": 0.4348976793830781, "selected": true, "host_energy_consumption": 0.19818492372000002, "client_name": "sta3"}
2025-12-12 02:29:12,890 - METRIC - INFO - {"loss": 0.6802715063095093, "accuracy": 0.8160597681999207, "energy_consumption": 0.4540358075926447, "selected": true, "host_energy_consumption": 0.22936998252000002, "client_name": "sta2"}
2025-12-12 02:29:45,963 - METRIC - INFO - {"loss": 0.7182229161262512, "accuracy": 0.8169877529144287, "energy_consumption": 0.8261231162063597, "selected": true, "host_energy_consumption": 0.36401253532, "client_name": "sta4"}
2025-12-12 02:29:46,931 - METRIC - INFO - mean_accuracy: 0.82086913784345

2025-12-12 02:29:46,931 - METRIC - INFO - round: 10
2025-12-12 02:29:46,931 - METRIC - INFO - n_selected: 6
2025-12-12 02:29:46,931 - METRIC - INFO - {"selected_trainers": ["sta0", "sta1", "sta2", "sta3", "sta4", "sta5"]}
2025-12-12 02:29:52,653 - EXECUT - INFO - received weights from trainer sta0!
2025-12-12 02:29:57,927 - EXECUT - INFO - received weights from trainer sta1!
2025-12-12 02:30:07,317 - EXECUT - INFO - received weights from trainer sta2!
2025-12-12 02:30:14,573 - EXECUT - INFO - received weights from trainer sta3!
2025-12-12 02:30:24,245 - EXECUT - INFO - received weights from trainer sta4!
2025-12-12 02:30:29,654 - EXECUT - INFO - received weights from trainer sta5!
2025-12-12 02:30:31,244 - EXECUT - INFO - sent aggregated weights to trainers!
2025-12-12 02:30:50,055 - METRIC - INFO - {"loss": 0.6001473069190979, "accuracy": 0.8506417870521545, "energy_consumption": 0.4025637126463958, "selected": true, "host_energy_consumption": 0.19911575432, "client_name": "sta0"}
2025-12-12 02:30:51,416 - METRIC - INFO - {"loss": 0.65800940990448, "accuracy": 0.819327712059021, "energy_consumption": 0.48839478616946247, "selected": true, "host_energy_consumption": 0.1870501514, "client_name": "sta1"}
2025-12-12 02:30:57,045 - METRIC - INFO - {"loss": 0.6267651915550232, "accuracy": 0.8331388831138611, "energy_consumption": 0.47113821032018866, "selected": true, "host_energy_consumption": 0.21899440388000002, "client_name": "sta3"}
2025-12-12 02:31:00,525 - METRIC - INFO - {"loss": 0.598881721496582, "accuracy": 0.839402437210083, "energy_consumption": 0.5475085213056572, "selected": true, "host_energy_consumption": 0.25423160840000003, "client_name": "sta2"}
2025-12-12 02:31:01,976 - METRIC - INFO - {"loss": 0.6082737445831299, "accuracy": 0.8669001460075378, "energy_consumption": 0.33156239546436095, "selected": true, "host_energy_consumption": 0.16184838908000002, "client_name": "sta5"}
2025-12-12 02:31:03,190 - METRIC - INFO - {"loss": 0.6362219452857971, "accuracy": 0.8450087308883667, "energy_consumption": 0.8814541568708313, "selected": true, "host_energy_consumption": 0.38821666520000003, "client_name": "sta4"}
2025-12-12 02:31:03,278 - METRIC - INFO - mean_accuracy: 0.8424032827218374

2025-12-12 02:31:03,278 - METRIC - INFO - round: 11
2025-12-12 02:31:03,278 - METRIC - INFO - n_selected: 6
2025-12-12 02:31:03,278 - METRIC - INFO - {"selected_trainers": ["sta0", "sta1", "sta2", "sta3", "sta4", "sta5"]}
2025-12-12 02:31:08,651 - EXECUT - INFO - received weights from trainer sta0!
2025-12-12 02:31:14,789 - EXECUT - INFO - received weights from trainer sta1!
2025-12-12 02:31:25,094 - EXECUT - INFO - received weights from trainer sta2!
2025-12-12 02:31:31,638 - EXECUT - INFO - received weights from trainer sta3!
2025-12-12 02:31:39,888 - EXECUT - INFO - received weights from trainer sta4!
2025-12-12 02:31:45,322 - EXECUT - INFO - received weights from trainer sta5!
2025-12-12 02:31:46,936 - EXECUT - INFO - sent aggregated weights to trainers!
2025-12-12 02:32:05,215 - METRIC - INFO - {"loss": 0.5328993201255798, "accuracy": 0.8623104095458984, "energy_consumption": 0.42927321767611193, "selected": true, "host_energy_consumption": 0.21882666820000002, "client_name": "sta0"}
2025-12-12 02:32:07,837 - METRIC - INFO - {"loss": 0.5882357358932495, "accuracy": 0.8452380895614624, "energy_consumption": 0.5475218052678619, "selected": true, "host_energy_consumption": 0.20511612072000002, "client_name": "sta1"}
2025-12-12 02:32:17,415 - METRIC - INFO - {"loss": 0.5578510165214539, "accuracy": 0.8483080267906189, "energy_consumption": 0.5341001520997386, "selected": true, "host_energy_consumption": 0.23962563772, "client_name": "sta3"}
2025-12-12 02:32:18,330 - METRIC - INFO - {"loss": 0.5768057703971863, "accuracy": 0.8546409606933594, "energy_consumption": 0.9100664221851874, "selected": true, "host_energy_consumption": 0.41290441920000004, "client_name": "sta4"}
2025-12-12 02:32:20,569 - METRIC - INFO - {"loss": 0.5390364527702332, "accuracy": 0.8566759824752808, "energy_consumption": 0.6142697509853685, "selected": true, "host_energy_consumption": 0.2791007366, "client_name": "sta2"}
2025-12-12 02:32:20,619 - METRIC - INFO - {"loss": 0.5401247143745422, "accuracy": 0.8721541166305542, "energy_consumption": 0.3697117619886783, "selected": true, "host_energy_consumption": 0.17865607060000002, "client_name": "sta5"}
2025-12-12 02:32:20,973 - METRIC - INFO - mean_accuracy: 0.8565545976161957

2025-12-12 02:32:20,973 - METRIC - INFO - round: 12
2025-12-12 02:32:20,973 - METRIC - INFO - n_selected: 6
2025-12-12 02:32:20,973 - METRIC - INFO - {"selected_trainers": ["sta0", "sta1", "sta2", "sta3", "sta4", "sta5"]}
2025-12-12 02:32:25,844 - EXECUT - INFO - received weights from trainer sta0!
2025-12-12 02:32:31,219 - EXECUT - INFO - received weights from trainer sta1!
2025-12-12 02:32:37,652 - EXECUT - INFO - received weights from trainer sta2!
2025-12-12 02:32:46,961 - EXECUT - INFO - received weights from trainer sta3!
2025-12-12 02:32:55,381 - EXECUT - INFO - received weights from trainer sta4!
2025-12-12 02:33:01,662 - EXECUT - INFO - received weights from trainer sta5!
2025-12-12 02:33:03,276 - EXECUT - INFO - sent aggregated weights to trainers!
2025-12-12 02:33:25,356 - METRIC - INFO - {"loss": 0.48298823833465576, "accuracy": 0.8774795532226562, "energy_consumption": 0.45597623570693446, "selected": true, "host_energy_consumption": 0.23857811908, "client_name": "sta0"}
2025-12-12 02:33:30,262 - METRIC - INFO - {"loss": 0.5351895093917847, "accuracy": 0.8522409200668335, "energy_consumption": 0.5799534346392123, "selected": true, "host_energy_consumption": 0.22316980224000002, "client_name": "sta1"}
2025-12-12 02:33:32,794 - METRIC - INFO - {"loss": 0.5059037208557129, "accuracy": 0.8646441102027893, "energy_consumption": 0.5703465532860337, "selected": true, "host_energy_consumption": 0.26055324344, "client_name": "sta3"}
2025-12-12 02:33:36,200 - METRIC - INFO - {"loss": 0.4925692081451416, "accuracy": 0.8674136400222778, "energy_consumption": 0.7077454006177535, "selected": true, "host_energy_consumption": 0.30396164428, "client_name": "sta2"}
2025-12-12 02:33:36,741 - METRIC - INFO - {"loss": 0.4903505742549896, "accuracy": 0.889667272567749, "energy_consumption": 0.3697117619886783, "selected": true, "host_energy_consumption": 0.19463185504000002, "client_name": "sta5"}
2025-12-12 02:33:37,503 - METRIC - INFO - {"loss": 0.5311354398727417, "accuracy": 0.8704028129577637, "energy_consumption": 0.9386769199075881, "selected": true, "host_energy_consumption": 0.43738309692000005, "client_name": "sta4"}
2025-12-12 02:33:38,313 - METRIC - INFO - mean_accuracy: 0.8703080515066782

2025-12-12 02:33:38,313 - METRIC - INFO - round: 13
2025-12-12 02:33:38,313 - METRIC - INFO - n_selected: 6
2025-12-12 02:33:38,313 - METRIC - INFO - {"selected_trainers": ["sta0", "sta1", "sta2", "sta3", "sta4", "sta5"]}
2025-12-12 02:33:45,018 - EXECUT - INFO - received weights from trainer sta0!
2025-12-12 02:33:51,201 - EXECUT - INFO - received weights from trainer sta1!
2025-12-12 02:33:59,146 - EXECUT - INFO - received weights from trainer sta2!
2025-12-12 02:34:06,916 - EXECUT - INFO - received weights from trainer sta3!
2025-12-12 02:34:16,124 - EXECUT - INFO - received weights from trainer sta4!
2025-12-12 02:34:21,743 - EXECUT - INFO - received weights from trainer sta5!
2025-12-12 02:34:23,350 - EXECUT - INFO - sent aggregated weights to trainers!
2025-12-12 02:34:44,845 - METRIC - INFO - {"loss": 0.44382956624031067, "accuracy": 0.8833138942718506, "energy_consumption": 0.4826877133819901, "selected": true, "host_energy_consumption": 0.25923266376000004, "client_name": "sta0"}
2025-12-12 02:34:46,501 - METRIC - INFO - {"loss": 0.49487540125846863, "accuracy": 0.8641456365585327, "energy_consumption": 0.6123773705347846, "selected": true, "host_energy_consumption": 0.24205885004000002, "client_name": "sta1"}
2025-12-12 02:34:56,167 - METRIC - INFO - {"loss": 0.45567044615745544, "accuracy": 0.8772175312042236, "energy_consumption": 0.7382920521246155, "selected": true, "host_energy_consumption": 0.32943858808000004, "client_name": "sta2"}
2025-12-12 02:34:57,985 - METRIC - INFO - {"loss": 0.44961291551589966, "accuracy": 0.8949211835861206, "energy_consumption": 0.3697117619886783, "selected": true, "host_energy_consumption": 0.21141267168000002, "client_name": "sta5"}
2025-12-12 02:34:59,388 - METRIC - INFO - {"loss": 0.4939810335636139, "accuracy": 0.8712784647941589, "energy_consumption": 0.9940121427073431, "selected": true, "host_energy_consumption": 0.46270231896, "client_name": "sta4"}
2025-12-12 02:35:00,249 - METRIC - INFO - {"loss": 0.4638814628124237, "accuracy": 0.8774795532226562, "energy_consumption": 0.6065925666194163, "selected": true, "host_energy_consumption": 0.2820178102, "client_name": "sta3"}
2025-12-12 02:35:00,389 - METRIC - INFO - mean_accuracy: 0.8780593772729238

2025-12-12 02:35:00,389 - METRIC - INFO - round: 14
2025-12-12 02:35:00,389 - METRIC - INFO - n_selected: 6
2025-12-12 02:35:00,389 - METRIC - INFO - {"selected_trainers": ["sta0", "sta1", "sta2", "sta3", "sta4", "sta5"]}
2025-12-12 02:35:06,796 - EXECUT - INFO - received weights from trainer sta0!
2025-12-12 02:35:12,035 - EXECUT - INFO - received weights from trainer sta1!
2025-12-12 02:35:18,651 - EXECUT - INFO - received weights from trainer sta2!
2025-12-12 02:35:27,741 - EXECUT - INFO - received weights from trainer sta3!
2025-12-12 02:35:36,898 - EXECUT - INFO - received weights from trainer sta4!
2025-12-12 02:35:42,704 - EXECUT - INFO - received weights from trainer sta5!
2025-12-12 02:35:44,318 - EXECUT - INFO - sent aggregated weights to trainers!
2025-12-12 02:36:04,116 - METRIC - INFO - {"loss": 0.4592787027359009, "accuracy": 0.8718487620353699, "energy_consumption": 0.6448057285893691, "selected": true, "host_energy_consumption": 0.25982075784, "client_name": "sta1"}
2025-12-12 02:36:07,652 - METRIC - INFO - {"loss": 0.4120640158653259, "accuracy": 0.8868144750595093, "energy_consumption": 0.5093907330023731, "selected": true, "host_energy_consumption": 0.27907231548, "client_name": "sta0"}
2025-12-12 02:36:17,272 - METRIC - INFO - {"loss": 0.4670804440975189, "accuracy": 0.8774080276489258, "energy_consumption": 1.060769662351421, "selected": true, "host_energy_consumption": 0.48782206956, "client_name": "sta4"}
2025-12-12 02:36:17,992 - METRIC - INFO - {"loss": 0.4165918529033661, "accuracy": 0.914185643196106, "energy_consumption": 0.4078593513836737, "selected": true, "host_energy_consumption": 0.22764820344, "client_name": "sta5"}
2025-12-12 02:36:18,423 - METRIC - INFO - {"loss": 0.43144580721855164, "accuracy": 0.8827304840087891, "energy_consumption": 0.6695570262637647, "selected": true, "host_energy_consumption": 0.30321545128, "client_name": "sta3"}
2025-12-12 02:36:20,198 - METRIC - INFO - {"loss": 0.4264158010482788, "accuracy": 0.8842203617095947, "energy_consumption": 0.7955215771543378, "selected": true, "host_energy_consumption": 0.35395411128000004, "client_name": "sta2"}
2025-12-12 02:36:20,357 - METRIC - INFO - mean_accuracy: 0.8862012922763824

2025-12-12 02:36:20,357 - METRIC - INFO - round: 15
2025-12-12 02:36:20,357 - METRIC - INFO - n_selected: 6
2025-12-12 02:36:20,357 - METRIC - INFO - {"selected_trainers": ["sta0", "sta1", "sta2", "sta3", "sta4", "sta5"]}
2025-12-12 02:36:25,853 - EXECUT - INFO - received weights from trainer sta0!
2025-12-12 02:36:30,699 - EXECUT - INFO - received weights from trainer sta1!
2025-12-12 02:36:39,592 - EXECUT - INFO - received weights from trainer sta2!
2025-12-12 02:36:48,831 - EXECUT - INFO - received weights from trainer sta3!
2025-12-12 02:36:57,407 - EXECUT - INFO - received weights from trainer sta4!
2025-12-12 02:37:03,639 - EXECUT - INFO - received weights from trainer sta5!
2025-12-12 02:37:05,245 - EXECUT - INFO - sent aggregated weights to trainers!
2025-12-12 02:37:20,650 - METRIC - INFO - {"loss": 0.4321545660495758, "accuracy": 0.8795518279075623, "energy_consumption": 0.6448057285893691, "selected": true, "host_energy_consumption": 0.27759274844000004, "client_name": "sta1"}
2025-12-12 02:37:27,187 - METRIC - INFO - {"loss": 0.38843247294425964, "accuracy": 0.8938156366348267, "energy_consumption": 0.5361068569645581, "selected": true, "host_energy_consumption": 0.29896585096, "client_name": "sta0"}
2025-12-12 02:37:29,715 - METRIC - INFO - {"loss": 0.4052978754043579, "accuracy": 0.8860877752304077, "energy_consumption": 0.8260395545683166, "selected": true, "host_energy_consumption": 0.37865748564, "client_name": "sta2"}
2025-12-12 02:37:36,386 - METRIC - INFO - {"loss": 0.40507057309150696, "accuracy": 0.8850641846656799, "energy_consumption": 0.705799432882988, "selected": true, "host_energy_consumption": 0.32404340584, "client_name": "sta3"}
2025-12-12 02:37:37,317 - METRIC - INFO - {"loss": 0.44060662388801575, "accuracy": 0.8809106945991516, "energy_consumption": 1.1161186698251329, "selected": true, "host_energy_consumption": 0.5127240958, "client_name": "sta4"}
2025-12-12 02:37:37,723 - METRIC - INFO - {"loss": 0.38888609409332275, "accuracy": 0.9124343395233154, "energy_consumption": 0.4727356858560754, "selected": true, "host_energy_consumption": 0.24383391872000001, "client_name": "sta5"}
2025-12-12 02:37:38,281 - METRIC - INFO - mean_accuracy: 0.889644076426824

2025-12-12 02:37:38,281 - METRIC - INFO - round: 16
2025-12-12 02:37:38,281 - METRIC - INFO - n_selected: 6
2025-12-12 02:37:38,281 - METRIC - INFO - {"selected_trainers": ["sta0", "sta1", "sta2", "sta3", "sta4", "sta5"]}
2025-12-12 02:37:43,756 - EXECUT - INFO - received weights from trainer sta0!
2025-12-12 02:37:49,662 - EXECUT - INFO - received weights from trainer sta1!
2025-12-12 02:37:57,267 - EXECUT - INFO - received weights from trainer sta2!
2025-12-12 02:38:06,307 - EXECUT - INFO - received weights from trainer sta3!
2025-12-12 02:38:18,455 - EXECUT - INFO - received weights from trainer sta4!
2025-12-12 02:38:25,782 - EXECUT - INFO - received weights from trainer sta5!
2025-12-12 02:38:27,391 - EXECUT - INFO - sent aggregated weights to trainers!
2025-12-12 02:38:45,688 - METRIC - INFO - {"loss": 0.36770257353782654, "accuracy": 0.900816798210144, "energy_consumption": 0.5895255141414245, "selected": true, "host_energy_consumption": 0.31905805540000004, "client_name": "sta0"}
2025-12-12 02:38:48,743 - METRIC - INFO - {"loss": 0.4094383716583252, "accuracy": 0.8865545988082886, "energy_consumption": 0.6772373531920346, "selected": true, "host_energy_consumption": 0.29574570536, "client_name": "sta1"}
2025-12-12 02:38:53,386 - METRIC - INFO - {"loss": 0.38266751170158386, "accuracy": 0.8926237225532532, "energy_consumption": 0.8565793010217126, "selected": true, "host_energy_consumption": 0.40354267828, "client_name": "sta2"}
2025-12-12 02:38:55,935 - METRIC - INFO - {"loss": 0.3688587546348572, "accuracy": 0.9124343395233154, "energy_consumption": 0.4727356858560754, "selected": true, "host_energy_consumption": 0.26067798428, "client_name": "sta5"}
2025-12-12 02:38:56,088 - METRIC - INFO - {"loss": 0.4194987416267395, "accuracy": 0.8861646056175232, "energy_consumption": 1.1447317426365324, "selected": true, "host_energy_consumption": 0.53778521048, "client_name": "sta4"}
2025-12-12 02:38:57,140 - METRIC - INFO - {"loss": 0.38507306575775146, "accuracy": 0.8856475949287415, "energy_consumption": 0.7687662562047111, "selected": true, "host_energy_consumption": 0.34482651644, "client_name": "sta3"}
2025-12-12 02:38:57,423 - METRIC - INFO - mean_accuracy: 0.8940402766068777

2025-12-12 02:38:57,423 - METRIC - INFO - round: 17
2025-12-12 02:38:57,423 - METRIC - INFO - n_selected: 6
2025-12-12 02:38:57,423 - METRIC - INFO - {"selected_trainers": ["sta0", "sta1", "sta2", "sta3", "sta4", "sta5"]}
2025-12-12 02:39:02,926 - EXECUT - INFO - received weights from trainer sta0!
2025-12-12 02:39:08,416 - EXECUT - INFO - received weights from trainer sta1!
2025-12-12 02:39:15,386 - EXECUT - INFO - received weights from trainer sta2!
2025-12-12 02:39:24,591 - EXECUT - INFO - received weights from trainer sta3!
2025-12-12 02:39:33,107 - EXECUT - INFO - received weights from trainer sta4!
2025-12-12 02:39:38,536 - EXECUT - INFO - received weights from trainer sta5!
2025-12-12 02:39:40,137 - EXECUT - INFO - sent aggregated weights to trainers!
2025-12-12 02:40:02,736 - METRIC - INFO - {"loss": 0.3893277943134308, "accuracy": 0.8921568393707275, "energy_consumption": 0.7363820116500834, "selected": true, "host_energy_consumption": 0.31395721168, "client_name": "sta1"}
2025-12-12 02:40:05,960 - METRIC - INFO - {"loss": 0.353426456451416, "accuracy": 0.9159369468688965, "energy_consumption": 0.49944896927255233, "selected": true, "host_energy_consumption": 0.27752266528, "client_name": "sta5"}
2025-12-12 02:40:05,986 - METRIC - INFO - {"loss": 0.35122424364089966, "accuracy": 0.8973162174224854, "energy_consumption": 0.6162291075933694, "selected": true, "host_energy_consumption": 0.33947216324, "client_name": "sta0"}
2025-12-12 02:40:10,713 - METRIC - INFO - {"loss": 0.36612510681152344, "accuracy": 0.8920653462409973, "energy_consumption": 0.8050055854336238, "selected": true, "host_energy_consumption": 0.36572048884, "client_name": "sta3"}
2025-12-12 02:40:12,741 - METRIC - INFO - {"loss": 0.40149152278900146, "accuracy": 0.8870402574539185, "energy_consumption": 1.17335933449912, "selected": true, "host_energy_consumption": 0.5633723494, "client_name": "sta4"}
2025-12-12 02:40:12,867 - METRIC - INFO - {"loss": 0.3648892641067505, "accuracy": 0.89682537317276, "energy_consumption": 0.9233421727180497, "selected": true, "host_energy_consumption": 0.42904525692, "client_name": "sta2"}
2025-12-12 02:40:13,171 - METRIC - INFO - mean_accuracy: 0.8968901634216309

2025-12-12 02:40:13,171 - METRIC - INFO - round: 18
2025-12-12 02:40:13,171 - METRIC - INFO - n_selected: 6
2025-12-12 02:40:13,171 - METRIC - INFO - {"selected_trainers": ["sta0", "sta1", "sta2", "sta3", "sta4", "sta5"]}
2025-12-12 02:40:18,397 - EXECUT - INFO - received weights from trainer sta0!
2025-12-12 02:40:24,497 - EXECUT - INFO - received weights from trainer sta1!
2025-12-12 02:40:32,080 - EXECUT - INFO - received weights from trainer sta2!
2025-12-12 02:40:38,591 - EXECUT - INFO - received weights from trainer sta3!
2025-12-12 02:40:47,219 - EXECUT - INFO - received weights from trainer sta4!
2025-12-12 02:40:53,023 - EXECUT - INFO - received weights from trainer sta5!
2025-12-12 02:40:54,632 - EXECUT - INFO - sent aggregated weights to trainers!
2025-12-12 02:41:15,171 - METRIC - INFO - {"loss": 0.33793532848358154, "accuracy": 0.9019836783409119, "energy_consumption": 0.6696463707251431, "selected": true, "host_energy_consumption": 0.35930749092000003, "client_name": "sta0"}
2025-12-12 02:41:17,843 - METRIC - INFO - {"loss": 0.3732694685459137, "accuracy": 0.8998599648475647, "energy_consumption": 0.7955138280439167, "selected": true, "host_energy_consumption": 0.33183826872, "client_name": "sta1"}
2025-12-12 02:41:26,874 - METRIC - INFO - {"loss": 0.35120344161987305, "accuracy": 0.8926487565040588, "energy_consumption": 0.867957799099174, "selected": true, "host_energy_consumption": 0.38710637392, "client_name": "sta3"}
2025-12-12 02:41:28,019 - METRIC - INFO - {"loss": 0.3362627625465393, "accuracy": 0.917688250541687, "energy_consumption": 0.5376012049546752, "selected": true, "host_energy_consumption": 0.29361163552, "client_name": "sta5"}
2025-12-12 02:41:28,520 - METRIC - INFO - {"loss": 0.3511590361595154, "accuracy": 0.900560200214386, "energy_consumption": 0.9806090333591497, "selected": true, "host_energy_consumption": 0.45406135712, "client_name": "sta2"}
2025-12-12 02:41:29,857 - METRIC - INFO - {"loss": 0.3895878493785858, "accuracy": 0.8914185762405396, "energy_consumption": 1.2019718080459811, "selected": true, "host_energy_consumption": 0.58816922192, "client_name": "sta4"}
2025-12-12 02:41:30,670 - METRIC - INFO - mean_accuracy: 0.9006932377815247

2025-12-12 02:41:30,670 - METRIC - INFO - round: 19
2025-12-12 02:41:30,670 - METRIC - INFO - n_selected: 6
2025-12-12 02:41:30,671 - METRIC - INFO - {"selected_trainers": ["sta0", "sta1", "sta2", "sta3", "sta4", "sta5"]}
2025-12-12 02:41:36,377 - EXECUT - INFO - received weights from trainer sta0!
2025-12-12 02:41:42,640 - EXECUT - INFO - received weights from trainer sta1!
2025-12-12 02:41:51,325 - EXECUT - INFO - received weights from trainer sta2!
2025-12-12 02:41:57,603 - EXECUT - INFO - received weights from trainer sta3!
2025-12-12 02:42:05,358 - EXECUT - INFO - received weights from trainer sta4!
2025-12-12 02:42:11,490 - EXECUT - INFO - received weights from trainer sta5!
2025-12-12 02:42:13,097 - EXECUT - INFO - sent aggregated weights to trainers!
2025-12-12 02:42:35,272 - METRIC - INFO - {"loss": 0.32492050528526306, "accuracy": 0.9031504988670349, "energy_consumption": 0.6963519288746197, "selected": true, "host_energy_consumption": 0.37941729756000003, "client_name": "sta0"}
2025-12-12 02:42:35,541 - METRIC - INFO - {"loss": 0.3582688271999359, "accuracy": 0.900560200214386, "energy_consumption": 0.8279435992183268, "selected": true, "host_energy_consumption": 0.35411885656000003, "client_name": "sta1"}
2025-12-12 02:42:42,359 - METRIC - INFO - {"loss": 0.3392941355705261, "accuracy": 0.9033613204956055, "energy_consumption": 1.047376908993867, "selected": true, "host_energy_consumption": 0.47884288284000004, "client_name": "sta2"}
2025-12-12 02:42:43,451 - METRIC - INFO - {"loss": 0.3379596471786499, "accuracy": 0.9002333879470825, "energy_consumption": 0.9309194976758741, "selected": true, "host_energy_consumption": 0.40829989648000004, "client_name": "sta3"}
2025-12-12 02:42:44,622 - METRIC - INFO - {"loss": 0.3797270953655243, "accuracy": 0.8922942280769348, "energy_consumption": 1.2305826634196309, "selected": true, "host_energy_consumption": 0.61293035972, "client_name": "sta4"}
2025-12-12 02:42:45,027 - METRIC - INFO - {"loss": 0.32298749685287476, "accuracy": 0.9211909174919128, "energy_consumption": 0.5757513328787625, "selected": true, "host_energy_consumption": 0.31380878844000004, "client_name": "sta5"}
2025-12-12 02:42:45,131 - METRIC - INFO - mean_accuracy: 0.9034650921821594

2025-12-12 02:42:45,131 - METRIC - INFO - round: 20
2025-12-12 02:42:45,131 - METRIC - INFO - n_selected: 6
2025-12-12 02:42:45,131 - METRIC - INFO - {"selected_trainers": ["sta0", "sta1", "sta2", "sta3", "sta4", "sta5"]}
2025-12-12 02:42:50,410 - EXECUT - INFO - received weights from trainer sta0!
2025-12-12 02:42:56,118 - EXECUT - INFO - received weights from trainer sta1!
2025-12-12 02:43:05,397 - EXECUT - INFO - received weights from trainer sta2!
2025-12-12 02:43:17,065 - EXECUT - INFO - received weights from trainer sta3!
2025-12-12 02:43:25,888 - EXECUT - INFO - received weights from trainer sta4!
2025-12-12 02:43:32,500 - EXECUT - INFO - received weights from trainer sta5!
2025-12-12 02:43:34,110 - EXECUT - INFO - sent aggregated weights to trainers!
2025-12-12 02:43:58,838 - METRIC - INFO - {"loss": 0.34713810682296753, "accuracy": 0.9040616154670715, "energy_consumption": 0.8603816917451548, "selected": true, "host_energy_consumption": 0.37217865664, "client_name": "sta1"}
2025-12-12 02:44:00,365 - METRIC - INFO - {"loss": 0.31470268964767456, "accuracy": 0.9043173789978027, "energy_consumption": 0.7230551328840916, "selected": true, "host_energy_consumption": 0.39914564312, "client_name": "sta0"}
2025-12-12 02:44:07,655 - METRIC - INFO - {"loss": 0.31221044063568115, "accuracy": 0.9264448285102844, "energy_consumption": 0.6138992401859789, "selected": true, "host_energy_consumption": 0.33002032644, "client_name": "sta5"}
2025-12-12 02:44:08,954 - METRIC - INFO - {"loss": 0.3293856680393219, "accuracy": 0.9066293239593506, "energy_consumption": 1.077896011817112, "selected": true, "host_energy_consumption": 0.5037674334000001, "client_name": "sta2"}
2025-12-12 02:44:09,449 - METRIC - INFO - {"loss": 0.3271123766899109, "accuracy": 0.9025670886039734, "energy_consumption": 0.9671592354219891, "selected": true, "host_energy_consumption": 0.42966245420000004, "client_name": "sta3"}
2025-12-12 02:44:11,070 - METRIC - INFO - {"loss": 0.3643551468849182, "accuracy": 0.8966724872589111, "energy_consumption": 1.259195117891759, "selected": true, "host_energy_consumption": 0.6372614668000001, "client_name": "sta4"}
2025-12-12 02:44:11,148 - METRIC - INFO - mean_accuracy: 0.9067821204662323

2025-12-12 02:44:11,148 - METRIC - INFO - round: 21
2025-12-12 02:44:11,148 - METRIC - INFO - n_selected: 6
2025-12-12 02:44:11,148 - METRIC - INFO - {"selected_trainers": ["sta0", "sta1", "sta2", "sta3", "sta4", "sta5"]}
2025-12-12 02:44:17,983 - EXECUT - INFO - received weights from trainer sta0!
2025-12-12 02:44:23,636 - EXECUT - INFO - received weights from trainer sta1!
2025-12-12 02:44:29,832 - EXECUT - INFO - received weights from trainer sta2!
2025-12-12 02:44:36,645 - EXECUT - INFO - received weights from trainer sta3!
2025-12-12 02:44:43,329 - EXECUT - INFO - received weights from trainer sta4!
2025-12-12 02:44:48,936 - EXECUT - INFO - received weights from trainer sta5!
2025-12-12 02:44:50,534 - EXECUT - INFO - sent aggregated weights to trainers!
2025-12-12 02:45:14,430 - METRIC - INFO - {"loss": 0.33764731884002686, "accuracy": 0.9075630307197571, "energy_consumption": 0.8603816917451548, "selected": true, "host_energy_consumption": 0.3902923066, "client_name": "sta1"}
2025-12-12 02:45:14,813 - METRIC - INFO - {"loss": 0.30492979288101196, "accuracy": 0.9066510796546936, "energy_consumption": 0.7764755862650147, "selected": true, "host_energy_consumption": 0.41983426436000004, "client_name": "sta0"}
2025-12-12 02:45:21,383 - METRIC - INFO - {"loss": 0.3167951703071594, "accuracy": 0.9037339687347412, "energy_consumption": 1.0034013145916214, "selected": true, "host_energy_consumption": 0.45090683596000003, "client_name": "sta3"}
2025-12-12 02:45:22,093 - METRIC - INFO - {"loss": 0.3173202574253082, "accuracy": 0.9080298542976379, "energy_consumption": 1.1084317096583567, "selected": true, "host_energy_consumption": 0.5289146637600001, "client_name": "sta2"}
2025-12-12 02:45:22,804 - METRIC - INFO - {"loss": 0.300291508436203, "accuracy": 0.9264448285102844, "energy_consumption": 0.652048652807568, "selected": true, "host_energy_consumption": 0.34621624436000004, "client_name": "sta5"}
2025-12-12 02:45:23,869 - METRIC - INFO - {"loss": 0.3529624342918396, "accuracy": 0.900175154209137, "energy_consumption": 1.3259563014741986, "selected": true, "host_energy_consumption": 0.66189058572, "client_name": "sta4"}
2025-12-12 02:45:24,570 - METRIC - INFO - mean_accuracy: 0.9087663193543752

2025-12-12 02:45:24,570 - METRIC - INFO - round: 22
2025-12-12 02:45:24,570 - METRIC - INFO - n_selected: 6
2025-12-12 02:45:24,570 - METRIC - INFO - {"selected_trainers": ["sta0", "sta1", "sta2", "sta3", "sta4", "sta5"]}
2025-12-12 02:45:30,302 - EXECUT - INFO - received weights from trainer sta0!
2025-12-12 02:45:36,459 - EXECUT - INFO - received weights from trainer sta1!
2025-12-12 02:45:44,340 - EXECUT - INFO - received weights from trainer sta2!
2025-12-12 02:45:51,670 - EXECUT - INFO - received weights from trainer sta3!
2025-12-12 02:46:00,921 - EXECUT - INFO - received weights from trainer sta4!
2025-12-12 02:46:06,896 - EXECUT - INFO - received weights from trainer sta5!
2025-12-12 02:46:08,513 - EXECUT - INFO - sent aggregated weights to trainers!
2025-12-12 02:46:28,992 - METRIC - INFO - {"loss": 0.3263368010520935, "accuracy": 0.91246497631073, "energy_consumption": 0.9195191717452262, "selected": true, "host_energy_consumption": 0.40880124376000004, "client_name": "sta1"}
2025-12-12 02:46:29,667 - METRIC - INFO - {"loss": 0.2954048216342926, "accuracy": 0.9124854207038879, "energy_consumption": 0.8031902589579046, "selected": true, "host_energy_consumption": 0.44002331660000005, "client_name": "sta0"}
2025-12-12 02:46:36,261 - METRIC - INFO - {"loss": 0.292032927274704, "accuracy": 0.9264448285102844, "energy_consumption": 0.6902002939938356, "selected": true, "host_energy_consumption": 0.36244090708000004, "client_name": "sta5"}
2025-12-12 02:46:40,541 - METRIC - INFO - {"loss": 0.30727478861808777, "accuracy": 0.9060676693916321, "energy_consumption": 1.0663508323615263, "selected": true, "host_energy_consumption": 0.47181600088000003, "client_name": "sta3"}
2025-12-12 02:46:41,920 - METRIC - INFO - {"loss": 0.31092068552970886, "accuracy": 0.9103641510009766, "energy_consumption": 1.1389544764199633, "selected": true, "host_energy_consumption": 0.55411289052, "client_name": "sta2"}
2025-12-12 02:46:42,052 - METRIC - INFO - {"loss": 0.3442193865776062, "accuracy": 0.9010508060455322, "energy_consumption": 1.3545778180342212, "selected": true, "host_energy_consumption": 0.68714187612, "client_name": "sta4"}
2025-12-12 02:46:42,548 - METRIC - INFO - mean_accuracy: 0.9114796419938406

2025-12-12 02:46:42,548 - METRIC - INFO - round: 23
2025-12-12 02:46:42,548 - METRIC - INFO - n_selected: 6
2025-12-12 02:46:42,548 - METRIC - INFO - {"selected_trainers": ["sta0", "sta1", "sta2", "sta3", "sta4", "sta5"]}
2025-12-12 02:46:48,683 - EXECUT - INFO - received weights from trainer sta0!
2025-12-12 02:46:54,189 - EXECUT - INFO - received weights from trainer sta1!
2025-12-12 02:47:43,342 - EXECUT - INFO - received weights from trainer sta2!
2025-12-12 02:47:50,275 - EXECUT - INFO - received weights from trainer sta3!
2025-12-12 02:47:58,852 - EXECUT - INFO - received weights from trainer sta4!
2025-12-12 02:48:07,391 - EXECUT - INFO - received weights from trainer sta5!
2025-12-12 02:48:08,998 - EXECUT - INFO - sent aggregated weights to trainers!
2025-12-12 02:48:24,410 - METRIC - INFO - {"loss": 0.31854671239852905, "accuracy": 0.91246497631073, "energy_consumption": 0.9519454236313374, "selected": true, "host_energy_consumption": 0.42635475848000004, "client_name": "sta1"}
2025-12-12 02:48:29,513 - METRIC - INFO - {"loss": 0.2882035970687866, "accuracy": 0.9159860014915466, "energy_consumption": 0.8566053714134937, "selected": true, "host_energy_consumption": 0.45987187176000005, "client_name": "sta0"}
2025-12-12 02:48:36,146 - METRIC - INFO - {"loss": 0.2850266695022583, "accuracy": 0.9299474358558655, "energy_consumption": 0.7283465274932006, "selected": true, "host_energy_consumption": 0.37860984000000003, "client_name": "sta5"}
2025-12-12 02:48:42,728 - METRIC - INFO - {"loss": 0.33387020230293274, "accuracy": 0.9019264578819275, "energy_consumption": 1.421330680264243, "selected": true, "host_energy_consumption": 0.71200239068, "client_name": "sta4"}
2025-12-12 02:48:43,292 - METRIC - INFO - {"loss": 0.3002019226551056, "accuracy": 0.9108309745788574, "energy_consumption": 1.2324379403347676, "selected": true, "host_energy_consumption": 0.58026520608, "client_name": "sta2"}
2025-12-12 02:48:43,463 - METRIC - INFO - {"loss": 0.2968941032886505, "accuracy": 0.9095682501792908, "energy_consumption": 1.1293158006654318, "selected": true, "host_energy_consumption": 0.49520807504000003, "client_name": "sta3"}
2025-12-12 02:48:44,034 - METRIC - INFO - mean_accuracy: 0.913454016049703

2025-12-12 02:48:44,035 - METRIC - INFO - round: 24
2025-12-12 02:48:44,035 - METRIC - INFO - n_selected: 6
2025-12-12 02:48:44,035 - METRIC - INFO - {"selected_trainers": ["sta0", "sta1", "sta2", "sta3", "sta4", "sta5"]}
2025-12-12 02:48:50,342 - EXECUT - INFO - received weights from trainer sta0!
2025-12-12 02:48:56,386 - EXECUT - INFO - received weights from trainer sta1!
2025-12-12 02:49:05,464 - EXECUT - INFO - received weights from trainer sta2!
2025-12-12 02:49:11,511 - EXECUT - INFO - received weights from trainer sta3!
2025-12-12 02:49:21,606 - EXECUT - INFO - received weights from trainer sta4!
2025-12-12 02:49:27,910 - EXECUT - INFO - received weights from trainer sta5!
2025-12-12 02:49:29,520 - EXECUT - INFO - sent aggregated weights to trainers!
2025-12-12 02:49:52,969 - METRIC - INFO - {"loss": 0.2783862054347992, "accuracy": 0.9206534624099731, "energy_consumption": 0.8833291205003276, "selected": true, "host_energy_consumption": 0.48005376356, "client_name": "sta0"}
2025-12-12 02:49:54,596 - METRIC - INFO - {"loss": 0.3099845051765442, "accuracy": 0.918767511844635, "energy_consumption": 1.011078284366822, "selected": true, "host_energy_consumption": 0.44425288908000005, "client_name": "sta1"}
2025-12-12 02:49:57,573 - METRIC - INFO - {"loss": 0.29305174946784973, "accuracy": 0.9122315645217896, "energy_consumption": 1.2629558048899077, "selected": true, "host_energy_consumption": 0.6053233816, "client_name": "sta2"}
2025-12-12 02:49:58,198 - METRIC - INFO - {"loss": 0.2756415903568268, "accuracy": 0.928196132183075, "energy_consumption": 0.766493628892934, "selected": true, "host_energy_consumption": 0.39515823508000003, "client_name": "sta5"}
2025-12-12 02:49:58,635 - METRIC - INFO - {"loss": 0.28908225893974304, "accuracy": 0.9142357110977173, "energy_consumption": 1.1655556274269694, "selected": true, "host_energy_consumption": 0.51648841384, "client_name": "sta3"}
2025-12-12 02:50:01,242 - METRIC - INFO - {"loss": 0.32523494958877563, "accuracy": 0.9054290652275085, "energy_consumption": 1.4499402067648028, "selected": true, "host_energy_consumption": 0.73670897804, "client_name": "sta4"}
2025-12-12 02:50:01,552 - METRIC - INFO - mean_accuracy: 0.9165855745474497

2025-12-12 02:50:01,552 - METRIC - INFO - round: 25
2025-12-12 02:50:01,552 - METRIC - INFO - n_selected: 6
2025-12-12 02:50:01,552 - METRIC - INFO - {"selected_trainers": ["sta0", "sta1", "sta2", "sta3", "sta4", "sta5"]}
2025-12-12 02:50:07,040 - EXECUT - INFO - received weights from trainer sta0!
2025-12-12 02:50:14,255 - EXECUT - INFO - received weights from trainer sta1!
2025-12-12 02:50:21,746 - EXECUT - INFO - received weights from trainer sta2!
2025-12-12 02:50:27,577 - EXECUT - INFO - received weights from trainer sta3!
2025-12-12 02:50:35,600 - EXECUT - INFO - received weights from trainer sta4!
2025-12-12 02:50:42,084 - EXECUT - INFO - received weights from trainer sta5!
2025-12-12 02:50:43,694 - EXECUT - INFO - sent aggregated weights to trainers!
2025-12-12 02:51:04,964 - METRIC - INFO - {"loss": 0.30247703194618225, "accuracy": 0.9201680421829224, "energy_consumption": 1.0702333163006807, "selected": true, "host_energy_consumption": 0.46258428020000003, "client_name": "sta1"}
2025-12-12 02:51:10,403 - METRIC - INFO - {"loss": 0.2719995081424713, "accuracy": 0.9241540431976318, "energy_consumption": 0.9100323833235605, "selected": true, "host_energy_consumption": 0.5002174889600001, "client_name": "sta0"}
2025-12-12 02:51:12,128 - METRIC - INFO - {"loss": 0.28172722458839417, "accuracy": 0.9159860014915466, "energy_consumption": 1.2285283082813843, "selected": true, "host_energy_consumption": 0.5377697435600001, "client_name": "sta3"}
2025-12-12 02:51:12,394 - METRIC - INFO - {"loss": 0.2697582542896271, "accuracy": 0.9316987991333008, "energy_consumption": 0.831378140067691, "selected": true, "host_energy_consumption": 0.41215763008, "client_name": "sta5"}
2025-12-12 02:51:12,943 - METRIC - INFO - {"loss": 0.28521180152893066, "accuracy": 0.9126983880996704, "energy_consumption": 1.293473222778376, "selected": true, "host_energy_consumption": 0.6304208638000001, "client_name": "sta2"}
2025-12-12 02:51:13,637 - METRIC - INFO - {"loss": 0.32033976912498474, "accuracy": 0.9089316725730896, "energy_consumption": 1.5167159666226326, "selected": true, "host_energy_consumption": 0.7614542737200001, "client_name": "sta4"}
2025-12-12 02:51:13,726 - METRIC - INFO - mean_accuracy: 0.918939491113027

2025-12-12 02:51:13,726 - METRIC - INFO - round: 26
2025-12-12 02:51:13,726 - METRIC - INFO - n_selected: 6
2025-12-12 02:51:13,726 - METRIC - INFO - {"selected_trainers": ["sta0", "sta1", "sta2", "sta3", "sta4", "sta5"]}
2025-12-12 02:51:19,879 - EXECUT - INFO - received weights from trainer sta0!
2025-12-12 02:51:25,710 - EXECUT - INFO - received weights from trainer sta1!
2025-12-12 02:51:34,564 - EXECUT - INFO - received weights from trainer sta2!
2025-12-12 02:51:42,578 - EXECUT - INFO - received weights from trainer sta3!
2025-12-12 02:51:49,775 - EXECUT - INFO - received weights from trainer sta4!
2025-12-12 02:51:57,618 - EXECUT - INFO - received weights from trainer sta5!
2025-12-12 02:51:59,229 - EXECUT - INFO - sent aggregated weights to trainers!
2025-12-12 02:52:21,677 - METRIC - INFO - {"loss": 0.29604828357696533, "accuracy": 0.918767511844635, "energy_consumption": 1.1293931264552421, "selected": true, "host_energy_consumption": 0.48057840376000005, "client_name": "sta1"}
2025-12-12 02:52:23,473 - METRIC - INFO - {"loss": 0.26539066433906555, "accuracy": 0.922987163066864, "energy_consumption": 0.9367497582703378, "selected": true, "host_energy_consumption": 0.51996471912, "client_name": "sta0"}
2025-12-12 02:52:26,841 - METRIC - INFO - {"loss": 0.26371505856513977, "accuracy": 0.9334501028060913, "energy_consumption": 0.831378140067691, "selected": true, "host_energy_consumption": 0.42823251828000003, "client_name": "sta5"}
2025-12-12 02:52:34,441 - METRIC - INFO - {"loss": 0.27482810616493225, "accuracy": 0.9165694117546082, "energy_consumption": 1.2647874529791077, "selected": true, "host_energy_consumption": 0.5587047312000001, "client_name": "sta3"}
2025-12-12 02:52:36,431 - METRIC - INFO - {"loss": 0.31111299991607666, "accuracy": 0.9124343395233154, "energy_consumption": 1.5453356679038657, "selected": true, "host_energy_consumption": 0.7858586618400001, "client_name": "sta4"}
2025-12-12 02:52:36,875 - METRIC - INFO - {"loss": 0.2784985601902008, "accuracy": 0.9145658016204834, "energy_consumption": 1.3602572292792472, "selected": true, "host_energy_consumption": 0.65530065608, "client_name": "sta2"}
2025-12-12 02:52:37,269 - METRIC - INFO - mean_accuracy: 0.9197957217693329

2025-12-12 02:52:37,269 - METRIC - INFO - round: 27
2025-12-12 02:52:37,269 - METRIC - INFO - n_selected: 6
2025-12-12 02:52:37,269 - METRIC - INFO - {"selected_trainers": ["sta0", "sta1", "sta2", "sta3", "sta4", "sta5"]}
2025-12-12 02:52:42,950 - EXECUT - INFO - received weights from trainer sta0!
2025-12-12 02:52:49,279 - EXECUT - INFO - received weights from trainer sta1!
2025-12-12 02:52:57,522 - EXECUT - INFO - received weights from trainer sta2!
2025-12-12 02:53:03,651 - EXECUT - INFO - received weights from trainer sta3!
2025-12-12 02:53:12,498 - EXECUT - INFO - received weights from trainer sta4!
2025-12-12 02:53:18,939 - EXECUT - INFO - received weights from trainer sta5!
2025-12-12 02:53:20,555 - EXECUT - INFO - sent aggregated weights to trainers!
2025-12-12 02:53:42,835 - METRIC - INFO - {"loss": 0.28872421383857727, "accuracy": 0.9215686321258545, "energy_consumption": 1.1560991582939275, "selected": true, "host_energy_consumption": 0.49879086684, "client_name": "sta1"}
2025-12-12 02:53:43,991 - METRIC - INFO - {"loss": 0.2582543194293976, "accuracy": 0.9264877438545227, "energy_consumption": 0.9901690226595504, "selected": true, "host_energy_consumption": 0.53970184884, "client_name": "sta0"}
2025-12-12 02:53:49,279 - METRIC - INFO - {"loss": 0.2677916884422302, "accuracy": 0.9165694117546082, "energy_consumption": 1.3010261495626958, "selected": true, "host_energy_consumption": 0.5800292128400001, "client_name": "sta3"}
2025-12-12 02:53:49,858 - METRIC - INFO - {"loss": 0.27297747135162354, "accuracy": 0.9183006286621094, "energy_consumption": 1.4174930362544826, "selected": true, "host_energy_consumption": 0.68055280104, "client_name": "sta2"}
2025-12-12 02:53:53,921 - METRIC - INFO - {"loss": 0.3026423454284668, "accuracy": 0.9124343395233154, "energy_consumption": 1.6121035276429745, "selected": true, "host_energy_consumption": 0.8104779202800001, "client_name": "sta4"}
2025-12-12 02:53:54,078 - METRIC - INFO - {"loss": 0.25764936208724976, "accuracy": 0.9316987991333008, "energy_consumption": 0.8695275860700626, "selected": true, "host_energy_consumption": 0.44470578628, "client_name": "sta5"}
2025-12-12 02:53:54,590 - METRIC - INFO - mean_accuracy: 0.9211765925089518

2025-12-12 02:53:54,590 - METRIC - INFO - round: 28
2025-12-12 02:53:54,590 - METRIC - INFO - n_selected: 6
2025-12-12 02:53:54,590 - METRIC - INFO - {"selected_trainers": ["sta0", "sta1", "sta2", "sta3", "sta4", "sta5"]}
2025-12-12 02:54:00,541 - EXECUT - INFO - received weights from trainer sta0!
2025-12-12 02:54:04,910 - EXECUT - INFO - received weights from trainer sta1!
2025-12-12 02:54:14,196 - EXECUT - INFO - received weights from trainer sta2!
2025-12-12 02:54:20,697 - EXECUT - INFO - received weights from trainer sta3!
2025-12-12 02:54:32,060 - EXECUT - INFO - received weights from trainer sta4!
2025-12-12 02:54:37,677 - EXECUT - INFO - received weights from trainer sta5!
2025-12-12 02:54:39,315 - EXECUT - INFO - sent aggregated weights to trainers!
2025-12-12 02:54:56,357 - METRIC - INFO - {"loss": 0.2509627342224121, "accuracy": 0.9288214445114136, "energy_consumption": 1.0168873370369482, "selected": true, "host_energy_consumption": 0.55965579684, "client_name": "sta0"}
2025-12-12 02:54:58,118 - METRIC - INFO - {"loss": 0.2825147211551666, "accuracy": 0.9229691624641418, "energy_consumption": 1.1885240844860698, "selected": true, "host_energy_consumption": 0.51651808208, "client_name": "sta1"}
2025-12-12 02:55:03,566 - METRIC - INFO - {"loss": 0.2489708662033081, "accuracy": 0.9352014064788818, "energy_consumption": 0.907676682368993, "selected": true, "host_energy_consumption": 0.46095835688000003, "client_name": "sta5"}
2025-12-12 02:55:08,397 - METRIC - INFO - {"loss": 0.2955704927444458, "accuracy": 0.9150612950325012, "energy_consumption": 1.640713667714126, "selected": true, "host_energy_consumption": 0.83513154592, "client_name": "sta4"}
2025-12-12 02:55:09,353 - METRIC - INFO - {"loss": 0.2618005573749542, "accuracy": 0.9194865822792053, "energy_consumption": 1.3372732581036866, "selected": true, "host_energy_consumption": 0.60131387512, "client_name": "sta3"}
2025-12-12 02:55:10,936 - METRIC - INFO - {"loss": 0.26458805799484253, "accuracy": 0.916900098323822, "energy_consumption": 1.4480250018062348, "selected": true, "host_energy_consumption": 0.7054977734000001, "client_name": "sta2"}
2025-12-12 02:55:11,349 - METRIC - INFO - mean_accuracy: 0.9230733315149943

2025-12-12 02:55:11,349 - METRIC - INFO - round: 29
2025-12-12 02:55:11,349 - METRIC - INFO - n_selected: 6
2025-12-12 02:55:11,349 - METRIC - INFO - {"selected_trainers": ["sta0", "sta1", "sta2", "sta3", "sta4", "sta5"]}
2025-12-12 02:55:16,674 - EXECUT - INFO - received weights from trainer sta0!
2025-12-12 02:55:23,264 - EXECUT - INFO - received weights from trainer sta1!
2025-12-12 02:55:31,096 - EXECUT - INFO - received weights from trainer sta2!
2025-12-12 02:55:39,538 - EXECUT - INFO - received weights from trainer sta3!
2025-12-12 02:55:46,012 - EXECUT - INFO - received weights from trainer sta4!
2025-12-12 02:55:51,981 - EXECUT - INFO - received weights from trainer sta5!
2025-12-12 02:55:53,585 - EXECUT - INFO - sent aggregated weights to trainers!
2025-12-12 02:56:12,435 - METRIC - INFO - {"loss": 0.2484351396560669, "accuracy": 0.9323220252990723, "energy_consumption": 1.0435906221140385, "selected": true, "host_energy_consumption": 0.5798125494, "client_name": "sta0"}
2025-12-12 02:56:14,270 - METRIC - INFO - {"loss": 0.2766870856285095, "accuracy": 0.9257702827453613, "energy_consumption": 1.2209454564195719, "selected": true, "host_energy_consumption": 0.53460432004, "client_name": "sta1"}
2025-12-12 02:56:22,908 - METRIC - INFO - {"loss": 0.25818583369255066, "accuracy": 0.9215686321258545, "energy_consumption": 1.5414912539533303, "selected": true, "host_energy_consumption": 0.7304103097200001, "client_name": "sta2"}
2025-12-12 02:56:26,215 - METRIC - INFO - {"loss": 0.2543862462043762, "accuracy": 0.9212368726730347, "energy_consumption": 1.3735218465260681, "selected": true, "host_energy_consumption": 0.62211199064, "client_name": "sta3"}
2025-12-12 02:56:27,556 - METRIC - INFO - {"loss": 0.24462367594242096, "accuracy": 0.9352014064788818, "energy_consumption": 0.9344011833182286, "selected": true, "host_energy_consumption": 0.47734610812, "client_name": "sta5"}
2025-12-12 02:56:27,920 - METRIC - INFO - {"loss": 0.2887352406978607, "accuracy": 0.9168125987052917, "energy_consumption": 1.669328620976318, "selected": true, "host_energy_consumption": 0.8600863966800001, "client_name": "sta4"}
2025-12-12 02:56:28,622 - METRIC - INFO - mean_accuracy: 0.9254853030045828

2025-12-12 02:56:28,622 - METRIC - INFO - round: 30
2025-12-12 02:56:28,622 - METRIC - INFO - n_selected: 6
2025-12-12 02:56:28,622 - METRIC - INFO - {"selected_trainers": ["sta0", "sta1", "sta2", "sta3", "sta4", "sta5"]}
2025-12-12 02:56:35,067 - EXECUT - INFO - received weights from trainer sta0!
2025-12-12 02:56:40,339 - EXECUT - INFO - received weights from trainer sta1!
2025-12-12 02:56:46,979 - EXECUT - INFO - received weights from trainer sta2!
2025-12-12 02:56:54,519 - EXECUT - INFO - received weights from trainer sta3!
2025-12-12 02:57:00,880 - EXECUT - INFO - received weights from trainer sta4!
2025-12-12 02:57:06,964 - EXECUT - INFO - received weights from trainer sta5!
2025-12-12 02:57:08,571 - EXECUT - INFO - sent aggregated weights to trainers!
2025-12-12 02:57:25,407 - METRIC - INFO - {"loss": 0.27123376727104187, "accuracy": 0.92507004737854, "energy_consumption": 1.253369942303288, "selected": true, "host_energy_consumption": 0.5528646004000001, "client_name": "sta1"}
2025-12-12 02:57:26,784 - METRIC - INFO - {"loss": 0.2397754192352295, "accuracy": 0.9369894862174988, "energy_consumption": 1.0970077199314545, "selected": true, "host_energy_consumption": 0.60032685496, "client_name": "sta0"}
2025-12-12 02:57:36,325 - METRIC - INFO - {"loss": 0.24810516834259033, "accuracy": 0.9235705733299255, "energy_consumption": 1.4364667116505965, "selected": true, "host_energy_consumption": 0.6432222347600001, "client_name": "sta3"}
2025-12-12 02:57:39,802 - METRIC - INFO - {"loss": 0.2824539840221405, "accuracy": 0.917688250541687, "energy_consumption": 1.6979497512729886, "selected": true, "host_energy_consumption": 0.8859705223600001, "client_name": "sta4"}
2025-12-12 02:57:39,835 - METRIC - INFO - {"loss": 0.25302210450172424, "accuracy": 0.9215686321258545, "energy_consumption": 1.5720099180577078, "selected": true, "host_energy_consumption": 0.7562343992, "client_name": "sta2"}
2025-12-12 02:57:41,377 - METRIC - INFO - {"loss": 0.23666419088840485, "accuracy": 0.9369527101516724, "energy_consumption": 0.9725506690596284, "selected": true, "host_energy_consumption": 0.49331139956000003, "client_name": "sta5"}
2025-12-12 02:57:41,607 - METRIC - INFO - mean_accuracy: 0.926973283290863

2025-12-12 02:57:41,607 - METRIC - INFO - round: 31
2025-12-12 02:57:41,607 - METRIC - INFO - n_selected: 6
2025-12-12 02:57:41,607 - METRIC - INFO - {"selected_trainers": ["sta0", "sta1", "sta2", "sta3", "sta4", "sta5"]}
2025-12-12 02:57:47,084 - EXECUT - INFO - received weights from trainer sta0!
2025-12-12 02:57:52,790 - EXECUT - INFO - received weights from trainer sta1!
2025-12-12 02:58:02,894 - EXECUT - INFO - received weights from trainer sta2!
2025-12-12 02:58:10,213 - EXECUT - INFO - received weights from trainer sta3!
2025-12-12 02:58:18,404 - EXECUT - INFO - received weights from trainer sta4!
2025-12-12 02:58:24,516 - EXECUT - INFO - received weights from trainer sta5!
2025-12-12 02:58:26,124 - EXECUT - INFO - sent aggregated weights to trainers!
2025-12-12 02:58:43,787 - METRIC - INFO - {"loss": 0.2647117078304291, "accuracy": 0.9271708726882935, "energy_consumption": 1.3125079786497489, "selected": true, "host_energy_consumption": 0.57071050428, "client_name": "sta1"}
2025-12-12 02:58:52,489 - METRIC - INFO - {"loss": 0.23634295165538788, "accuracy": 0.9334889054298401, "energy_consumption": 1.1237115549966887, "selected": true, "host_energy_consumption": 0.62005516608, "client_name": "sta0"}
2025-12-12 02:58:55,347 - METRIC - INFO - {"loss": 0.24781253933906555, "accuracy": 0.9253034591674805, "energy_consumption": 1.6025362740483031, "selected": true, "host_energy_consumption": 0.78082588612, "client_name": "sta2"}
2025-12-12 02:58:58,089 - METRIC - INFO - {"loss": 0.24453167617321014, "accuracy": 0.9218202829360962, "energy_consumption": 1.4727060488273134, "selected": true, "host_energy_consumption": 0.66413878244, "client_name": "sta3"}
2025-12-12 02:59:01,003 - METRIC - INFO - {"loss": 0.2326258271932602, "accuracy": 0.9369527101516724, "energy_consumption": 0.9725506690596284, "selected": true, "host_energy_consumption": 0.5093414438, "client_name": "sta5"}
2025-12-12 02:59:01,578 - METRIC - INFO - {"loss": 0.27580726146698, "accuracy": 0.9194395542144775, "energy_consumption": 1.7914178934082465, "selected": true, "host_energy_consumption": 0.9104967779600001, "client_name": "sta4"}
2025-12-12 02:59:02,162 - METRIC - INFO - mean_accuracy: 0.9273626307646433

2025-12-12 02:59:02,162 - METRIC - INFO - round: 32
2025-12-12 02:59:02,162 - METRIC - INFO - n_selected: 6
2025-12-12 02:59:02,162 - METRIC - INFO - {"selected_trainers": ["sta0", "sta1", "sta2", "sta3", "sta4", "sta5"]}
2025-12-12 02:59:07,832 - EXECUT - INFO - received weights from trainer sta0!
2025-12-12 02:59:12,706 - EXECUT - INFO - received weights from trainer sta1!
2025-12-12 02:59:21,525 - EXECUT - INFO - received weights from trainer sta2!
2025-12-12 02:59:27,230 - EXECUT - INFO - received weights from trainer sta3!
2025-12-12 02:59:32,801 - EXECUT - INFO - received weights from trainer sta4!
2025-12-12 02:59:38,243 - EXECUT - INFO - received weights from trainer sta5!
2025-12-12 02:59:39,851 - EXECUT - INFO - sent aggregated weights to trainers!
2025-12-12 03:00:03,449 - METRIC - INFO - {"loss": 0.25947296619415283, "accuracy": 0.9292716979980469, "energy_consumption": 1.3716485805478422, "selected": true, "host_energy_consumption": 0.588664433, "client_name": "sta1"}
2025-12-12 03:00:04,158 - METRIC - INFO - {"loss": 0.22746819257736206, "accuracy": 0.9393232464790344, "energy_consumption": 1.1504149958507668, "selected": true, "host_energy_consumption": 0.63965062112, "client_name": "sta0"}
2025-12-12 03:00:09,113 - METRIC - INFO - {"loss": 0.22706815600395203, "accuracy": 0.9404553174972534, "energy_consumption": 1.0107067117406097, "selected": true, "host_energy_consumption": 0.5253576627600001, "client_name": "sta5"}
2025-12-12 03:00:10,669 - METRIC - INFO - {"loss": 0.23630842566490173, "accuracy": 0.9253208637237549, "energy_consumption": 1.5356746111288908, "selected": true, "host_energy_consumption": 0.68538846208, "client_name": "sta3"}
2025-12-12 03:00:11,492 - METRIC - INFO - {"loss": 0.2424393892288208, "accuracy": 0.9253034591674805, "energy_consumption": 1.6692983922926727, "selected": true, "host_energy_consumption": 0.80554301772, "client_name": "sta2"}
2025-12-12 03:00:12,065 - METRIC - INFO - {"loss": 0.2711067497730255, "accuracy": 0.9194395542144775, "energy_consumption": 1.8581712118423064, "selected": true, "host_energy_consumption": 0.93499943208, "client_name": "sta4"}
2025-12-12 03:00:12,886 - METRIC - INFO - mean_accuracy: 0.9298523565133413

2025-12-12 03:00:12,886 - METRIC - INFO - round: 33
2025-12-12 03:00:12,886 - METRIC - INFO - n_selected: 6
2025-12-12 03:00:12,886 - METRIC - INFO - {"selected_trainers": ["sta0", "sta1", "sta2", "sta3", "sta4", "sta5"]}
2025-12-12 03:00:18,639 - EXECUT - INFO - received weights from trainer sta0!
2025-12-12 03:00:25,226 - EXECUT - INFO - received weights from trainer sta1!
2025-12-12 03:00:32,227 - EXECUT - INFO - received weights from trainer sta2!
2025-12-12 03:00:41,611 - EXECUT - INFO - received weights from trainer sta3!
2025-12-12 03:00:50,392 - EXECUT - INFO - received weights from trainer sta4!
2025-12-12 03:00:57,367 - EXECUT - INFO - received weights from trainer sta5!
2025-12-12 03:00:58,974 - EXECUT - INFO - sent aggregated weights to trainers!
2025-12-12 03:01:20,399 - METRIC - INFO - {"loss": 0.2534462511539459, "accuracy": 0.9320728182792664, "energy_consumption": 1.4307743693259392, "selected": true, "host_energy_consumption": 0.60679700144, "client_name": "sta1"}
2025-12-12 03:01:22,862 - METRIC - INFO - {"loss": 0.22153659164905548, "accuracy": 0.9358226656913757, "energy_consumption": 1.177131386859216, "selected": true, "host_energy_consumption": 0.6597291708, "client_name": "sta0"}
2025-12-12 03:01:27,983 - METRIC - INFO - {"loss": 0.23139417171478271, "accuracy": 0.928238034248352, "energy_consumption": 1.5719196898003398, "selected": true, "host_energy_consumption": 0.7063856231600001, "client_name": "sta3"}
2025-12-12 03:01:30,430 - METRIC - INFO - {"loss": 0.22140853106975555, "accuracy": 0.9387040138244629, "energy_consumption": 1.0107067117406097, "selected": true, "host_energy_consumption": 0.5411332572800001, "client_name": "sta5"}
2025-12-12 03:01:32,533 - METRIC - INFO - {"loss": 0.2670532166957855, "accuracy": 0.9229422211647034, "energy_consumption": 1.886789379197071, "selected": true, "host_energy_consumption": 0.9594927896400001, "client_name": "sta4"}
2025-12-12 03:01:35,029 - METRIC - INFO - {"loss": 0.23837150633335114, "accuracy": 0.9248365759849548, "energy_consumption": 1.6998197046058634, "selected": true, "host_energy_consumption": 0.82979207668, "client_name": "sta2"}
2025-12-12 03:01:36,011 - METRIC - INFO - mean_accuracy: 0.9304360548655192

2025-12-12 03:01:36,011 - METRIC - INFO - round: 34
2025-12-12 03:01:36,011 - METRIC - INFO - n_selected: 6
2025-12-12 03:01:36,011 - METRIC - INFO - {"selected_trainers": ["sta0", "sta1", "sta2", "sta3", "sta4", "sta5"]}
2025-12-12 03:01:42,534 - EXECUT - INFO - received weights from trainer sta0!
2025-12-12 03:01:48,230 - EXECUT - INFO - received weights from trainer sta1!
2025-12-12 03:01:58,540 - EXECUT - INFO - received weights from trainer sta2!
2025-12-12 03:02:05,733 - EXECUT - INFO - received weights from trainer sta3!
2025-12-12 03:02:13,736 - EXECUT - INFO - received weights from trainer sta4!
2025-12-12 03:02:19,608 - EXECUT - INFO - received weights from trainer sta5!
2025-12-12 03:02:21,223 - EXECUT - INFO - sent aggregated weights to trainers!
2025-12-12 03:02:42,735 - METRIC - INFO - {"loss": 0.21872049570083618, "accuracy": 0.9416569471359253, "energy_consumption": 1.230502166455416, "selected": true, "host_energy_consumption": 0.67973931004, "client_name": "sta0"}
2025-12-12 03:02:47,107 - METRIC - INFO - {"loss": 0.24753211438655853, "accuracy": 0.9348739385604858, "energy_consumption": 1.4899078960875238, "selected": true, "host_energy_consumption": 0.6246087769600001, "client_name": "sta1"}
2025-12-12 03:02:54,244 - METRIC - INFO - {"loss": 0.21401596069335938, "accuracy": 0.9404553174972534, "energy_consumption": 1.0488541135673934, "selected": true, "host_energy_consumption": 0.5577903094400001, "client_name": "sta5"}
2025-12-12 03:02:55,383 - METRIC - INFO - {"loss": 0.22985005378723145, "accuracy": 0.9295051097869873, "energy_consumption": 1.7303513458871491, "selected": true, "host_energy_consumption": 0.8549276517600001, "client_name": "sta2"}
2025-12-12 03:02:55,532 - METRIC - INFO - {"loss": 0.2248733639717102, "accuracy": 0.9294049143791199, "energy_consumption": 1.608165431318775, "selected": true, "host_energy_consumption": 0.7281504916, "client_name": "sta3"}
2025-12-12 03:03:04,438 - METRIC - INFO - {"loss": 0.25979214906692505, "accuracy": 0.9238178730010986, "energy_consumption": 1.9153992951401073, "selected": true, "host_energy_consumption": 0.98389593064, "client_name": "sta4"}
2025-12-12 03:03:05,269 - METRIC - INFO - mean_accuracy: 0.9332856833934784

2025-12-12 03:03:05,269 - METRIC - INFO - round: 35
2025-12-12 03:03:05,269 - METRIC - INFO - n_selected: 6
2025-12-12 03:03:05,269 - METRIC - INFO - {"selected_trainers": ["sta0", "sta1", "sta2", "sta3", "sta4", "sta5"]}
2025-12-12 03:03:10,339 - EXECUT - INFO - received weights from trainer sta0!
2025-12-12 03:03:16,221 - EXECUT - INFO - received weights from trainer sta1!
2025-12-12 03:03:23,782 - EXECUT - INFO - received weights from trainer sta2!
2025-12-12 03:03:32,670 - EXECUT - INFO - received weights from trainer sta3!
2025-12-12 03:03:41,465 - EXECUT - INFO - received weights from trainer sta4!
2025-12-12 03:03:47,798 - EXECUT - INFO - received weights from trainer sta5!
2025-12-12 03:03:49,417 - EXECUT - INFO - sent aggregated weights to trainers!
2025-12-12 03:04:07,915 - METRIC - INFO - {"loss": 0.2425404191017151, "accuracy": 0.9334734082221985, "energy_consumption": 1.516609876134944, "selected": true, "host_energy_consumption": 0.64281190876, "client_name": "sta1"}
2025-12-12 03:04:15,212 - METRIC - INFO - {"loss": 0.2154124677181244, "accuracy": 0.9381563663482666, "energy_consumption": 1.2572190168470243, "selected": true, "host_energy_consumption": 0.69981613352, "client_name": "sta0"}
2025-12-12 03:04:18,418 - METRIC - INFO - {"loss": 0.21045464277267456, "accuracy": 0.9422066807746887, "energy_consumption": 1.0870039966990739, "selected": true, "host_energy_consumption": 0.5743181626, "client_name": "sta5"}
2025-12-12 03:04:19,113 - METRIC - INFO - {"loss": 0.22193366289138794, "accuracy": 0.928238034248352, "energy_consumption": 1.6444276168469054, "selected": true, "host_energy_consumption": 0.7487249529200001, "client_name": "sta3"}
2025-12-12 03:04:22,333 - METRIC - INFO - {"loss": 0.2538014352321625, "accuracy": 0.9238178730010986, "energy_consumption": 1.9440094654129205, "selected": true, "host_energy_consumption": 1.00827960576, "client_name": "sta4"}
2025-12-12 03:04:22,766 - METRIC - INFO - {"loss": 0.2283852994441986, "accuracy": 0.9295051097869873, "energy_consumption": 1.7971116949500028, "selected": true, "host_energy_consumption": 0.8798548166800001, "client_name": "sta2"}
2025-12-12 03:04:23,453 - METRIC - INFO - mean_accuracy: 0.932566245396932

2025-12-12 03:04:23,453 - METRIC - INFO - round: 36
2025-12-12 03:04:23,453 - METRIC - INFO - n_selected: 6
2025-12-12 03:04:23,453 - METRIC - INFO - {"selected_trainers": ["sta0", "sta1", "sta2", "sta3", "sta4", "sta5"]}
2025-12-12 03:04:29,356 - EXECUT - INFO - received weights from trainer sta0!
2025-12-12 03:04:34,398 - EXECUT - INFO - received weights from trainer sta1!
2025-12-12 03:04:45,364 - EXECUT - INFO - received weights from trainer sta2!
2025-12-12 03:04:51,216 - EXECUT - INFO - received weights from trainer sta3!
2025-12-12 03:04:58,289 - EXECUT - INFO - received weights from trainer sta4!
2025-12-12 03:05:04,090 - EXECUT - INFO - received weights from trainer sta5!
2025-12-12 03:05:05,701 - EXECUT - INFO - sent aggregated weights to trainers!
2025-12-12 03:05:28,895 - METRIC - INFO - {"loss": 0.23822671175003052, "accuracy": 0.9369747638702393, "energy_consumption": 1.5490451138100179, "selected": true, "host_energy_consumption": 0.660436329, "client_name": "sta1"}
2025-12-12 03:05:30,159 - METRIC - INFO - {"loss": 0.20613420009613037, "accuracy": 0.9416569471359253, "energy_consumption": 1.2839255986738607, "selected": true, "host_energy_consumption": 0.7195480510400001, "client_name": "sta0"}
2025-12-12 03:05:32,326 - METRIC - INFO - {"loss": 0.24505440890789032, "accuracy": 0.9238178730010986, "energy_consumption": 2.037497082850907, "selected": true, "host_energy_consumption": 1.0334934694, "client_name": "sta4"}
2025-12-12 03:05:32,541 - METRIC - INFO - {"loss": 0.2153477519750595, "accuracy": 0.9299883246421814, "energy_consumption": 1.7073705442964462, "selected": true, "host_energy_consumption": 0.7716872352, "client_name": "sta3"}
2025-12-12 03:05:36,056 - METRIC - INFO - {"loss": 0.20641440153121948, "accuracy": 0.9422066807746887, "energy_consumption": 1.1251765120018498, "selected": true, "host_energy_consumption": 0.59028338516, "client_name": "sta5"}
2025-12-12 03:05:37,290 - METRIC - INFO - {"loss": 0.2223217636346817, "accuracy": 0.9318394064903259, "energy_consumption": 1.8276357905846992, "selected": true, "host_energy_consumption": 0.90408328276, "client_name": "sta2"}
2025-12-12 03:05:37,734 - METRIC - INFO - mean_accuracy: 0.9344139993190765

2025-12-12 03:05:37,734 - METRIC - INFO - round: 37
2025-12-12 03:05:37,734 - METRIC - INFO - n_selected: 6
2025-12-12 03:05:37,734 - METRIC - INFO - {"selected_trainers": ["sta0", "sta1", "sta2", "sta3", "sta4", "sta5"]}
2025-12-12 03:05:43,235 - EXECUT - INFO - received weights from trainer sta0!
2025-12-12 03:05:48,714 - EXECUT - INFO - received weights from trainer sta1!
2025-12-12 03:05:56,748 - EXECUT - INFO - received weights from trainer sta2!
2025-12-12 03:06:03,022 - EXECUT - INFO - received weights from trainer sta3!
2025-12-12 03:06:12,713 - EXECUT - INFO - received weights from trainer sta4!
2025-12-12 03:06:18,095 - EXECUT - INFO - received weights from trainer sta5!
2025-12-12 03:06:19,688 - EXECUT - INFO - sent aggregated weights to trainers!
2025-12-12 03:06:41,370 - METRIC - INFO - {"loss": 0.20304358005523682, "accuracy": 0.9416569471359253, "energy_consumption": 1.3372807417574109, "selected": true, "host_energy_consumption": 0.7395078779200001, "client_name": "sta0"}
2025-12-12 03:06:42,618 - METRIC - INFO - {"loss": 0.23229512572288513, "accuracy": 0.9383753538131714, "energy_consumption": 1.5814819871434702, "selected": true, "host_energy_consumption": 0.6785529354800001, "client_name": "sta1"}
2025-12-12 03:06:46,512 - METRIC - INFO - {"loss": 0.24254679679870605, "accuracy": 0.9264448285102844, "energy_consumption": 2.0661054775839554, "selected": true, "host_energy_consumption": 1.0583313748, "client_name": "sta4"}
2025-12-12 03:06:49,445 - METRIC - INFO - {"loss": 0.2168859839439392, "accuracy": 0.9341736435890198, "energy_consumption": 1.8581576958041792, "selected": true, "host_energy_consumption": 0.929450459, "client_name": "sta2"}
2025-12-12 03:06:49,633 - METRIC - INFO - {"loss": 0.2087796926498413, "accuracy": 0.9311552047729492, "energy_consumption": 1.7436096732406563, "selected": true, "host_energy_consumption": 0.7936325040000001, "client_name": "sta3"}
2025-12-12 03:06:49,736 - METRIC - INFO - {"loss": 0.1991957128047943, "accuracy": 0.9387040138244629, "energy_consumption": 1.1633236372449993, "selected": true, "host_energy_consumption": 0.60767998144, "client_name": "sta5"}
2025-12-12 03:06:50,719 - METRIC - INFO - mean_accuracy: 0.9350849986076355

2025-12-12 03:06:50,719 - METRIC - INFO - round: 38
2025-12-12 03:06:50,719 - METRIC - INFO - n_selected: 6
2025-12-12 03:06:50,719 - METRIC - INFO - {"selected_trainers": ["sta0", "sta1", "sta2", "sta3", "sta4", "sta5"]}
2025-12-12 03:06:56,437 - EXECUT - INFO - received weights from trainer sta0!
2025-12-12 03:07:02,543 - EXECUT - INFO - received weights from trainer sta1!
2025-12-12 03:07:11,873 - EXECUT - INFO - received weights from trainer sta2!
2025-12-12 03:07:18,598 - EXECUT - INFO - received weights from trainer sta3!
2025-12-12 03:07:25,708 - EXECUT - INFO - received weights from trainer sta4!
2025-12-12 03:07:32,762 - EXECUT - INFO - received weights from trainer sta5!
2025-12-12 03:07:34,411 - EXECUT - INFO - sent aggregated weights to trainers!
2025-12-12 03:07:52,241 - METRIC - INFO - {"loss": 0.20029133558273315, "accuracy": 0.9439906477928162, "energy_consumption": 1.390709446550062, "selected": true, "host_energy_consumption": 0.7593773678400001, "client_name": "sta0"}
2025-12-12 03:07:53,646 - METRIC - INFO - {"loss": 0.2285102754831314, "accuracy": 0.9369747638702393, "energy_consumption": 1.5814819871434702, "selected": true, "host_energy_consumption": 0.69641184424, "client_name": "sta1"}
2025-12-12 03:07:59,873 - METRIC - INFO - {"loss": 0.23603981733322144, "accuracy": 0.9290717840194702, "energy_consumption": 2.1214303396243843, "selected": true, "host_energy_consumption": 1.08289227172, "client_name": "sta4"}
2025-12-12 03:08:03,932 - METRIC - INFO - {"loss": 0.21154314279556274, "accuracy": 0.9360410571098328, "energy_consumption": 1.9249150024470707, "selected": true, "host_energy_consumption": 0.95463626132, "client_name": "sta2"}
2025-12-12 03:08:04,541 - METRIC - INFO - {"loss": 0.2057182490825653, "accuracy": 0.9329054951667786, "energy_consumption": 1.7798660838932685, "selected": true, "host_energy_consumption": 0.81493329904, "client_name": "sta3"}
2025-12-12 03:08:04,644 - METRIC - INFO - {"loss": 0.20034588873386383, "accuracy": 0.9387040138244629, "energy_consumption": 1.201471169415796, "selected": true, "host_energy_consumption": 0.62413735664, "client_name": "sta5"}
2025-12-12 03:08:05,444 - METRIC - INFO - mean_accuracy: 0.9362812936306

2025-12-12 03:08:05,444 - METRIC - INFO - round: 39
2025-12-12 03:08:05,444 - METRIC - INFO - n_selected: 6
2025-12-12 03:08:05,444 - METRIC - INFO - {"selected_trainers": ["sta0", "sta1", "sta2", "sta3", "sta4", "sta5"]}
2025-12-12 03:08:10,950 - EXECUT - INFO - received weights from trainer sta0!
2025-12-12 03:08:16,670 - EXECUT - INFO - received weights from trainer sta1!
2025-12-12 03:08:26,854 - EXECUT - INFO - received weights from trainer sta2!
2025-12-12 03:08:32,713 - EXECUT - INFO - received weights from trainer sta3!
2025-12-12 03:08:39,112 - EXECUT - INFO - received weights from trainer sta4!
2025-12-12 03:08:44,457 - EXECUT - INFO - received weights from trainer sta5!
2025-12-12 03:08:46,069 - EXECUT - INFO - sent aggregated weights to trainers!
2025-12-12 03:09:05,205 - METRIC - INFO - {"loss": 0.19556333124637604, "accuracy": 0.9474912285804749, "energy_consumption": 1.4438040494405726, "selected": true, "host_energy_consumption": 0.77936007856, "client_name": "sta0"}
2025-12-12 03:09:09,222 - METRIC - INFO - {"loss": 0.2232309728860855, "accuracy": 0.9404761791229248, "energy_consumption": 1.6139092849607914, "selected": true, "host_energy_consumption": 0.71430905168, "client_name": "sta1"}
2025-12-12 03:09:16,581 - METRIC - INFO - {"loss": 0.22960668802261353, "accuracy": 0.928196132183075, "energy_consumption": 2.1767565845829844, "selected": true, "host_energy_consumption": 1.10758599028, "client_name": "sta4"}
2025-12-12 03:09:17,193 - METRIC - INFO - {"loss": 0.20035777986049652, "accuracy": 0.9323220252990723, "energy_consumption": 1.8161345434191043, "selected": true, "host_energy_consumption": 0.83608970256, "client_name": "sta3"}
2025-12-12 03:09:20,586 - METRIC - INFO - {"loss": 0.20691050589084625, "accuracy": 0.9360410571098328, "energy_consumption": 1.9821530681886428, "selected": true, "host_energy_consumption": 0.97965615608, "client_name": "sta2"}
2025-12-12 03:09:20,644 - METRIC - INFO - {"loss": 0.19035765528678894, "accuracy": 0.9439579844474792, "energy_consumption": 1.2396329551810716, "selected": true, "host_energy_consumption": 0.64074510472, "client_name": "sta5"}
2025-12-12 03:09:21,106 - METRIC - INFO - mean_accuracy: 0.9380807677904764

2025-12-12 03:09:21,106 - METRIC - INFO - round: 40
2025-12-12 03:09:21,106 - METRIC - INFO - n_selected: 6
2025-12-12 03:09:21,106 - METRIC - INFO - {"selected_trainers": ["sta0", "sta1", "sta2", "sta3", "sta4", "sta5"]}
2025-12-12 03:09:26,142 - EXECUT - INFO - received weights from trainer sta0!
2025-12-12 03:09:31,221 - EXECUT - INFO - received weights from trainer sta1!
2025-12-12 03:09:41,408 - EXECUT - INFO - received weights from trainer sta2!
2025-12-12 03:09:49,015 - EXECUT - INFO - received weights from trainer sta3!
2025-12-12 03:09:55,783 - EXECUT - INFO - received weights from trainer sta4!
2025-12-12 03:10:02,746 - EXECUT - INFO - received weights from trainer sta5!
2025-12-12 03:10:04,357 - EXECUT - INFO - sent aggregated weights to trainers!
2025-12-12 03:10:23,231 - METRIC - INFO - {"loss": 0.19213628768920898, "accuracy": 0.9486581087112427, "energy_consumption": 1.470519380211762, "selected": true, "host_energy_consumption": 0.7993014139600001, "client_name": "sta0"}
2025-12-12 03:10:24,023 - METRIC - INFO - {"loss": 0.21857309341430664, "accuracy": 0.9432772994041443, "energy_consumption": 1.6463353874281603, "selected": true, "host_energy_consumption": 0.73217529252, "client_name": "sta1"}
2025-12-12 03:10:28,707 - METRIC - INFO - {"loss": 0.202812060713768, "accuracy": 0.9411764740943909, "energy_consumption": 2.012677984036868, "selected": true, "host_energy_consumption": 1.00480070348, "client_name": "sta2"}
2025-12-12 03:10:31,025 - METRIC - INFO - {"loss": 0.22499902546405792, "accuracy": 0.932574450969696, "energy_consumption": 2.205372256326799, "selected": true, "host_energy_consumption": 1.13208869592, "client_name": "sta4"}
2025-12-12 03:10:32,462 - METRIC - INFO - {"loss": 0.18655569851398468, "accuracy": 0.9439579844474792, "energy_consumption": 1.2777954355845573, "selected": true, "host_energy_consumption": 0.65701141576, "client_name": "sta5"}
2025-12-12 03:10:34,352 - METRIC - INFO - {"loss": 0.1951715499162674, "accuracy": 0.9358226656913757, "energy_consumption": 1.8523729475234498, "selected": true, "host_energy_consumption": 0.85671620244, "client_name": "sta3"}
2025-12-12 03:10:34,389 - METRIC - INFO - mean_accuracy: 0.9409111638863882

2025-12-12 03:10:34,389 - METRIC - INFO - round: 41
2025-12-12 03:10:34,389 - METRIC - INFO - n_selected: 6
2025-12-12 03:10:34,389 - METRIC - INFO - {"selected_trainers": ["sta0", "sta1", "sta2", "sta3", "sta4", "sta5"]}
2025-12-12 03:10:40,573 - EXECUT - INFO - received weights from trainer sta0!
2025-12-12 03:10:45,360 - EXECUT - INFO - received weights from trainer sta1!
2025-12-12 03:10:53,335 - EXECUT - INFO - received weights from trainer sta2!
2025-12-12 03:11:00,078 - EXECUT - INFO - received weights from trainer sta3!
2025-12-12 03:11:07,804 - EXECUT - INFO - received weights from trainer sta4!
2025-12-12 03:11:13,200 - EXECUT - INFO - received weights from trainer sta5!
2025-12-12 03:11:14,813 - EXECUT - INFO - sent aggregated weights to trainers!
2025-12-12 03:11:33,937 - METRIC - INFO - {"loss": 0.2141355574131012, "accuracy": 0.9432772994041443, "energy_consumption": 1.6787623546167731, "selected": true, "host_energy_consumption": 0.7506046766400001, "client_name": "sta1"}
2025-12-12 03:11:37,233 - METRIC - INFO - {"loss": 0.18464194238185883, "accuracy": 0.9486581087112427, "energy_consumption": 1.5239340952770775, "selected": true, "host_energy_consumption": 0.8195437185600001, "client_name": "sta0"}
2025-12-12 03:11:39,730 - METRIC - INFO - {"loss": 0.22118060290813446, "accuracy": 0.9299474358558655, "energy_consumption": 2.2339899706566464, "selected": true, "host_energy_consumption": 1.15682025116, "client_name": "sta4"}
2025-12-12 03:11:43,434 - METRIC - INFO - {"loss": 0.1918235719203949, "accuracy": 0.9346557855606079, "energy_consumption": 1.8886115693976686, "selected": true, "host_energy_consumption": 0.8777108852400001, "client_name": "sta3"}
2025-12-12 03:11:43,727 - METRIC - INFO - {"loss": 0.18480806052684784, "accuracy": 0.9457092881202698, "energy_consumption": 1.2777954355845573, "selected": true, "host_energy_consumption": 0.67373190528, "client_name": "sta5"}
2025-12-12 03:11:46,017 - METRIC - INFO - {"loss": 0.19752970337867737, "accuracy": 0.9416432976722717, "energy_consumption": 2.0794349950213924, "selected": true, "host_energy_consumption": 1.0295056500400002, "client_name": "sta2"}
2025-12-12 03:11:46,847 - METRIC - INFO - mean_accuracy: 0.9406485358874003

2025-12-12 03:11:46,847 - METRIC - INFO - round: 42
2025-12-12 03:11:46,847 - METRIC - INFO - n_selected: 6
2025-12-12 03:11:46,847 - METRIC - INFO - {"selected_trainers": ["sta0", "sta1", "sta2", "sta3", "sta4", "sta5"]}
2025-12-12 03:11:52,348 - EXECUT - INFO - received weights from trainer sta0!
2025-12-12 03:11:58,198 - EXECUT - INFO - received weights from trainer sta1!
2025-12-12 03:12:05,396 - EXECUT - INFO - received weights from trainer sta2!
2025-12-12 03:12:13,634 - EXECUT - INFO - received weights from trainer sta3!
2025-12-12 03:12:20,907 - EXECUT - INFO - received weights from trainer sta4!
2025-12-12 03:12:27,531 - EXECUT - INFO - received weights from trainer sta5!
2025-12-12 03:12:29,146 - EXECUT - INFO - sent aggregated weights to trainers!
2025-12-12 03:12:46,689 - METRIC - INFO - {"loss": 0.18234343826770782, "accuracy": 0.9463244080543518, "energy_consumption": 1.5506498743044972, "selected": true, "host_energy_consumption": 0.83957792016, "client_name": "sta0"}
2025-12-12 03:12:48,311 - METRIC - INFO - {"loss": 0.21005599200725555, "accuracy": 0.9439775943756104, "energy_consumption": 1.7378877301089881, "selected": true, "host_energy_consumption": 0.76858940088, "client_name": "sta1"}
2025-12-12 03:12:54,363 - METRIC - INFO - {"loss": 0.21748359501361847, "accuracy": 0.9316987991333008, "energy_consumption": 2.2626102314633934, "selected": true, "host_energy_consumption": 1.18133635508, "client_name": "sta4"}
2025-12-12 03:12:59,724 - METRIC - INFO - {"loss": 0.177898108959198, "accuracy": 0.9492118954658508, "energy_consumption": 1.2777954355845573, "selected": true, "host_energy_consumption": 0.6898668126, "client_name": "sta5"}
2025-12-12 03:13:00,289 - METRIC - INFO - {"loss": 0.1875351220369339, "accuracy": 0.9393232464790344, "energy_consumption": 1.9515684786267409, "selected": true, "host_energy_consumption": 0.89899165104, "client_name": "sta3"}
2025-12-12 03:13:02,855 - METRIC - INFO - {"loss": 0.19322992861270905, "accuracy": 0.9425770044326782, "energy_consumption": 2.146209675567226, "selected": true, "host_energy_consumption": 1.05377856584, "client_name": "sta2"}
2025-12-12 03:13:03,182 - METRIC - INFO - mean_accuracy: 0.9421854913234711

2025-12-12 03:13:03,182 - METRIC - INFO - round: 43
2025-12-12 03:13:03,182 - METRIC - INFO - n_selected: 6
2025-12-12 03:13:03,182 - METRIC - INFO - {"selected_trainers": ["sta0", "sta1", "sta2", "sta3", "sta4", "sta5"]}
2025-12-12 03:13:08,292 - EXECUT - INFO - received weights from trainer sta0!
2025-12-12 03:13:14,014 - EXECUT - INFO - received weights from trainer sta1!
2025-12-12 03:13:21,659 - EXECUT - INFO - received weights from trainer sta2!
2025-12-12 03:13:29,728 - EXECUT - INFO - received weights from trainer sta3!
2025-12-12 03:13:35,377 - EXECUT - INFO - received weights from trainer sta4!
2025-12-12 03:13:42,152 - EXECUT - INFO - received weights from trainer sta5!
2025-12-12 03:13:43,757 - EXECUT - INFO - sent aggregated weights to trainers!
2025-12-12 03:14:03,988 - METRIC - INFO - {"loss": 0.1781676709651947, "accuracy": 0.945157527923584, "energy_consumption": 1.6040644002120388, "selected": true, "host_energy_consumption": 0.8597502928, "client_name": "sta0"}
2025-12-12 03:14:05,376 - METRIC - INFO - {"loss": 0.20616507530212402, "accuracy": 0.9453781247138977, "energy_consumption": 1.7703165539049772, "selected": true, "host_energy_consumption": 0.7864410808800001, "client_name": "sta1"}
2025-12-12 03:14:11,016 - METRIC - INFO - {"loss": 0.19020876288414001, "accuracy": 0.9430438876152039, "energy_consumption": 2.203446062732267, "selected": true, "host_energy_consumption": 1.07896221468, "client_name": "sta2"}
2025-12-12 03:14:12,839 - METRIC - INFO - {"loss": 0.21221224963665009, "accuracy": 0.9343257546424866, "energy_consumption": 2.291233021261862, "selected": true, "host_energy_consumption": 1.206271689, "client_name": "sta4"}
2025-12-12 03:14:13,814 - METRIC - INFO - {"loss": 0.17319710552692413, "accuracy": 0.9509631991386414, "energy_consumption": 1.3426628542086896, "selected": true, "host_energy_consumption": 0.70613660992, "client_name": "sta5"}
2025-12-12 03:14:17,624 - METRIC - INFO - {"loss": 0.18180665373802185, "accuracy": 0.939906656742096, "energy_consumption": 2.0145270203350742, "selected": true, "host_energy_consumption": 0.9198006185200001, "client_name": "sta3"}
2025-12-12 03:14:17,792 - METRIC - INFO - mean_accuracy: 0.9431291917959849

2025-12-12 03:14:17,792 - METRIC - INFO - round: 44
2025-12-12 03:14:17,792 - METRIC - INFO - n_selected: 6
2025-12-12 03:14:17,792 - METRIC - INFO - {"selected_trainers": ["sta0", "sta1", "sta2", "sta3", "sta4", "sta5"]}
2025-12-12 03:14:23,846 - EXECUT - INFO - received weights from trainer sta0!
2025-12-12 03:14:28,400 - EXECUT - INFO - received weights from trainer sta1!
2025-12-12 03:14:36,379 - EXECUT - INFO - received weights from trainer sta2!
2025-12-12 03:14:42,636 - EXECUT - INFO - received weights from trainer sta3!
2025-12-12 03:14:48,622 - EXECUT - INFO - received weights from trainer sta4!
2025-12-12 03:14:54,577 - EXECUT - INFO - received weights from trainer sta5!
2025-12-12 03:14:56,187 - EXECUT - INFO - sent aggregated weights to trainers!
2025-12-12 03:15:15,946 - METRIC - INFO - {"loss": 0.17913125455379486, "accuracy": 0.9474912285804749, "energy_consumption": 1.6307804605917795, "selected": true, "host_energy_consumption": 0.8807981075600001, "client_name": "sta0"}
2025-12-12 03:15:17,217 - METRIC - INFO - {"loss": 0.20235037803649902, "accuracy": 0.9467787146568298, "energy_consumption": 1.829453994166017, "selected": true, "host_energy_consumption": 0.80535760956, "client_name": "sta1"}
2025-12-12 03:15:24,426 - METRIC - INFO - {"loss": 0.18001455068588257, "accuracy": 0.939906656742096, "energy_consumption": 2.077492486171608, "selected": true, "host_energy_consumption": 0.94150662984, "client_name": "sta3"}
2025-12-12 03:15:30,217 - METRIC - INFO - {"loss": 0.1711619645357132, "accuracy": 0.9509631991386414, "energy_consumption": 1.3808121031054832, "selected": true, "host_energy_consumption": 0.723300648, "client_name": "sta5"}
2025-12-12 03:15:31,095 - METRIC - INFO - {"loss": 0.20586182177066803, "accuracy": 0.9395796656608582, "energy_consumption": 2.3465464098501934, "selected": true, "host_energy_consumption": 1.23254040364, "client_name": "sta4"}
2025-12-12 03:15:31,261 - METRIC - INFO - {"loss": 0.18542779982089996, "accuracy": 0.9472455382347107, "energy_consumption": 2.2607007060066646, "selected": true, "host_energy_consumption": 1.1043325524, "client_name": "sta2"}
2025-12-12 03:15:32,225 - METRIC - INFO - mean_accuracy: 0.9453275005022684

2025-12-12 03:15:32,225 - METRIC - INFO - round: 45
2025-12-12 03:15:32,225 - METRIC - INFO - n_selected: 6
2025-12-12 03:15:32,225 - METRIC - INFO - {"selected_trainers": ["sta0", "sta1", "sta2", "sta3", "sta4", "sta5"]}
2025-12-12 03:15:38,983 - EXECUT - INFO - received weights from trainer sta0!
2025-12-12 03:15:43,572 - EXECUT - INFO - received weights from trainer sta1!
2025-12-12 03:15:50,815 - EXECUT - INFO - received weights from trainer sta2!
2025-12-12 03:15:58,416 - EXECUT - INFO - received weights from trainer sta3!
2025-12-12 03:16:08,530 - EXECUT - INFO - received weights from trainer sta4!
2025-12-12 03:16:16,390 - EXECUT - INFO - received weights from trainer sta5!
2025-12-12 03:16:17,997 - EXECUT - INFO - sent aggregated weights to trainers!
2025-12-12 03:16:40,530 - METRIC - INFO - {"loss": 0.167088121175766, "accuracy": 0.9521586894989014, "energy_consumption": 1.6575055417308207, "selected": true, "host_energy_consumption": 0.90118222292, "client_name": "sta0"}
2025-12-12 03:16:42,365 - METRIC - INFO - {"loss": 0.197660893201828, "accuracy": 0.9446778893470764, "energy_consumption": 1.8885853257437129, "selected": true, "host_energy_consumption": 0.82370521856, "client_name": "sta1"}
2025-12-12 03:16:44,826 - METRIC - INFO - {"loss": 0.18261851370334625, "accuracy": 0.9481792449951172, "energy_consumption": 2.31793394901983, "selected": true, "host_energy_consumption": 1.1305989595600001, "client_name": "sta2"}
2025-12-12 03:16:48,380 - METRIC - INFO - {"loss": 0.17433775961399078, "accuracy": 0.9404900670051575, "energy_consumption": 2.113731068306799, "selected": true, "host_energy_consumption": 0.9629124932, "client_name": "sta3"}
2025-12-12 03:16:48,539 - METRIC - INFO - {"loss": 0.2020208239555359, "accuracy": 0.9413309693336487, "energy_consumption": 2.375166793053142, "selected": true, "host_energy_consumption": 1.25789753068, "client_name": "sta4"}
2025-12-12 03:16:50,314 - METRIC - INFO - {"loss": 0.16521704196929932, "accuracy": 0.9527145624160767, "energy_consumption": 1.4075150798077154, "selected": true, "host_energy_consumption": 0.73953156592, "client_name": "sta5"}
2025-12-12 03:16:51,032 - METRIC - INFO - mean_accuracy: 0.9465919037659963

2025-12-12 03:16:51,032 - METRIC - INFO - round: 46
2025-12-12 03:16:51,032 - METRIC - INFO - n_selected: 6
2025-12-12 03:16:51,032 - METRIC - INFO - {"selected_trainers": ["sta0", "sta1", "sta2", "sta3", "sta4", "sta5"]}
2025-12-12 03:16:56,514 - EXECUT - INFO - received weights from trainer sta0!
2025-12-12 03:17:01,805 - EXECUT - INFO - received weights from trainer sta1!
2025-12-12 03:17:10,038 - EXECUT - INFO - received weights from trainer sta2!
2025-12-12 03:17:18,301 - EXECUT - INFO - received weights from trainer sta3!
2025-12-12 03:17:24,117 - EXECUT - INFO - received weights from trainer sta4!
2025-12-12 03:17:30,375 - EXECUT - INFO - received weights from trainer sta5!
2025-12-12 03:17:31,981 - EXECUT - INFO - sent aggregated weights to trainers!
2025-12-12 03:17:52,370 - METRIC - INFO - {"loss": 0.16609694063663483, "accuracy": 0.9486581087112427, "energy_consumption": 1.684216331125917, "selected": true, "host_energy_consumption": 0.92127717864, "client_name": "sta0"}
2025-12-12 03:17:55,211 - METRIC - INFO - {"loss": 0.1951398253440857, "accuracy": 0.9474790096282959, "energy_consumption": 1.9210204187687205, "selected": true, "host_energy_consumption": 0.84141122548, "client_name": "sta1"}
2025-12-12 03:18:01,367 - METRIC - INFO - {"loss": 0.1809351146221161, "accuracy": 0.9463118314743042, "energy_consumption": 2.348451149138425, "selected": true, "host_energy_consumption": 1.15553431084, "client_name": "sta2"}
2025-12-12 03:18:05,745 - METRIC - INFO - {"loss": 0.17102216184139252, "accuracy": 0.9439906477928162, "energy_consumption": 2.1499886425181467, "selected": true, "host_energy_consumption": 0.9842846549200001, "client_name": "sta3"}
2025-12-12 03:18:05,810 - METRIC - INFO - {"loss": 0.16245630383491516, "accuracy": 0.9562171697616577, "energy_consumption": 1.4075150798077154, "selected": true, "host_energy_consumption": 0.75617190404, "client_name": "sta5"}
2025-12-12 03:18:07,849 - METRIC - INFO - {"loss": 0.197393000125885, "accuracy": 0.9422066807746887, "energy_consumption": 2.403787460787529, "selected": true, "host_energy_consumption": 1.2820569025600002, "client_name": "sta4"}
2025-12-12 03:18:08,019 - METRIC - INFO - mean_accuracy: 0.9474772413571676

2025-12-12 03:18:08,019 - METRIC - INFO - round: 47
2025-12-12 03:18:08,019 - METRIC - INFO - n_selected: 6
2025-12-12 03:18:08,019 - METRIC - INFO - {"selected_trainers": ["sta0", "sta1", "sta2", "sta3", "sta4", "sta5"]}
2025-12-12 03:18:14,326 - EXECUT - INFO - received weights from trainer sta0!
2025-12-12 03:18:20,453 - EXECUT - INFO - received weights from trainer sta1!
2025-12-12 03:18:29,800 - EXECUT - INFO - received weights from trainer sta2!
2025-12-12 03:18:35,674 - EXECUT - INFO - received weights from trainer sta3!
2025-12-12 03:18:41,943 - EXECUT - INFO - received weights from trainer sta4!
2025-12-12 03:18:49,671 - EXECUT - INFO - received weights from trainer sta5!
2025-12-12 03:18:51,278 - EXECUT - INFO - sent aggregated weights to trainers!
2025-12-12 03:19:08,256 - METRIC - INFO - {"loss": 0.19112801551818848, "accuracy": 0.9467787146568298, "energy_consumption": 1.9477257066928084, "selected": true, "host_energy_consumption": 0.8592744585600001, "client_name": "sta1"}
2025-12-12 03:19:09,026 - METRIC - INFO - {"loss": 0.16321392357349396, "accuracy": 0.9486581087112427, "energy_consumption": 1.7108495769613299, "selected": true, "host_energy_consumption": 0.94130345092, "client_name": "sta0"}
2025-12-12 03:19:17,826 - METRIC - INFO - {"loss": 0.1738201230764389, "accuracy": 0.9523809552192688, "energy_consumption": 2.441764860643053, "selected": true, "host_energy_consumption": 1.180521034, "client_name": "sta2"}
2025-12-12 03:19:20,155 - METRIC - INFO - {"loss": 0.16827431321144104, "accuracy": 0.9439906477928162, "energy_consumption": 2.212951876610881, "selected": true, "host_energy_consumption": 1.0054370079600001, "client_name": "sta3"}
2025-12-12 03:19:22,272 - METRIC - INFO - {"loss": 0.15949034690856934, "accuracy": 0.9579684734344482, "energy_consumption": 1.4723665726190724, "selected": true, "host_energy_consumption": 0.77268658124, "client_name": "sta5"}
2025-12-12 03:19:22,365 - METRIC - INFO - {"loss": 0.19361728429794312, "accuracy": 0.943082332611084, "energy_consumption": 2.4591414181545397, "selected": true, "host_energy_consumption": 1.3072620162000002, "client_name": "sta4"}
2025-12-12 03:19:23,312 - METRIC - INFO - mean_accuracy: 0.9488098720709482

2025-12-12 03:19:23,312 - METRIC - INFO - round: 48
2025-12-12 03:19:23,312 - METRIC - INFO - n_selected: 6
2025-12-12 03:19:23,312 - METRIC - INFO - {"selected_trainers": ["sta0", "sta1", "sta2", "sta3", "sta4", "sta5"]}
2025-12-12 03:19:29,208 - EXECUT - INFO - received weights from trainer sta0!
2025-12-12 03:19:34,229 - EXECUT - INFO - received weights from trainer sta1!
2025-12-12 03:19:42,251 - EXECUT - INFO - received weights from trainer sta2!
2025-12-12 03:19:50,466 - EXECUT - INFO - received weights from trainer sta3!
2025-12-12 03:19:58,656 - EXECUT - INFO - received weights from trainer sta4!
2025-12-12 03:20:05,436 - EXECUT - INFO - received weights from trainer sta5!
2025-12-12 03:20:07,054 - EXECUT - INFO - sent aggregated weights to trainers!
2025-12-12 03:20:30,005 - METRIC - INFO - {"loss": 0.15840277075767517, "accuracy": 0.9486581087112427, "energy_consumption": 1.737570889250982, "selected": true, "host_energy_consumption": 0.96128378556, "client_name": "sta0"}
2025-12-12 03:20:31,520 - METRIC - INFO - {"loss": 0.1873304396867752, "accuracy": 0.9488795399665833, "energy_consumption": 1.97444025222081, "selected": true, "host_energy_consumption": 0.87716886348, "client_name": "sta1"}
2025-12-12 03:20:37,484 - METRIC - INFO - {"loss": 0.15833772718906403, "accuracy": 0.9544658660888672, "energy_consumption": 1.5105134896297152, "selected": true, "host_energy_consumption": 0.7888411594, "client_name": "sta5"}
2025-12-12 03:20:42,397 - METRIC - INFO - {"loss": 0.17035889625549316, "accuracy": 0.9542483687400818, "energy_consumption": 2.4989990097060453, "selected": true, "host_energy_consumption": 1.20547588504, "client_name": "sta2"}
2025-12-12 03:20:44,039 - METRIC - INFO - {"loss": 0.18924711644649506, "accuracy": 0.9448336362838745, "energy_consumption": 2.4877688526505772, "selected": true, "host_energy_consumption": 1.33214343192, "client_name": "sta4"}
2025-12-12 03:20:44,678 - METRIC - INFO - {"loss": 0.1649608463048935, "accuracy": 0.9445741176605225, "energy_consumption": 2.275891822043776, "selected": true, "host_energy_consumption": 1.02697569268, "client_name": "sta3"}
2025-12-12 03:20:45,094 - METRIC - INFO - mean_accuracy: 0.9492766062418619

2025-12-12 03:20:45,094 - METRIC - INFO - round: 49
2025-12-12 03:20:45,094 - METRIC - INFO - n_selected: 6
2025-12-12 03:20:45,094 - METRIC - INFO - {"selected_trainers": ["sta0", "sta1", "sta2", "sta3", "sta4", "sta5"]}
2025-12-12 03:20:50,426 - EXECUT - INFO - received weights from trainer sta0!
2025-12-12 03:20:56,520 - EXECUT - INFO - received weights from trainer sta1!
2025-12-12 03:21:05,285 - EXECUT - INFO - received weights from trainer sta2!
2025-12-12 03:21:12,479 - EXECUT - INFO - received weights from trainer sta3!
2025-12-12 03:21:21,030 - EXECUT - INFO - received weights from trainer sta4!
2025-12-12 03:22:01,110 - EXECUT - INFO - received weights from trainer sta5!
2025-12-12 03:22:02,728 - EXECUT - INFO - sent aggregated weights to trainers!
2025-12-12 03:22:24,582 - METRIC - INFO - {"loss": 0.15704210102558136, "accuracy": 0.9498249888420105, "energy_consumption": 1.7642877777920631, "selected": true, "host_energy_consumption": 0.9810850361200001, "client_name": "sta0"}
2025-12-12 03:22:25,317 - METRIC - INFO - {"loss": 0.1836915910243988, "accuracy": 0.9495798349380493, "energy_consumption": 2.0335701802160466, "selected": true, "host_energy_consumption": 0.8950075041600001, "client_name": "sta1"}
2025-12-12 03:22:32,882 - METRIC - INFO - {"loss": 0.16114602982997894, "accuracy": 0.9457409381866455, "energy_consumption": 2.312144432055768, "selected": true, "host_energy_consumption": 1.0481275674800001, "client_name": "sta3"}
2025-12-12 03:22:33,802 - METRIC - INFO - {"loss": 0.15033328533172607, "accuracy": 0.9579684734344482, "energy_consumption": 1.5486588838408146, "selected": true, "host_energy_consumption": 0.80504980948, "client_name": "sta5"}
2025-12-12 03:22:37,736 - METRIC - INFO - {"loss": 0.18630588054656982, "accuracy": 0.9483362436294556, "energy_consumption": 2.5545349908949952, "selected": true, "host_energy_consumption": 1.35645242488, "client_name": "sta4"}
2025-12-12 03:22:39,942 - METRIC - INFO - {"loss": 0.16686490178108215, "accuracy": 0.9528477787971497, "energy_consumption": 2.5657581904414837, "selected": true, "host_energy_consumption": 1.22968153616, "client_name": "sta2"}
2025-12-12 03:22:40,769 - METRIC - INFO - mean_accuracy: 0.9507163763046265

2025-12-12 03:22:40,769 - METRIC - INFO - round: 50
2025-12-12 03:22:40,769 - METRIC - INFO - n_selected: 6
2025-12-12 03:22:40,769 - METRIC - INFO - {"selected_trainers": ["sta0", "sta1", "sta2", "sta3", "sta4", "sta5"]}
2025-12-12 03:22:46,257 - EXECUT - INFO - received weights from trainer sta0!
2025-12-12 03:22:51,540 - EXECUT - INFO - received weights from trainer sta1!
2025-12-12 03:23:00,356 - EXECUT - INFO - received weights from trainer sta2!
2025-12-12 03:23:06,455 - EXECUT - INFO - received weights from trainer sta3!
2025-12-12 03:23:12,081 - EXECUT - INFO - received weights from trainer sta4!
2025-12-12 03:23:17,720 - EXECUT - INFO - received weights from trainer sta5!
2025-12-12 03:23:19,338 - EXECUT - INFO - sent aggregated weights to trainers!
2025-12-12 03:23:38,649 - METRIC - INFO - {"loss": 0.17946414649486542, "accuracy": 0.9502801299095154, "energy_consumption": 2.0602766142136995, "selected": true, "host_energy_consumption": 0.91346741052, "client_name": "sta1"}
2025-12-12 03:23:38,956 - METRIC - INFO - {"loss": 0.15371084213256836, "accuracy": 0.9509918093681335, "energy_consumption": 1.7909957775074048, "selected": true, "host_energy_consumption": 1.00168969516, "client_name": "sta0"}
2025-12-12 03:23:46,922 - METRIC - INFO - {"loss": 0.18247227370738983, "accuracy": 0.9509631991386414, "energy_consumption": 2.6212968770634455, "selected": true, "host_energy_consumption": 1.38122185124, "client_name": "sta4"}
2025-12-12 03:23:53,455 - METRIC - INFO - {"loss": 0.15587767958641052, "accuracy": 0.9498249888420105, "energy_consumption": 2.3483879084496175, "selected": true, "host_energy_consumption": 1.06914417652, "client_name": "sta3"}
2025-12-12 03:23:55,106 - METRIC - INFO - {"loss": 0.16395890712738037, "accuracy": 0.9547151923179626, "energy_consumption": 2.5962637899430927, "selected": true, "host_energy_consumption": 1.2543702301200002, "client_name": "sta2"}
2025-12-12 03:23:55,381 - METRIC - INFO - {"loss": 0.14755746722221375, "accuracy": 0.9562171697616577, "energy_consumption": 1.5868063985264336, "selected": true, "host_energy_consumption": 0.8219095805200001, "client_name": "sta5"}
2025-12-12 03:23:56,377 - METRIC - INFO - mean_accuracy: 0.9521654148896536

2025-12-12 03:23:56,377 - METRIC - INFO - round: 51
2025-12-12 03:23:56,377 - METRIC - INFO - n_selected: 6
2025-12-12 03:23:56,377 - METRIC - INFO - {"selected_trainers": ["sta0", "sta1", "sta2", "sta3", "sta4", "sta5"]}
2025-12-12 03:24:01,816 - EXECUT - INFO - received weights from trainer sta0!
2025-12-12 03:24:09,340 - EXECUT - INFO - received weights from trainer sta1!
2025-12-12 03:24:18,632 - EXECUT - INFO - received weights from trainer sta2!
2025-12-12 03:24:24,910 - EXECUT - INFO - received weights from trainer sta3!
2025-12-12 03:24:30,501 - EXECUT - INFO - received weights from trainer sta4!
2025-12-12 03:24:35,898 - EXECUT - INFO - received weights from trainer sta5!
2025-12-12 03:24:37,511 - EXECUT - INFO - sent aggregated weights to trainers!
2025-12-12 03:24:56,592 - METRIC - INFO - {"loss": 0.1507423371076584, "accuracy": 0.9544923901557922, "energy_consumption": 1.8177016996663795, "selected": true, "host_energy_consumption": 1.02184571328, "client_name": "sta0"}
2025-12-12 03:24:57,238 - METRIC - INFO - {"loss": 0.1769193708896637, "accuracy": 0.9502801299095154, "energy_consumption": 2.0927112510346726, "selected": true, "host_energy_consumption": 0.93174727576, "client_name": "sta1"}
2025-12-12 03:25:13,399 - METRIC - INFO - {"loss": 0.14387750625610352, "accuracy": 0.9597197771072388, "energy_consumption": 1.6249647349440999, "selected": true, "host_energy_consumption": 0.83889391908, "client_name": "sta5"}
2025-12-12 03:25:13,940 - METRIC - INFO - {"loss": 0.1757829189300537, "accuracy": 0.9535902142524719, "energy_consumption": 2.676613641879579, "selected": true, "host_energy_consumption": 1.40731778796, "client_name": "sta4"}
2025-12-12 03:25:14,099 - METRIC - INFO - {"loss": 0.16370488703250885, "accuracy": 0.9537814855575562, "energy_consumption": 2.626786076657245, "selected": true, "host_energy_consumption": 1.28046442356, "client_name": "sta2"}
2025-12-12 03:25:14,757 - METRIC - INFO - {"loss": 0.1520249843597412, "accuracy": 0.9544923901557922, "energy_consumption": 2.3846333527201233, "selected": true, "host_energy_consumption": 1.09022521412, "client_name": "sta3"}
2025-12-12 03:25:15,551 - METRIC - INFO - mean_accuracy: 0.9543927311897278

2025-12-12 03:25:15,551 - METRIC - INFO - round: 52
2025-12-12 03:25:15,551 - METRIC - INFO - n_selected: 6
2025-12-12 03:25:15,551 - METRIC - INFO - {"selected_trainers": ["sta0", "sta1", "sta2", "sta3", "sta4", "sta5"]}
2025-12-12 03:25:23,391 - EXECUT - INFO - received weights from trainer sta0!
2025-12-12 03:25:28,887 - EXECUT - INFO - received weights from trainer sta1!
2025-12-12 03:25:37,057 - EXECUT - INFO - received weights from trainer sta2!
2025-12-12 03:25:43,287 - EXECUT - INFO - received weights from trainer sta3!
2025-12-12 03:25:52,107 - EXECUT - INFO - received weights from trainer sta4!
2025-12-12 03:25:57,719 - EXECUT - INFO - received weights from trainer sta5!
2025-12-12 03:25:59,338 - EXECUT - INFO - sent aggregated weights to trainers!
2025-12-12 03:26:20,044 - METRIC - INFO - {"loss": 0.17359444499015808, "accuracy": 0.9530812501907349, "energy_consumption": 2.1251376888994367, "selected": true, "host_energy_consumption": 0.9498265238000001, "client_name": "sta1"}
2025-12-12 03:26:28,463 - METRIC - INFO - {"loss": 0.14840012788772583, "accuracy": 0.9544923901557922, "energy_consumption": 1.8444152580769284, "selected": true, "host_energy_consumption": 1.04211903544, "client_name": "sta0"}
2025-12-12 03:26:28,967 - METRIC - INFO - {"loss": 0.14057281613349915, "accuracy": 0.9597197771072388, "energy_consumption": 1.6631120859049269, "selected": true, "host_energy_consumption": 0.8557332000000001, "client_name": "sta5"}
2025-12-12 03:26:30,185 - METRIC - INFO - {"loss": 0.15147343277931213, "accuracy": 0.9492415189743042, "energy_consumption": 2.420873855045131, "selected": true, "host_energy_consumption": 1.1114104134, "client_name": "sta3"}
2025-12-12 03:26:33,587 - METRIC - INFO - {"loss": 0.15645207464694977, "accuracy": 0.9575163125991821, "energy_consumption": 2.7202484359691805, "selected": true, "host_energy_consumption": 1.3054102852, "client_name": "sta2"}
2025-12-12 03:26:34,642 - METRIC - INFO - {"loss": 0.17533105611801147, "accuracy": 0.9509631991386414, "energy_consumption": 2.743391962520358, "selected": true, "host_energy_consumption": 1.4315268058000001, "client_name": "sta4"}
2025-12-12 03:26:35,375 - METRIC - INFO - mean_accuracy: 0.9541690746943156

2025-12-12 03:26:35,375 - METRIC - INFO - round: 53
2025-12-12 03:26:35,375 - METRIC - INFO - n_selected: 6
2025-12-12 03:26:35,375 - METRIC - INFO - {"selected_trainers": ["sta0", "sta1", "sta2", "sta3", "sta4", "sta5"]}
2025-12-12 03:26:42,622 - EXECUT - INFO - received weights from trainer sta0!
2025-12-12 03:26:49,371 - EXECUT - INFO - received weights from trainer sta1!
2025-12-12 03:26:57,158 - EXECUT - INFO - received weights from trainer sta2!
2025-12-12 03:27:06,877 - EXECUT - INFO - received weights from trainer sta3!
2025-12-12 03:27:13,123 - EXECUT - INFO - received weights from trainer sta4!
2025-12-12 03:27:19,370 - EXECUT - INFO - received weights from trainer sta5!
2025-12-12 03:27:20,984 - EXECUT - INFO - sent aggregated weights to trainers!
2025-12-12 03:27:40,568 - METRIC - INFO - {"loss": 0.14458322525024414, "accuracy": 0.9544923901557922, "energy_consumption": 1.871143782205337, "selected": true, "host_energy_consumption": 1.06253175924, "client_name": "sta0"}
2025-12-12 03:27:40,842 - METRIC - INFO - {"loss": 0.16988106071949005, "accuracy": 0.9530812501907349, "energy_consumption": 2.1575738691842483, "selected": true, "host_energy_consumption": 0.9683110052, "client_name": "sta1"}
2025-12-12 03:27:50,989 - METRIC - INFO - {"loss": 0.13698819279670715, "accuracy": 0.9597197771072388, "energy_consumption": 1.7012597166285126, "selected": true, "host_energy_consumption": 0.8719623575600001, "client_name": "sta5"}
2025-12-12 03:27:57,083 - METRIC - INFO - {"loss": 0.15457327663898468, "accuracy": 0.9584500193595886, "energy_consumption": 2.813710161046229, "selected": true, "host_energy_consumption": 1.33090030332, "client_name": "sta2"}
2025-12-12 03:27:57,257 - METRIC - INFO - {"loss": 0.17269755899906158, "accuracy": 0.9544658660888672, "energy_consumption": 2.7987281501837082, "selected": true, "host_energy_consumption": 1.45721122036, "client_name": "sta4"}
2025-12-12 03:27:57,597 - METRIC - INFO - {"loss": 0.14953747391700745, "accuracy": 0.9533255696296692, "energy_consumption": 2.4838331851757767, "selected": true, "host_energy_consumption": 1.1332953892400002, "client_name": "sta3"}
2025-12-12 03:27:58,023 - METRIC - INFO - mean_accuracy: 0.9555891454219818

2025-12-12 03:27:58,023 - METRIC - INFO - round: 54
2025-12-12 03:27:58,023 - METRIC - INFO - n_selected: 6
2025-12-12 03:27:58,023 - METRIC - INFO - {"selected_trainers": ["sta0", "sta1", "sta2", "sta3", "sta4", "sta5"]}
2025-12-12 03:28:03,922 - EXECUT - INFO - received weights from trainer sta0!
2025-12-12 03:28:08,968 - EXECUT - INFO - received weights from trainer sta1!
2025-12-12 03:28:17,138 - EXECUT - INFO - received weights from trainer sta2!
2025-12-12 03:28:24,217 - EXECUT - INFO - received weights from trainer sta3!
2025-12-12 03:28:32,511 - EXECUT - INFO - received weights from trainer sta4!
2025-12-12 03:28:40,071 - EXECUT - INFO - received weights from trainer sta5!
2025-12-12 03:28:41,688 - EXECUT - INFO - sent aggregated weights to trainers!
2025-12-12 03:29:00,802 - METRIC - INFO - {"loss": 0.14002390205860138, "accuracy": 0.9556592702865601, "energy_consumption": 1.8978376507224013, "selected": true, "host_energy_consumption": 1.0829768507600002, "client_name": "sta0"}
2025-12-12 03:29:01,096 - METRIC - INFO - {"loss": 0.1671333611011505, "accuracy": 0.9530812501907349, "energy_consumption": 2.189998914593475, "selected": true, "host_energy_consumption": 0.98697706604, "client_name": "sta1"}
2025-12-12 03:29:09,307 - METRIC - INFO - {"loss": 0.14279890060424805, "accuracy": 0.9574095606803894, "energy_consumption": 2.520087728094084, "selected": true, "host_energy_consumption": 1.15446995916, "client_name": "sta3"}
2025-12-12 03:29:14,883 - METRIC - INFO - {"loss": 0.13499298691749573, "accuracy": 0.9597197771072388, "energy_consumption": 1.7394069610887464, "selected": true, "host_energy_consumption": 0.88853413152, "client_name": "sta5"}
2025-12-12 03:29:15,365 - METRIC - INFO - {"loss": 0.15447260439395905, "accuracy": 0.9556488990783691, "energy_consumption": 2.880481422446108, "selected": true, "host_energy_consumption": 1.35619011388, "client_name": "sta2"}
2025-12-12 03:29:16,424 - METRIC - INFO - {"loss": 0.17050567269325256, "accuracy": 0.9544658660888672, "energy_consumption": 2.8540485042288304, "selected": true, "host_energy_consumption": 1.48208016068, "client_name": "sta4"}
2025-12-12 03:29:16,725 - METRIC - INFO - mean_accuracy: 0.9559974372386932

2025-12-12 03:29:16,725 - METRIC - INFO - round: 55
2025-12-12 03:29:16,725 - METRIC - INFO - n_selected: 6
2025-12-12 03:29:16,725 - METRIC - INFO - {"selected_trainers": ["sta0", "sta1", "sta2", "sta3", "sta4", "sta5"]}
2025-12-12 03:29:22,443 - EXECUT - INFO - received weights from trainer sta0!
2025-12-12 03:29:28,946 - EXECUT - INFO - received weights from trainer sta1!
2025-12-12 03:29:36,464 - EXECUT - INFO - received weights from trainer sta2!
2025-12-12 03:29:44,286 - EXECUT - INFO - received weights from trainer sta3!
2025-12-12 03:29:51,792 - EXECUT - INFO - received weights from trainer sta4!
2025-12-12 03:29:58,278 - EXECUT - INFO - received weights from trainer sta5!
2025-12-12 03:29:59,887 - EXECUT - INFO - sent aggregated weights to trainers!
2025-12-12 03:30:23,892 - METRIC - INFO - {"loss": 0.1632472276687622, "accuracy": 0.9537814855575562, "energy_consumption": 2.2491311744748623, "selected": true, "host_energy_consumption": 1.00514096004, "client_name": "sta1"}
2025-12-12 03:30:27,125 - METRIC - INFO - {"loss": 0.13733263313770294, "accuracy": 0.9591598510742188, "energy_consumption": 1.9245405097971116, "selected": true, "host_energy_consumption": 1.1033616496, "client_name": "sta0"}
2025-12-12 03:30:29,322 - METRIC - INFO - {"loss": 0.13134720921516418, "accuracy": 0.9597197771072388, "energy_consumption": 1.804256714920249, "selected": true, "host_energy_consumption": 0.9048527544, "client_name": "sta5"}
2025-12-12 03:30:31,020 - METRIC - INFO - {"loss": 0.1404595524072647, "accuracy": 0.9568261504173279, "energy_consumption": 2.583043330703924, "selected": true, "host_energy_consumption": 1.17561908212, "client_name": "sta3"}
2025-12-12 03:30:32,201 - METRIC - INFO - {"loss": 0.16409200429916382, "accuracy": 0.9562171697616577, "energy_consumption": 2.9208290740985796, "selected": true, "host_energy_consumption": 1.506991535, "client_name": "sta4"}
2025-12-12 03:30:33,807 - METRIC - INFO - {"loss": 0.14879575371742249, "accuracy": 0.9612511396408081, "energy_consumption": 2.9110086002397946, "selected": true, "host_energy_consumption": 1.38075559076, "client_name": "sta2"}
2025-12-12 03:30:33,923 - METRIC - INFO - mean_accuracy: 0.9578259289264679

2025-12-12 03:30:33,923 - METRIC - INFO - round: 56
2025-12-12 03:30:33,923 - METRIC - INFO - n_selected: 6
2025-12-12 03:30:33,923 - METRIC - INFO - {"selected_trainers": ["sta0", "sta1", "sta2", "sta3", "sta4", "sta5"]}
2025-12-12 03:30:39,687 - EXECUT - INFO - received weights from trainer sta0!
2025-12-12 03:30:45,625 - EXECUT - INFO - received weights from trainer sta1!
2025-12-12 03:30:54,924 - EXECUT - INFO - received weights from trainer sta2!
2025-12-12 03:31:01,526 - EXECUT - INFO - received weights from trainer sta3!
2025-12-12 03:31:07,419 - EXECUT - INFO - received weights from trainer sta4!
2025-12-12 03:31:12,845 - EXECUT - INFO - received weights from trainer sta5!
2025-12-12 03:31:14,451 - EXECUT - INFO - sent aggregated weights to trainers!
2025-12-12 03:31:33,089 - METRIC - INFO - {"loss": 0.1612953394651413, "accuracy": 0.9565826058387756, "energy_consumption": 2.281565216799984, "selected": true, "host_energy_consumption": 1.02377140572, "client_name": "sta1"}
2025-12-12 03:31:34,616 - METRIC - INFO - {"loss": 0.1374426931142807, "accuracy": 0.9591598510742188, "energy_consumption": 1.9779514973416212, "selected": true, "host_energy_consumption": 1.1236690318, "client_name": "sta0"}
2025-12-12 03:31:43,249 - METRIC - INFO - {"loss": 0.1747054159641266, "accuracy": 0.9518388509750366, "energy_consumption": 2.9494521150477078, "selected": true, "host_energy_consumption": 1.53182009232, "client_name": "sta4"}
2025-12-12 03:31:48,847 - METRIC - INFO - {"loss": 0.1467517614364624, "accuracy": 0.9607843160629272, "energy_consumption": 2.941526189800866, "selected": true, "host_energy_consumption": 1.4055744407600002, "client_name": "sta2"}
2025-12-12 03:31:49,364 - METRIC - INFO - {"loss": 0.12801627814769745, "accuracy": 0.9649737477302551, "energy_consumption": 1.8424026845524744, "selected": true, "host_energy_consumption": 0.92160443256, "client_name": "sta5"}
2025-12-12 03:31:49,551 - METRIC - INFO - {"loss": 0.13909627497196198, "accuracy": 0.9585764408111572, "energy_consumption": 2.619295997940122, "selected": true, "host_energy_consumption": 1.1974507546400002, "client_name": "sta3"}
2025-12-12 03:31:50,488 - METRIC - INFO - mean_accuracy: 0.9586526354153951

2025-12-12 03:31:50,488 - METRIC - INFO - round: 57
2025-12-12 03:31:50,488 - METRIC - INFO - n_selected: 6
2025-12-12 03:31:50,488 - METRIC - INFO - {"selected_trainers": ["sta0", "sta1", "sta2", "sta3", "sta4", "sta5"]}
2025-12-12 03:31:55,779 - EXECUT - INFO - received weights from trainer sta0!
2025-12-12 03:32:01,250 - EXECUT - INFO - received weights from trainer sta1!
2025-12-12 03:32:07,365 - EXECUT - INFO - received weights from trainer sta2!
2025-12-12 03:32:13,802 - EXECUT - INFO - received weights from trainer sta3!
2025-12-12 03:32:20,529 - EXECUT - INFO - received weights from trainer sta4!
2025-12-12 03:32:26,823 - EXECUT - INFO - received weights from trainer sta5!
2025-12-12 03:32:28,430 - EXECUT - INFO - sent aggregated weights to trainers!
2025-12-12 03:32:49,243 - METRIC - INFO - {"loss": 0.13122668862342834, "accuracy": 0.9614936113357544, "energy_consumption": 2.0046697242931515, "selected": true, "host_energy_consumption": 1.1435532536400002, "client_name": "sta0"}
2025-12-12 03:32:51,945 - METRIC - INFO - {"loss": 0.15893788635730743, "accuracy": 0.9558823704719543, "energy_consumption": 2.281565216799984, "selected": true, "host_energy_consumption": 1.04170089604, "client_name": "sta1"}
2025-12-12 03:32:58,705 - METRIC - INFO - {"loss": 0.1442267894744873, "accuracy": 0.9607843160629272, "energy_consumption": 2.9720570887571096, "selected": true, "host_energy_consumption": 1.4308309268400001, "client_name": "sta2"}
2025-12-12 03:33:00,415 - METRIC - INFO - {"loss": 0.13619324564933777, "accuracy": 0.9597432613372803, "energy_consumption": 2.655538110490533, "selected": true, "host_energy_consumption": 1.21829926792, "client_name": "sta3"}
2025-12-12 03:33:02,305 - METRIC - INFO - {"loss": 0.12578874826431274, "accuracy": 0.9649737477302551, "energy_consumption": 1.8424026845524744, "selected": true, "host_energy_consumption": 0.9383332618800001, "client_name": "sta5"}
2025-12-12 03:33:03,895 - METRIC - INFO - {"loss": 0.15906472504138947, "accuracy": 0.9562171697616577, "energy_consumption": 3.0047677401485253, "selected": true, "host_energy_consumption": 1.5567141716000001, "client_name": "sta4"}
2025-12-12 03:33:04,468 - METRIC - INFO - mean_accuracy: 0.9598490794499716

2025-12-12 03:33:04,468 - METRIC - INFO - round: 58
2025-12-12 03:33:04,468 - METRIC - INFO - n_selected: 6
2025-12-12 03:33:04,468 - METRIC - INFO - {"selected_trainers": ["sta0", "sta1", "sta2", "sta3", "sta4", "sta5"]}
2025-12-12 03:33:09,548 - EXECUT - INFO - received weights from trainer sta0!
2025-12-12 03:33:16,667 - EXECUT - INFO - received weights from trainer sta1!
2025-12-12 03:33:23,694 - EXECUT - INFO - received weights from trainer sta2!
2025-12-12 03:33:29,770 - EXECUT - INFO - received weights from trainer sta3!
2025-12-12 03:33:36,286 - EXECUT - INFO - received weights from trainer sta4!
2025-12-12 03:33:41,880 - EXECUT - INFO - received weights from trainer sta5!
2025-12-12 03:33:43,485 - EXECUT - INFO - sent aggregated weights to trainers!
2025-12-12 03:34:02,089 - METRIC - INFO - {"loss": 0.13572150468826294, "accuracy": 0.9579929709434509, "energy_consumption": 2.031374085503117, "selected": true, "host_energy_consumption": 1.16404318912, "client_name": "sta0"}
2025-12-12 03:34:06,244 - METRIC - INFO - {"loss": 0.15505613386631012, "accuracy": 0.9558823704719543, "energy_consumption": 2.313994321948294, "selected": true, "host_energy_consumption": 1.0599864352000001, "client_name": "sta1"}
2025-12-12 03:34:08,527 - METRIC - INFO - {"loss": 0.1413126438856125, "accuracy": 0.9626517295837402, "energy_consumption": 3.0292919531226072, "selected": true, "host_energy_consumption": 1.4558267421600002, "client_name": "sta2"}
2025-12-12 03:34:12,854 - METRIC - INFO - {"loss": 0.12204068899154663, "accuracy": 0.9684763550758362, "energy_consumption": 1.8805496015631242, "selected": true, "host_energy_consumption": 0.95465383272, "client_name": "sta5"}
2025-12-12 03:34:13,216 - METRIC - INFO - {"loss": 0.15540114045143127, "accuracy": 0.9579684734344482, "energy_consumption": 3.0982391806230845, "selected": true, "host_energy_consumption": 1.58166772316, "client_name": "sta4"}
2025-12-12 03:34:14,543 - METRIC - INFO - {"loss": 0.13189008831977844, "accuracy": 0.9632439017295837, "energy_consumption": 2.691786446172693, "selected": true, "host_energy_consumption": 1.23904766944, "client_name": "sta3"}
2025-12-12 03:34:15,520 - METRIC - INFO - mean_accuracy: 0.961035966873169

2025-12-12 03:34:15,520 - METRIC - INFO - round: 59
2025-12-12 03:34:15,520 - METRIC - INFO - n_selected: 6
2025-12-12 03:34:15,520 - METRIC - INFO - {"selected_trainers": ["sta0", "sta1", "sta2", "sta3", "sta4", "sta5"]}
2025-12-12 03:34:22,071 - EXECUT - INFO - received weights from trainer sta0!
2025-12-12 03:34:27,342 - EXECUT - INFO - received weights from trainer sta1!
2025-12-12 03:34:35,142 - EXECUT - INFO - received weights from trainer sta2!
2025-12-12 03:34:42,106 - EXECUT - INFO - received weights from trainer sta3!
2025-12-12 03:34:50,460 - EXECUT - INFO - received weights from trainer sta4!
2025-12-12 03:34:56,041 - EXECUT - INFO - received weights from trainer sta5!
2025-12-12 03:34:57,646 - EXECUT - INFO - sent aggregated weights to trainers!
2025-12-12 03:35:17,173 - METRIC - INFO - {"loss": 0.15355971455574036, "accuracy": 0.9572829008102417, "energy_consumption": 2.3464436272392044, "selected": true, "host_energy_consumption": 1.07765646828, "client_name": "sta1"}
2025-12-12 03:35:19,588 - METRIC - INFO - {"loss": 0.12793414294719696, "accuracy": 0.9614936113357544, "energy_consumption": 2.058084405977681, "selected": true, "host_energy_consumption": 1.1841009233200002, "client_name": "sta0"}
2025-12-12 03:35:27,975 - METRIC - INFO - {"loss": 0.13744576275348663, "accuracy": 0.9640522599220276, "energy_consumption": 3.0598106029209315, "selected": true, "host_energy_consumption": 1.4803636960000002, "client_name": "sta2"}
2025-12-12 03:35:28,944 - METRIC - INFO - {"loss": 0.13056711852550507, "accuracy": 0.9638273119926453, "energy_consumption": 2.7280302627326245, "selected": true, "host_energy_consumption": 1.2599381384800001, "client_name": "sta3"}
2025-12-12 03:35:29,760 - METRIC - INFO - {"loss": 0.12142498046159744, "accuracy": 0.9684763550758362, "energy_consumption": 1.9072723905550426, "selected": true, "host_energy_consumption": 0.97076496804, "client_name": "sta5"}
2025-12-12 03:35:34,908 - METRIC - INFO - {"loss": 0.15359637141227722, "accuracy": 0.9579684734344482, "energy_consumption": 3.126849702188894, "selected": true, "host_energy_consumption": 1.60632500616, "client_name": "sta4"}
2025-12-12 03:35:35,686 - METRIC - INFO - mean_accuracy: 0.9621834854284922

2025-12-12 03:35:35,686 - METRIC - INFO - round: 60
2025-12-12 03:35:35,686 - METRIC - INFO - n_selected: 6
2025-12-12 03:35:35,686 - METRIC - INFO - {"selected_trainers": ["sta0", "sta1", "sta2", "sta3", "sta4", "sta5"]}
2025-12-12 03:35:41,990 - EXECUT - INFO - received weights from trainer sta0!
2025-12-12 03:35:47,431 - EXECUT - INFO - received weights from trainer sta1!
2025-12-12 03:35:53,960 - EXECUT - INFO - received weights from trainer sta2!
2025-12-12 03:36:01,384 - EXECUT - INFO - received weights from trainer sta3!
2025-12-12 03:36:10,207 - EXECUT - INFO - received weights from trainer sta4!
2025-12-12 03:36:17,298 - EXECUT - INFO - received weights from trainer sta5!
2025-12-12 03:36:18,911 - EXECUT - INFO - sent aggregated weights to trainers!
2025-12-12 03:36:40,495 - METRIC - INFO - {"loss": 0.1251961588859558, "accuracy": 0.9638273119926453, "energy_consumption": 2.0847963557523883, "selected": true, "host_energy_consumption": 1.20401320648, "client_name": "sta0"}
2025-12-12 03:36:45,065 - METRIC - INFO - {"loss": 0.15016938745975494, "accuracy": 0.9586834907531738, "energy_consumption": 2.3788833490661654, "selected": true, "host_energy_consumption": 1.0953212886, "client_name": "sta1"}
2025-12-12 03:36:51,430 - METRIC - INFO - {"loss": 0.12922099232673645, "accuracy": 0.9638273119926453, "energy_consumption": 2.764278975140777, "selected": true, "host_energy_consumption": 1.28058099316, "client_name": "sta3"}
2025-12-12 03:36:53,641 - METRIC - INFO - {"loss": 0.11715822666883469, "accuracy": 0.9684763550758362, "energy_consumption": 1.9454219875657153, "selected": true, "host_energy_consumption": 0.9868499902800001, "client_name": "sta5"}
2025-12-12 03:36:55,920 - METRIC - INFO - {"loss": 0.1354549080133438, "accuracy": 0.9645191431045532, "energy_consumption": 3.1265818452460916, "selected": true, "host_energy_consumption": 1.5050723338, "client_name": "sta2"}
2025-12-12 03:36:56,315 - METRIC - INFO - {"loss": 0.15356981754302979, "accuracy": 0.9597197771072388, "energy_consumption": 3.155467686744134, "selected": true, "host_energy_consumption": 1.63150597204, "client_name": "sta4"}
2025-12-12 03:36:56,951 - METRIC - INFO - mean_accuracy: 0.9631755650043488

2025-12-12 03:36:56,951 - METRIC - INFO - round: 61
2025-12-12 03:36:56,951 - METRIC - INFO - n_selected: 6
2025-12-12 03:36:56,951 - METRIC - INFO - {"selected_trainers": ["sta0", "sta1", "sta2", "sta3", "sta4", "sta5"]}
2025-12-12 03:37:02,866 - EXECUT - INFO - received weights from trainer sta0!
2025-12-12 03:37:08,306 - EXECUT - INFO - received weights from trainer sta1!
2025-12-12 03:37:18,306 - EXECUT - INFO - received weights from trainer sta2!
2025-12-12 03:37:25,671 - EXECUT - INFO - received weights from trainer sta3!
2025-12-12 03:37:35,754 - EXECUT - INFO - received weights from trainer sta4!
2025-12-12 03:37:41,389 - EXECUT - INFO - received weights from trainer sta5!
2025-12-12 03:37:42,993 - EXECUT - INFO - sent aggregated weights to trainers!
2025-12-12 03:38:03,886 - METRIC - INFO - {"loss": 0.14857472479343414, "accuracy": 0.9565826058387756, "energy_consumption": 2.4380337156381637, "selected": true, "host_energy_consumption": 1.11346183732, "client_name": "sta1"}
2025-12-12 03:38:05,920 - METRIC - INFO - {"loss": 0.12317875772714615, "accuracy": 0.9649941921234131, "energy_consumption": 2.138207855135562, "selected": true, "host_energy_consumption": 1.22399824064, "client_name": "sta0"}
2025-12-12 03:38:11,070 - METRIC - INFO - {"loss": 0.13490484654903412, "accuracy": 0.9645191431045532, "energy_consumption": 3.1838058052223612, "selected": true, "host_energy_consumption": 1.5305715292000002, "client_name": "sta2"}
2025-12-12 03:38:13,703 - METRIC - INFO - {"loss": 0.12555140256881714, "accuracy": 0.9661610126495361, "energy_consumption": 2.764278975140777, "selected": true, "host_energy_consumption": 1.30182224732, "client_name": "sta3"}
2025-12-12 03:38:14,441 - METRIC - INFO - {"loss": 0.11559303849935532, "accuracy": 0.9702276587486267, "energy_consumption": 1.9835695101991384, "selected": true, "host_energy_consumption": 1.00297161888, "client_name": "sta5"}
2025-12-12 03:38:15,236 - METRIC - INFO - {"loss": 0.14861080050468445, "accuracy": 0.957092821598053, "energy_consumption": 3.184087569235333, "selected": true, "host_energy_consumption": 1.65597586532, "client_name": "sta4"}
2025-12-12 03:38:16,028 - METRIC - INFO - mean_accuracy: 0.9632629056771597

2025-12-12 03:38:16,028 - METRIC - INFO - round: 62
2025-12-12 03:38:16,028 - METRIC - INFO - n_selected: 6
2025-12-12 03:38:16,028 - METRIC - INFO - {"selected_trainers": ["sta0", "sta1", "sta2", "sta3", "sta4", "sta5"]}
2025-12-12 03:38:21,937 - EXECUT - INFO - received weights from trainer sta0!
2025-12-12 03:38:27,851 - EXECUT - INFO - received weights from trainer sta1!
2025-12-12 03:38:35,448 - EXECUT - INFO - received weights from trainer sta2!
2025-12-12 03:38:43,926 - EXECUT - INFO - received weights from trainer sta3!
2025-12-12 03:38:51,884 - EXECUT - INFO - received weights from trainer sta4!
2025-12-12 03:38:57,906 - EXECUT - INFO - received weights from trainer sta5!
2025-12-12 03:38:59,514 - EXECUT - INFO - sent aggregated weights to trainers!
2025-12-12 03:39:19,829 - METRIC - INFO - {"loss": 0.14661796391010284, "accuracy": 0.9586834907531738, "energy_consumption": 2.470461588876611, "selected": true, "host_energy_consumption": 1.1319394657200001, "client_name": "sta1"}
2025-12-12 03:39:21,055 - METRIC - INFO - {"loss": 0.11906205117702484, "accuracy": 0.967327892780304, "energy_consumption": 2.1649220350645066, "selected": true, "host_energy_consumption": 1.24403333096, "client_name": "sta0"}
2025-12-12 03:39:26,493 - METRIC - INFO - {"loss": 0.12313526123762131, "accuracy": 0.9667444825172424, "energy_consumption": 2.8005230158288237, "selected": true, "host_energy_consumption": 1.32299972252, "client_name": "sta3"}
2025-12-12 03:39:30,659 - METRIC - INFO - {"loss": 0.1144714206457138, "accuracy": 0.9702276587486267, "energy_consumption": 2.0484359639596823, "selected": true, "host_energy_consumption": 1.01918746384, "client_name": "sta5"}
2025-12-12 03:39:32,912 - METRIC - INFO - {"loss": 0.13241985440254211, "accuracy": 0.9640522599220276, "energy_consumption": 3.214323744486874, "selected": true, "host_energy_consumption": 1.5553096129200001, "client_name": "sta2"}
2025-12-12 03:39:33,533 - METRIC - INFO - {"loss": 0.14721018075942993, "accuracy": 0.9588441252708435, "energy_consumption": 3.2127140674798818, "selected": true, "host_energy_consumption": 1.68035458444, "client_name": "sta4"}
2025-12-12 03:39:33,550 - METRIC - INFO - mean_accuracy: 0.9643133183320364

2025-12-12 03:39:33,550 - METRIC - INFO - round: 63
2025-12-12 03:39:33,550 - METRIC - INFO - n_selected: 6
2025-12-12 03:39:33,550 - METRIC - INFO - {"selected_trainers": ["sta0", "sta1", "sta2", "sta3", "sta4", "sta5"]}
2025-12-12 03:39:39,910 - EXECUT - INFO - received weights from trainer sta0!
2025-12-12 03:39:44,901 - EXECUT - INFO - received weights from trainer sta1!
2025-12-12 03:39:55,925 - EXECUT - INFO - received weights from trainer sta2!
2025-12-12 03:40:01,983 - EXECUT - INFO - received weights from trainer sta3!
2025-12-12 03:40:08,552 - EXECUT - INFO - received weights from trainer sta4!
2025-12-12 03:40:14,794 - EXECUT - INFO - received weights from trainer sta5!
2025-12-12 03:40:16,406 - EXECUT - INFO - sent aggregated weights to trainers!
2025-12-12 03:40:33,850 - METRIC - INFO - {"loss": 0.1198226660490036, "accuracy": 0.967327892780304, "energy_consumption": 2.191634552312536, "selected": true, "host_energy_consumption": 1.26406332836, "client_name": "sta0"}
2025-12-12 03:40:37,962 - METRIC - INFO - {"loss": 0.1434086561203003, "accuracy": 0.9586834907531738, "energy_consumption": 2.5295996156857052, "selected": true, "host_energy_consumption": 1.1498834824400002, "client_name": "sta1"}
2025-12-12 03:40:50,986 - METRIC - INFO - {"loss": 0.1293824166059494, "accuracy": 0.9654528498649597, "energy_consumption": 3.271552601900934, "selected": true, "host_energy_consumption": 1.5801187729600001, "client_name": "sta2"}
2025-12-12 03:40:52,373 - METRIC - INFO - {"loss": 0.1451585292816162, "accuracy": 0.957092821598053, "energy_consumption": 3.279477120386178, "selected": true, "host_energy_consumption": 1.7050930610000001, "client_name": "sta4"}
2025-12-12 03:40:53,463 - METRIC - INFO - {"loss": 0.12145662307739258, "accuracy": 0.9655776023864746, "energy_consumption": 2.8634657414041067, "selected": true, "host_energy_consumption": 1.34406597696, "client_name": "sta3"}
2025-12-12 03:40:53,610 - METRIC - INFO - {"loss": 0.11173640936613083, "accuracy": 0.9684763550758362, "energy_consumption": 2.1132882849323726, "selected": true, "host_energy_consumption": 1.03580553412, "client_name": "sta5"}
2025-12-12 03:40:54,445 - METRIC - INFO - mean_accuracy: 0.9637685020764669

2025-12-12 03:40:54,445 - METRIC - INFO - round: 64
2025-12-12 03:40:54,445 - METRIC - INFO - n_selected: 6
2025-12-12 03:40:54,445 - METRIC - INFO - {"selected_trainers": ["sta0", "sta1", "sta2", "sta3", "sta4", "sta5"]}
2025-12-12 03:40:59,497 - EXECUT - INFO - received weights from trainer sta0!
2025-12-12 03:41:04,066 - EXECUT - INFO - received weights from trainer sta1!
2025-12-12 03:41:13,810 - EXECUT - INFO - received weights from trainer sta2!
2025-12-12 03:41:19,623 - EXECUT - INFO - received weights from trainer sta3!
2025-12-12 03:41:25,669 - EXECUT - INFO - received weights from trainer sta4!
2025-12-12 03:41:31,931 - EXECUT - INFO - received weights from trainer sta5!
2025-12-12 03:41:33,556 - EXECUT - INFO - sent aggregated weights to trainers!
2025-12-12 03:41:49,165 - METRIC - INFO - {"loss": 0.14186759293079376, "accuracy": 0.9600840210914612, "energy_consumption": 2.562025384345241, "selected": true, "host_energy_consumption": 1.1679531262, "client_name": "sta1"}
2025-12-12 03:41:52,137 - METRIC - INFO - {"loss": 0.1158914715051651, "accuracy": 0.9684947729110718, "energy_consumption": 2.218348504934241, "selected": true, "host_energy_consumption": 1.28380939596, "client_name": "sta0"}
2025-12-12 03:42:01,924 - METRIC - INFO - {"loss": 0.11777500808238983, "accuracy": 0.9679113030433655, "energy_consumption": 2.9264213821634053, "selected": true, "host_energy_consumption": 1.36515990016, "client_name": "sta3"}
2025-12-12 03:42:03,056 - METRIC - INFO - {"loss": 0.10885514318943024, "accuracy": 0.9719789624214172, "energy_consumption": 2.1132882849323726, "selected": true, "host_energy_consumption": 1.0517844629600002, "client_name": "sta5"}
2025-12-12 03:42:06,375 - METRIC - INFO - {"loss": 0.12765169143676758, "accuracy": 0.9654528498649597, "energy_consumption": 3.328777866906874, "selected": true, "host_energy_consumption": 1.6051244316800002, "client_name": "sta2"}
2025-12-12 03:42:06,713 - METRIC - INFO - {"loss": 0.1438383311033249, "accuracy": 0.9597197771072388, "energy_consumption": 3.334807978251123, "selected": true, "host_energy_consumption": 1.73017458124, "client_name": "sta4"}
2025-12-12 03:42:07,592 - METRIC - INFO - mean_accuracy: 0.9656069477399191

2025-12-12 03:42:07,592 - METRIC - INFO - round: 65
2025-12-12 03:42:07,592 - METRIC - INFO - n_selected: 6
2025-12-12 03:42:07,592 - METRIC - INFO - {"selected_trainers": ["sta0", "sta1", "sta2", "sta3", "sta4", "sta5"]}
2025-12-12 03:42:14,514 - EXECUT - INFO - received weights from trainer sta0!
2025-12-12 03:42:20,805 - EXECUT - INFO - received weights from trainer sta1!
2025-12-12 03:42:27,786 - EXECUT - INFO - received weights from trainer sta2!
2025-12-12 03:42:34,129 - EXECUT - INFO - received weights from trainer sta3!
2025-12-12 03:42:40,180 - EXECUT - INFO - received weights from trainer sta4!
2025-12-12 03:42:45,821 - EXECUT - INFO - received weights from trainer sta5!
2025-12-12 03:42:47,431 - EXECUT - INFO - sent aggregated weights to trainers!
2025-12-12 03:43:07,596 - METRIC - INFO - {"loss": 0.11678200960159302, "accuracy": 0.967327892780304, "energy_consumption": 2.245061672312758, "selected": true, "host_energy_consumption": 1.3037729308800001, "client_name": "sta0"}
2025-12-12 03:43:10,735 - METRIC - INFO - {"loss": 0.1394905149936676, "accuracy": 0.9572829008102417, "energy_consumption": 2.621156669825674, "selected": true, "host_energy_consumption": 1.1859536242400002, "client_name": "sta1"}
2025-12-12 03:43:16,956 - METRIC - INFO - {"loss": 0.10722334682941437, "accuracy": 0.9719789624214172, "energy_consumption": 2.1514383747069905, "selected": true, "host_energy_consumption": 1.06858582096, "client_name": "sta5"}
2025-12-12 03:43:17,196 - METRIC - INFO - {"loss": 0.1409292370080948, "accuracy": 0.960595428943634, "energy_consumption": 3.3634333224742954, "selected": true, "host_energy_consumption": 1.75524489056, "client_name": "sta4"}
2025-12-12 03:43:18,278 - METRIC - INFO - {"loss": 0.1177135482430458, "accuracy": 0.9679113030433655, "energy_consumption": 2.9626603664575493, "selected": true, "host_energy_consumption": 1.38596575768, "client_name": "sta3"}
2025-12-12 03:43:20,814 - METRIC - INFO - {"loss": 0.12669216096401215, "accuracy": 0.9645191431045532, "energy_consumption": 3.3592978884964406, "selected": true, "host_energy_consumption": 1.6297032040800001, "client_name": "sta2"}
2025-12-12 03:43:21,466 - METRIC - INFO - mean_accuracy: 0.9649359385172526

2025-12-12 03:43:21,466 - METRIC - INFO - round: 66
2025-12-12 03:43:21,466 - METRIC - INFO - n_selected: 6
2025-12-12 03:43:21,466 - METRIC - INFO - {"selected_trainers": ["sta0", "sta1", "sta2", "sta3", "sta4", "sta5"]}
2025-12-12 03:43:26,917 - EXECUT - INFO - received weights from trainer sta0!
2025-12-12 03:43:33,059 - EXECUT - INFO - received weights from trainer sta1!
2025-12-12 03:43:41,969 - EXECUT - INFO - received weights from trainer sta2!
2025-12-12 03:43:50,821 - EXECUT - INFO - received weights from trainer sta3!
2025-12-12 03:44:00,220 - EXECUT - INFO - received weights from trainer sta4!
2025-12-12 03:44:06,614 - EXECUT - INFO - received weights from trainer sta5!
2025-12-12 03:44:08,229 - EXECUT - INFO - sent aggregated weights to trainers!
2025-12-12 03:44:29,437 - METRIC - INFO - {"loss": 0.11387108266353607, "accuracy": 0.967327892780304, "energy_consumption": 2.2717802728111565, "selected": true, "host_energy_consumption": 1.3236284070800002, "client_name": "sta0"}
2025-12-12 03:44:33,221 - METRIC - INFO - {"loss": 0.13730362057685852, "accuracy": 0.9586834907531738, "energy_consumption": 2.6802949732184027, "selected": true, "host_energy_consumption": 1.20388248232, "client_name": "sta1"}
2025-12-12 03:44:39,298 - METRIC - INFO - {"loss": 0.1156591847538948, "accuracy": 0.967327892780304, "energy_consumption": 2.9989068614279484, "selected": true, "host_energy_consumption": 1.40707936796, "client_name": "sta3"}
2025-12-12 03:44:43,291 - METRIC - INFO - {"loss": 0.1062806099653244, "accuracy": 0.9702276587486267, "energy_consumption": 2.189587793686818, "selected": true, "host_energy_consumption": 1.08470958596, "client_name": "sta5"}
2025-12-12 03:44:43,944 - METRIC - INFO - {"loss": 0.13700708746910095, "accuracy": 0.9614710807800293, "energy_consumption": 3.3920453080259017, "selected": true, "host_energy_consumption": 1.7800677566, "client_name": "sta4"}
2025-12-12 03:44:44,569 - METRIC - INFO - {"loss": 0.12396932393312454, "accuracy": 0.9659196734428406, "energy_consumption": 3.426067463371977, "selected": true, "host_energy_consumption": 1.65477368448, "client_name": "sta2"}
2025-12-12 03:44:45,268 - METRIC - INFO - mean_accuracy: 0.9651596148808798

2025-12-12 03:44:45,268 - METRIC - INFO - round: 67
2025-12-12 03:44:45,268 - METRIC - INFO - n_selected: 6
2025-12-12 03:44:45,268 - METRIC - INFO - {"selected_trainers": ["sta0", "sta1", "sta2", "sta3", "sta4", "sta5"]}
2025-12-12 03:44:50,752 - EXECUT - INFO - received weights from trainer sta0!
2025-12-12 03:44:56,226 - EXECUT - INFO - received weights from trainer sta1!
2025-12-12 03:45:02,726 - EXECUT - INFO - received weights from trainer sta2!
2025-12-12 03:45:08,553 - EXECUT - INFO - received weights from trainer sta3!
2025-12-12 03:45:17,961 - EXECUT - INFO - received weights from trainer sta4!
2025-12-12 03:45:24,201 - EXECUT - INFO - received weights from trainer sta5!
2025-12-12 03:45:25,814 - EXECUT - INFO - sent aggregated weights to trainers!
2025-12-12 03:45:45,548 - METRIC - INFO - {"loss": 0.11022012680768967, "accuracy": 0.9708284735679626, "energy_consumption": 2.3252133870463183, "selected": true, "host_energy_consumption": 1.34357394696, "client_name": "sta0"}
2025-12-12 03:45:49,238 - METRIC - INFO - {"loss": 0.13604165613651276, "accuracy": 0.9593837261199951, "energy_consumption": 2.712729001237471, "selected": true, "host_energy_consumption": 1.221562923, "client_name": "sta1"}
2025-12-12 03:45:55,459 - METRIC - INFO - {"loss": 0.12198813259601593, "accuracy": 0.9668533802032471, "energy_consumption": 3.4565848049615067, "selected": true, "host_energy_consumption": 1.67983377436, "client_name": "sta2"}
2025-12-12 03:45:58,327 - METRIC - INFO - {"loss": 0.10298460721969604, "accuracy": 0.9719789624214172, "energy_consumption": 2.2277344118599762, "selected": true, "host_energy_consumption": 1.1009976012, "client_name": "sta5"}
2025-12-12 03:45:59,511 - METRIC - INFO - {"loss": 0.11341264843940735, "accuracy": 0.9679113030433655, "energy_consumption": 3.0618503833733337, "selected": true, "host_energy_consumption": 1.4278511312800002, "client_name": "sta3"}
2025-12-12 03:46:01,223 - METRIC - INFO - {"loss": 0.13673751056194305, "accuracy": 0.9614710807800293, "energy_consumption": 3.458802903968904, "selected": true, "host_energy_consumption": 1.8044971814800002, "client_name": "sta4"}
2025-12-12 03:46:01,852 - METRIC - INFO - mean_accuracy: 0.9664044876893362

2025-12-12 03:46:01,852 - METRIC - INFO - round: 68
2025-12-12 03:46:01,852 - METRIC - INFO - n_selected: 6
2025-12-12 03:46:01,852 - METRIC - INFO - {"selected_trainers": ["sta0", "sta1", "sta2", "sta3", "sta4", "sta5"]}
2025-12-12 03:46:08,202 - EXECUT - INFO - received weights from trainer sta0!
2025-12-12 03:46:13,446 - EXECUT - INFO - received weights from trainer sta1!
2025-12-12 03:46:19,775 - EXECUT - INFO - received weights from trainer sta2!
2025-12-12 03:46:26,652 - EXECUT - INFO - received weights from trainer sta3!
2025-12-12 03:46:36,539 - EXECUT - INFO - received weights from trainer sta4!
2025-12-12 03:46:42,413 - EXECUT - INFO - received weights from trainer sta5!
2025-12-12 03:46:44,025 - EXECUT - INFO - sent aggregated weights to trainers!
2025-12-12 03:47:08,514 - METRIC - INFO - {"loss": 0.13422083854675293, "accuracy": 0.9642857313156128, "energy_consumption": 2.7451682795768813, "selected": true, "host_energy_consumption": 1.23989450228, "client_name": "sta1"}
2025-12-12 03:47:10,041 - METRIC - INFO - {"loss": 0.11098001152276993, "accuracy": 0.9708284735679626, "energy_consumption": 2.3519207064295102, "selected": true, "host_energy_consumption": 1.36359827072, "client_name": "sta0"}
2025-12-12 03:47:16,164 - METRIC - INFO - {"loss": 0.13396944105625153, "accuracy": 0.9614710807800293, "energy_consumption": 3.5141242435419167, "selected": true, "host_energy_consumption": 1.8293475284, "client_name": "sta4"}
2025-12-12 03:47:18,146 - METRIC - INFO - {"loss": 0.1011449545621872, "accuracy": 0.9719789624214172, "energy_consumption": 2.26589195985533, "selected": true, "host_energy_consumption": 1.11748235396, "client_name": "sta5"}
2025-12-12 03:47:19,341 - METRIC - INFO - {"loss": 0.11183545738458633, "accuracy": 0.967327892780304, "energy_consumption": 3.098112600692681, "selected": true, "host_energy_consumption": 1.4488715679200002, "client_name": "sta3"}
2025-12-12 03:47:20,379 - METRIC - INFO - {"loss": 0.120093934237957, "accuracy": 0.9663865566253662, "energy_consumption": 3.487117039149096, "selected": true, "host_energy_consumption": 1.70458259048, "client_name": "sta2"}
2025-12-12 03:47:21,067 - METRIC - INFO - mean_accuracy: 0.967046449581782

2025-12-12 03:47:21,067 - METRIC - INFO - round: 69
2025-12-12 03:47:21,067 - METRIC - INFO - n_selected: 6
2025-12-12 03:47:21,067 - METRIC - INFO - {"selected_trainers": ["sta0", "sta1", "sta2", "sta3", "sta4", "sta5"]}
2025-12-12 03:47:26,410 - EXECUT - INFO - received weights from trainer sta0!
2025-12-12 03:47:32,496 - EXECUT - INFO - received weights from trainer sta1!
2025-12-12 03:47:38,832 - EXECUT - INFO - received weights from trainer sta2!
2025-12-12 03:47:45,972 - EXECUT - INFO - received weights from trainer sta3!
2025-12-12 03:47:52,931 - EXECUT - INFO - received weights from trainer sta4!
2025-12-12 03:48:00,796 - EXECUT - INFO - received weights from trainer sta5!
2025-12-12 03:48:02,435 - EXECUT - INFO - sent aggregated weights to trainers!
2025-12-12 03:48:21,326 - METRIC - INFO - {"loss": 0.13185107707977295, "accuracy": 0.9593837261199951, "energy_consumption": 2.8043058835627273, "selected": true, "host_energy_consumption": 1.2585915809600001, "client_name": "sta1"}
2025-12-12 03:48:25,082 - METRIC - INFO - {"loss": 0.10584603250026703, "accuracy": 0.9708284735679626, "energy_consumption": 2.378623967663188, "selected": true, "host_energy_consumption": 1.38414573024, "client_name": "sta0"}
2025-12-12 03:48:31,776 - METRIC - INFO - {"loss": 0.13038498163223267, "accuracy": 0.960595428943634, "energy_consumption": 3.542735685463614, "selected": true, "host_energy_consumption": 1.8543418395600002, "client_name": "sta4"}
2025-12-12 03:48:32,535 - METRIC - INFO - {"loss": 0.09757532179355621, "accuracy": 0.9719789624214172, "energy_consumption": 2.3040570900571913, "selected": true, "host_energy_consumption": 1.13383753196, "client_name": "sta5"}
2025-12-12 03:48:33,500 - METRIC - INFO - {"loss": 0.11803504824638367, "accuracy": 0.9668533802032471, "energy_consumption": 3.5443604823759056, "selected": true, "host_energy_consumption": 1.7304100464, "client_name": "sta2"}
2025-12-12 03:48:33,666 - METRIC - INFO - {"loss": 0.10939580202102661, "accuracy": 0.9702450633049011, "energy_consumption": 3.1610675261494885, "selected": true, "host_energy_consumption": 1.47073526712, "client_name": "sta3"}
2025-12-12 03:48:34,469 - METRIC - INFO - mean_accuracy: 0.9666475057601929

2025-12-12 03:48:34,469 - METRIC - INFO - round: 70
2025-12-12 03:48:34,469 - METRIC - INFO - n_selected: 6
2025-12-12 03:48:34,469 - METRIC - INFO - {"selected_trainers": ["sta0", "sta1", "sta2", "sta3", "sta4", "sta5"]}
2025-12-12 03:48:40,398 - EXECUT - INFO - received weights from trainer sta0!
2025-12-12 03:48:46,305 - EXECUT - INFO - received weights from trainer sta1!
2025-12-12 03:48:54,155 - EXECUT - INFO - received weights from trainer sta2!
2025-12-12 03:49:02,589 - EXECUT - INFO - received weights from trainer sta3!
2025-12-12 03:49:08,385 - EXECUT - INFO - received weights from trainer sta4!
2025-12-12 03:49:16,423 - EXECUT - INFO - received weights from trainer sta5!
2025-12-12 03:49:18,036 - EXECUT - INFO - sent aggregated weights to trainers!
2025-12-12 03:49:36,751 - METRIC - INFO - {"loss": 0.10586302727460861, "accuracy": 0.9708284735679626, "energy_consumption": 2.4053364737842884, "selected": true, "host_energy_consumption": 1.4042906052000002, "client_name": "sta0"}
2025-12-12 03:49:37,117 - METRIC - INFO - {"loss": 0.12997174263000488, "accuracy": 0.9677870869636536, "energy_consumption": 2.863447332696901, "selected": true, "host_energy_consumption": 1.2769831284000002, "client_name": "sta1"}
2025-12-12 03:49:42,652 - METRIC - INFO - {"loss": 0.10764414072036743, "accuracy": 0.9702450633049011, "energy_consumption": 3.224028126339456, "selected": true, "host_energy_consumption": 1.49189488336, "client_name": "sta3"}
2025-12-12 03:49:47,778 - METRIC - INFO - {"loss": 0.09880053251981735, "accuracy": 0.9702276587486267, "energy_consumption": 2.342205068894663, "selected": true, "host_energy_consumption": 1.15008600084, "client_name": "sta5"}
2025-12-12 03:49:49,889 - METRIC - INFO - {"loss": 0.12874417006969452, "accuracy": 0.9632224440574646, "energy_consumption": 3.5713579284530703, "selected": true, "host_energy_consumption": 1.87964166516, "client_name": "sta4"}
2025-12-12 03:49:50,039 - METRIC - INFO - {"loss": 0.115935780107975, "accuracy": 0.9682539701461792, "energy_consumption": 3.57487768885275, "selected": true, "host_energy_consumption": 1.7558599716, "client_name": "sta2"}
2025-12-12 03:49:50,069 - METRIC - INFO - mean_accuracy: 0.968427449464798

2025-12-12 03:49:50,079 - METRIC - INFO - stop_condition: rounds
