2025-12-12 03:50:35,440 - EXECUT - INFO - starting server...
2025-12-12 03:50:46,220 - EXECUT - INFO - trainer number sta5 just joined the pool
2025-12-12 03:50:46,474 - EXECUT - INFO - trainer number sta0 just joined the pool
2025-12-12 03:50:46,554 - EXECUT - INFO - trainer number sta4 just joined the pool
2025-12-12 03:50:46,637 - EXECUT - INFO - trainer number sta1 just joined the pool
2025-12-12 03:50:46,906 - EXECUT - INFO - trainer number sta3 just joined the pool
2025-12-12 03:50:47,009 - EXECUT - INFO - trainer number sta2 just joined the pool
2025-12-12 03:50:47,466 - EXECUT - INFO - mensagem de data_sz recebida: 
 {'id': 'sta0', 'dataset_sz': 259700928}
2025-12-12 03:50:47,468 - EXECUT - INFO - mensagem de data_sz recebida: 
 {'id': 'sta1', 'dataset_sz': 432851712}
2025-12-12 03:50:47,509 - EXECUT - INFO - mensagem de data_sz recebida: 
 {'id': 'sta3', 'dataset_sz': 519401856}
2025-12-12 03:50:47,509 - EXECUT - INFO - mensagem de data_sz recebida: 
 {'id': 'sta4', 'dataset_sz': 346301568}
2025-12-12 03:50:47,510 - EXECUT - INFO - mensagem de data_sz recebida: 
 {'id': 'sta5', 'dataset_sz': 173150784}
2025-12-12 03:50:47,510 - EXECUT - INFO - mensagem de data_sz recebida: 
 {'id': 'sta2', 'dataset_sz': 649277568}
2025-12-12 03:50:48,468 - METRIC - INFO - round: 1
2025-12-12 03:50:48,468 - METRIC - INFO - n_selected: 6
2025-12-12 03:50:48,468 - METRIC - INFO - {"selected_trainers": ["sta0", "sta1", "sta2", "sta3", "sta4", "sta5"]}
2025-12-12 03:51:04,079 - EXECUT - INFO - received weights from trainer sta0!
2025-12-12 03:51:27,169 - EXECUT - INFO - received weights from trainer sta1!
2025-12-12 03:51:55,970 - EXECUT - INFO - received weights from trainer sta2!
2025-12-12 03:52:24,675 - EXECUT - INFO - received weights from trainer sta3!
2025-12-12 03:52:42,400 - EXECUT - INFO - received weights from trainer sta4!
2025-12-12 03:52:57,533 - EXECUT - INFO - received weights from trainer sta5!
2025-12-12 03:52:59,193 - EXECUT - INFO - sent aggregated weights to trainers!
2025-12-12 03:53:22,489 - METRIC - INFO - {"loss": 0.3265049457550049, "accuracy": 0.9096638560295105, "energy_consumption": 0.24606475940688888, "selected": true, "host_energy_consumption": 0.13877785796, "client_name": "sta1"}
2025-12-12 03:53:25,433 - METRIC - INFO - {"loss": 0.41036051511764526, "accuracy": 0.8868144750595093, "energy_consumption": 0.15641180714115002, "selected": true, "host_energy_consumption": 0.0879740526, "client_name": "sta0"}
2025-12-12 03:53:25,713 - METRIC - INFO - {"loss": 0.5188506245613098, "accuracy": 0.8844133019447327, "energy_consumption": 0.11826872733102789, "selected": true, "host_energy_consumption": 0.06557921916000001, "client_name": "sta5"}
2025-12-12 03:53:27,354 - METRIC - INFO - {"loss": 0.28485310077667236, "accuracy": 0.9206534624099731, "energy_consumption": 0.26512286434143917, "selected": true, "host_energy_consumption": 0.16912999180000002, "client_name": "sta3"}
2025-12-12 03:53:33,461 - METRIC - INFO - {"loss": 0.39596718549728394, "accuracy": 0.889667272567749, "energy_consumption": 0.25749478946601645, "selected": true, "host_energy_consumption": -73.290411495, "client_name": "sta4"}
2025-12-12 03:53:36,187 - METRIC - INFO - {"loss": 0.2866034507751465, "accuracy": 0.913165271282196, "energy_consumption": 0.45587236424656674, "selected": true, "host_energy_consumption": 0.19976164712000002, "client_name": "sta2"}
2025-12-12 03:53:36,240 - METRIC - INFO - mean_accuracy: 0.9007296065489451

2025-12-12 03:53:36,240 - METRIC - INFO - round: 2
2025-12-12 03:53:36,240 - METRIC - INFO - n_selected: 6
2025-12-12 03:53:36,240 - METRIC - INFO - {"selected_trainers": ["sta0", "sta1", "sta2", "sta3", "sta4", "sta5"]}
2025-12-12 03:53:50,212 - EXECUT - INFO - received weights from trainer sta0!
2025-12-12 03:54:12,318 - EXECUT - INFO - received weights from trainer sta1!
2025-12-12 03:54:42,017 - EXECUT - INFO - received weights from trainer sta2!
2025-12-12 03:55:11,713 - EXECUT - INFO - received weights from trainer sta3!
2025-12-12 03:55:31,464 - EXECUT - INFO - received weights from trainer sta4!
2025-12-12 03:55:47,411 - EXECUT - INFO - received weights from trainer sta5!
2025-12-12 03:55:49,053 - EXECUT - INFO - sent aggregated weights to trainers!
2025-12-12 03:56:12,408 - METRIC - INFO - {"loss": 0.6031790971755981, "accuracy": 0.8424737453460693, "energy_consumption": 0.33953642400956663, "selected": true, "host_energy_consumption": 0.17061159220000002, "client_name": "sta0"}
2025-12-12 03:56:13,114 - METRIC - INFO - {"loss": 0.4325309693813324, "accuracy": 0.8907563090324402, "energy_consumption": 0.49212132303668843, "selected": true, "host_energy_consumption": 0.27144770128, "client_name": "sta1"}
2025-12-12 03:56:16,330 - METRIC - INFO - {"loss": 0.8514489531517029, "accuracy": 0.8161121010780334, "energy_consumption": 0.2098233446738007, "selected": true, "host_energy_consumption": 0.12679348136000002, "client_name": "sta5"}
2025-12-12 03:56:16,506 - METRIC - INFO - {"loss": 0.35683950781822205, "accuracy": 0.894957959651947, "energy_consumption": 0.8488017374611501, "selected": true, "host_energy_consumption": 0.39355075088, "client_name": "sta2"}
2025-12-12 03:56:17,882 - METRIC - INFO - {"loss": 0.383474200963974, "accuracy": 0.9002333879470825, "energy_consumption": 0.5569615331432778, "selected": true, "host_energy_consumption": 0.33018590752000004, "client_name": "sta3"}
2025-12-12 03:56:19,893 - METRIC - INFO - {"loss": 0.5174338817596436, "accuracy": 0.8563923239707947, "energy_consumption": 0.5035509986236892, "selected": true, "host_energy_consumption": -73.18535834092, "client_name": "sta4"}
2025-12-12 03:56:20,086 - METRIC - INFO - mean_accuracy: 0.8668209711710612

2025-12-12 03:56:20,086 - METRIC - INFO - round: 3
2025-12-12 03:56:20,086 - METRIC - INFO - n_selected: 6
2025-12-12 03:56:20,086 - METRIC - INFO - {"selected_trainers": ["sta0", "sta1", "sta2", "sta3", "sta4", "sta5"]}
2025-12-12 03:56:34,202 - EXECUT - INFO - received weights from trainer sta0!
2025-12-12 03:56:55,162 - EXECUT - INFO - received weights from trainer sta1!
2025-12-12 03:57:22,919 - EXECUT - INFO - received weights from trainer sta2!
2025-12-12 03:57:51,965 - EXECUT - INFO - received weights from trainer sta3!
2025-12-12 03:58:11,750 - EXECUT - INFO - received weights from trainer sta4!
2025-12-12 03:58:25,730 - EXECUT - INFO - received weights from trainer sta5!
2025-12-12 03:58:27,347 - EXECUT - INFO - sent aggregated weights to trainers!
2025-12-12 03:58:47,848 - METRIC - INFO - {"loss": 0.34338876605033875, "accuracy": 0.8973162174224854, "energy_consumption": 0.522672477770177, "selected": true, "host_energy_consumption": 0.25292772428, "client_name": "sta0"}
2025-12-12 03:58:48,268 - METRIC - INFO - {"loss": 0.28991827368736267, "accuracy": 0.913165271282196, "energy_consumption": 0.7648804691575671, "selected": true, "host_energy_consumption": 0.40660262384, "client_name": "sta1"}
2025-12-12 03:58:54,082 - METRIC - INFO - {"loss": 0.27442583441734314, "accuracy": 0.9212368726730347, "energy_consumption": 0.8220892790268892, "selected": true, "host_energy_consumption": 0.49092330336, "client_name": "sta3"}
2025-12-12 03:58:54,557 - METRIC - INFO - {"loss": 0.3360724151134491, "accuracy": 0.8992995023727417, "energy_consumption": 0.7229045203792497, "selected": true, "host_energy_consumption": -73.07884363276, "client_name": "sta4"}
2025-12-12 03:58:57,708 - METRIC - INFO - {"loss": 0.3352062404155731, "accuracy": 0.9211909174919128, "energy_consumption": 0.30137632158950645, "selected": true, "host_energy_consumption": 0.18771643072000002, "client_name": "sta5"}
2025-12-12 03:58:58,681 - METRIC - INFO - {"loss": 0.26823344826698303, "accuracy": 0.9211017489433289, "energy_consumption": 1.2417237764407683, "selected": true, "host_energy_consumption": 0.58903461568, "client_name": "sta2"}
2025-12-12 03:58:59,381 - METRIC - INFO - mean_accuracy: 0.9122184216976166

2025-12-12 03:58:59,381 - METRIC - INFO - round: 4
2025-12-12 03:58:59,381 - METRIC - INFO - n_selected: 6
2025-12-12 03:58:59,381 - METRIC - INFO - {"selected_trainers": ["sta0", "sta1", "sta2", "sta3", "sta4", "sta5"]}
2025-12-12 03:59:14,082 - EXECUT - INFO - received weights from trainer sta0!
2025-12-12 03:59:36,757 - EXECUT - INFO - received weights from trainer sta1!
2025-12-12 04:00:06,737 - EXECUT - INFO - received weights from trainer sta2!
2025-12-12 04:00:33,527 - EXECUT - INFO - received weights from trainer sta3!
2025-12-12 04:00:52,438 - EXECUT - INFO - received weights from trainer sta4!
2025-12-12 04:01:04,726 - EXECUT - INFO - received weights from trainer sta5!
2025-12-12 04:01:06,338 - EXECUT - INFO - sent aggregated weights to trainers!
2025-12-12 04:01:25,418 - METRIC - INFO - {"loss": 0.2248423993587494, "accuracy": 0.9327731132507324, "energy_consumption": 0.9804117974373557, "selected": true, "host_energy_consumption": 0.5404537997600001, "client_name": "sta1"}
2025-12-12 04:01:27,509 - METRIC - INFO - {"loss": 0.2686682343482971, "accuracy": 0.922987163066864, "energy_consumption": 0.646650857746361, "selected": true, "host_energy_consumption": 0.33486254872000004, "client_name": "sta0"}
2025-12-12 04:01:32,950 - METRIC - INFO - {"loss": 0.2724572420120239, "accuracy": 0.9203152656555176, "energy_consumption": 0.9422510226329424, "selected": true, "host_energy_consumption": -72.97283738052, "client_name": "sta4"}
2025-12-12 04:01:36,097 - METRIC - INFO - {"loss": 0.24733540415763855, "accuracy": 0.9369527101516724, "energy_consumption": 0.4196326217317683, "selected": true, "host_energy_consumption": 0.24733780372000003, "client_name": "sta5"}
2025-12-12 04:01:37,927 - METRIC - INFO - {"loss": 0.21651801466941833, "accuracy": 0.9379084706306458, "energy_consumption": 1.6346662428702248, "selected": true, "host_energy_consumption": 0.7848438533600001, "client_name": "sta2"}
2025-12-12 04:01:38,101 - METRIC - INFO - {"loss": 0.2222597897052765, "accuracy": 0.9387397766113281, "energy_consumption": 1.0872190261679386, "selected": true, "host_energy_consumption": 0.65544412472, "client_name": "sta3"}
2025-12-12 04:01:38,372 - METRIC - INFO - mean_accuracy: 0.9316127498944601

2025-12-12 04:01:38,372 - METRIC - INFO - round: 5
2025-12-12 04:01:38,372 - METRIC - INFO - n_selected: 6
2025-12-12 04:01:38,372 - METRIC - INFO - {"selected_trainers": ["sta0", "sta1", "sta2", "sta3", "sta4", "sta5"]}
2025-12-12 04:01:52,104 - EXECUT - INFO - received weights from trainer sta0!
2025-12-12 04:02:13,812 - EXECUT - INFO - received weights from trainer sta1!
2025-12-12 04:02:43,471 - EXECUT - INFO - received weights from trainer sta2!
2025-12-12 04:03:12,129 - EXECUT - INFO - received weights from trainer sta3!
2025-12-12 04:03:32,374 - EXECUT - INFO - received weights from trainer sta4!
2025-12-12 04:03:46,353 - EXECUT - INFO - received weights from trainer sta5!
2025-12-12 04:03:47,960 - EXECUT - INFO - sent aggregated weights to trainers!
2025-12-12 04:04:08,942 - METRIC - INFO - {"loss": 0.18070894479751587, "accuracy": 0.9460784196853638, "energy_consumption": 1.195953337057722, "selected": true, "host_energy_consumption": 0.6754495476400001, "client_name": "sta1"}
2025-12-12 04:04:10,115 - METRIC - INFO - {"loss": 0.2195395827293396, "accuracy": 0.9381563663482666, "energy_consumption": 0.8030705665957949, "selected": true, "host_energy_consumption": 0.41605089064, "client_name": "sta0"}
2025-12-12 04:04:13,820 - METRIC - INFO - {"loss": 0.1842162162065506, "accuracy": 0.9509918093681335, "energy_consumption": 1.3523544400943472, "selected": true, "host_energy_consumption": 0.8171259202400001, "client_name": "sta3"}
2025-12-12 04:04:16,161 - METRIC - INFO - {"loss": 0.1949465572834015, "accuracy": 0.9422066807746887, "energy_consumption": 0.5111858116486623, "selected": true, "host_energy_consumption": 0.30727356128, "client_name": "sta5"}
2025-12-12 04:04:19,989 - METRIC - INFO - {"loss": 0.17758697271347046, "accuracy": 0.9481792449951172, "energy_consumption": 1.9913408188367259, "selected": true, "host_energy_consumption": 0.98025406108, "client_name": "sta2"}
2025-12-12 04:04:20,389 - METRIC - INFO - {"loss": 0.22743508219718933, "accuracy": 0.9334501028060913, "energy_consumption": 1.1616051849816307, "selected": true, "host_energy_consumption": -72.86651730848, "client_name": "sta4"}
2025-12-12 04:04:20,995 - METRIC - INFO - mean_accuracy: 0.9431771039962769

2025-12-12 04:04:20,995 - METRIC - INFO - round: 6
2025-12-12 04:04:20,995 - METRIC - INFO - n_selected: 6
2025-12-12 04:04:20,995 - METRIC - INFO - {"selected_trainers": ["sta0", "sta1", "sta2", "sta3", "sta4", "sta5"]}
2025-12-12 04:04:36,210 - EXECUT - INFO - received weights from trainer sta0!
2025-12-12 04:04:58,387 - EXECUT - INFO - received weights from trainer sta1!
2025-12-12 04:05:26,842 - EXECUT - INFO - received weights from trainer sta2!
2025-12-12 04:05:55,968 - EXECUT - INFO - received weights from trainer sta3!
2025-12-12 04:06:13,914 - EXECUT - INFO - received weights from trainer sta4!
2025-12-12 04:06:26,589 - EXECUT - INFO - received weights from trainer sta5!
2025-12-12 04:06:28,205 - EXECUT - INFO - sent aggregated weights to trainers!
2025-12-12 04:06:50,584 - METRIC - INFO - {"loss": 0.18338055908679962, "accuracy": 0.9498249888420105, "energy_consumption": 0.9270484887783794, "selected": true, "host_energy_consumption": 0.49751771104000003, "client_name": "sta0"}
2025-12-12 04:06:51,086 - METRIC - INFO - {"loss": 0.1495637744665146, "accuracy": 0.9544817805290222, "energy_consumption": 1.4114909202604822, "selected": true, "host_energy_consumption": 0.8107753514, "client_name": "sta1"}
2025-12-12 04:06:59,122 - METRIC - INFO - {"loss": 0.15595929324626923, "accuracy": 0.9550758600234985, "energy_consumption": 1.6441822633207264, "selected": true, "host_energy_consumption": 0.9785387399200001, "client_name": "sta3"}
2025-12-12 04:07:00,494 - METRIC - INFO - {"loss": 0.1494545042514801, "accuracy": 0.9575163125991821, "energy_consumption": 2.3842761147560125, "selected": true, "host_energy_consumption": 1.17553788996, "client_name": "sta2"}
2025-12-12 04:07:00,904 - METRIC - INFO - {"loss": 0.1552744209766388, "accuracy": 0.9527145624160767, "energy_consumption": 0.6027382814943731, "selected": true, "host_energy_consumption": 0.3668724444, "client_name": "sta5"}
2025-12-12 04:07:01,939 - METRIC - INFO - {"loss": 0.18884049355983734, "accuracy": 0.9404553174972534, "energy_consumption": 1.380968593807304, "selected": true, "host_energy_consumption": -72.76174552108, "client_name": "sta4"}
2025-12-12 04:07:02,241 - METRIC - INFO - mean_accuracy: 0.9516781369845072

2025-12-12 04:07:02,241 - METRIC - INFO - round: 7
2025-12-12 04:07:02,241 - METRIC - INFO - n_selected: 6
2025-12-12 04:07:02,241 - METRIC - INFO - {"selected_trainers": ["sta0", "sta1", "sta2", "sta3", "sta4", "sta5"]}
2025-12-12 04:07:18,057 - EXECUT - INFO - received weights from trainer sta0!
2025-12-12 04:07:40,348 - EXECUT - INFO - received weights from trainer sta1!
2025-12-12 04:08:12,316 - EXECUT - INFO - received weights from trainer sta2!
2025-12-12 04:08:40,654 - EXECUT - INFO - received weights from trainer sta3!
2025-12-12 04:08:57,542 - EXECUT - INFO - received weights from trainer sta4!
2025-12-12 04:09:10,093 - EXECUT - INFO - received weights from trainer sta5!
2025-12-12 04:09:11,702 - EXECUT - INFO - sent aggregated weights to trainers!
2025-12-12 04:09:33,499 - METRIC - INFO - {"loss": 0.1519603580236435, "accuracy": 0.9533255696296692, "energy_consumption": 1.0777614061926577, "selected": true, "host_energy_consumption": 0.57800287608, "client_name": "sta0"}
2025-12-12 04:09:36,965 - METRIC - INFO - {"loss": 0.12686999142169952, "accuracy": 0.9684873819351196, "energy_consumption": 1.627034842632956, "selected": true, "host_energy_consumption": 0.9438042174400001, "client_name": "sta1"}
2025-12-12 04:09:41,607 - METRIC - INFO - {"loss": 0.1275434046983719, "accuracy": 0.9649859666824341, "energy_consumption": 2.7771906144472798, "selected": true, "host_energy_consumption": 1.3677257986, "client_name": "sta2"}
2025-12-12 04:09:42,208 - METRIC - INFO - {"loss": 0.16380053758621216, "accuracy": 0.9474605917930603, "energy_consumption": 1.6003257747325437, "selected": true, "host_energy_consumption": -72.65678733516, "client_name": "sta4"}
2025-12-12 04:09:44,049 - METRIC - INFO - {"loss": 0.1365198940038681, "accuracy": 0.9579929709434509, "energy_consumption": 1.9093110344712554, "selected": true, "host_energy_consumption": 1.1375980887600001, "client_name": "sta3"}
2025-12-12 04:09:45,928 - METRIC - INFO - {"loss": 0.12508557736873627, "accuracy": 0.9667250514030457, "energy_consumption": 0.6942968679712411, "selected": true, "host_energy_consumption": 0.42558216232, "client_name": "sta5"}
2025-12-12 04:09:46,739 - METRIC - INFO - mean_accuracy: 0.95982958873113

2025-12-12 04:09:46,739 - METRIC - INFO - round: 8
2025-12-12 04:09:46,739 - METRIC - INFO - n_selected: 6
2025-12-12 04:09:46,739 - METRIC - INFO - {"selected_trainers": ["sta0", "sta1", "sta2", "sta3", "sta4", "sta5"]}
2025-12-12 04:10:00,589 - EXECUT - INFO - received weights from trainer sta0!
2025-12-12 04:10:22,032 - EXECUT - INFO - received weights from trainer sta1!
2025-12-12 04:10:52,697 - EXECUT - INFO - received weights from trainer sta2!
2025-12-12 04:11:20,357 - EXECUT - INFO - received weights from trainer sta3!
2025-12-12 04:11:46,410 - EXECUT - INFO - received weights from trainer sta4!
2025-12-12 04:11:59,491 - EXECUT - INFO - received weights from trainer sta5!
2025-12-12 04:12:01,097 - EXECUT - INFO - sent aggregated weights to trainers!
2025-12-12 04:12:21,340 - METRIC - INFO - {"loss": 0.13004550337791443, "accuracy": 0.9591598510742188, "energy_consumption": 1.2284415055282387, "selected": true, "host_energy_consumption": 0.65909640356, "client_name": "sta0"}
2025-12-12 04:12:21,478 - METRIC - INFO - {"loss": 0.10922464728355408, "accuracy": 0.970588207244873, "energy_consumption": 1.8692781731429702, "selected": true, "host_energy_consumption": 1.07460763256, "client_name": "sta1"}
2025-12-12 04:12:29,111 - METRIC - INFO - {"loss": 0.13892623782157898, "accuracy": 0.9544658660888672, "energy_consumption": 2.037145503724351, "selected": true, "host_energy_consumption": -72.50354396992, "client_name": "sta4"}
2025-12-12 04:12:32,443 - METRIC - INFO - {"loss": 0.10517828166484833, "accuracy": 0.9702276587486267, "energy_consumption": 0.7858637026807127, "selected": true, "host_energy_consumption": 0.48493180764000005, "client_name": "sta5"}
2025-12-12 04:12:34,107 - METRIC - INFO - {"loss": 0.11173103749752045, "accuracy": 0.9719887971878052, "energy_consumption": 3.170109618954731, "selected": true, "host_energy_consumption": 1.56242368688, "client_name": "sta2"}
2025-12-12 04:12:34,785 - METRIC - INFO - {"loss": 0.12380844354629517, "accuracy": 0.9632439017295837, "energy_consumption": 2.1744423759421, "selected": true, "host_energy_consumption": 1.29754914912, "client_name": "sta3"}
2025-12-12 04:12:35,133 - METRIC - INFO - mean_accuracy: 0.9649457136789957

2025-12-12 04:12:35,133 - METRIC - INFO - round: 9
2025-12-12 04:12:35,133 - METRIC - INFO - n_selected: 6
2025-12-12 04:12:35,133 - METRIC - INFO - {"selected_trainers": ["sta0", "sta1", "sta2", "sta3", "sta4", "sta5"]}
2025-12-12 04:12:51,638 - EXECUT - INFO - received weights from trainer sta0!
2025-12-12 04:13:12,330 - EXECUT - INFO - received weights from trainer sta1!
2025-12-12 04:13:41,858 - EXECUT - INFO - received weights from trainer sta2!
2025-12-12 04:14:10,087 - EXECUT - INFO - received weights from trainer sta3!
2025-12-12 04:14:27,701 - EXECUT - INFO - received weights from trainer sta4!
2025-12-12 04:14:43,572 - EXECUT - INFO - received weights from trainer sta5!
2025-12-12 04:14:45,177 - EXECUT - INFO - sent aggregated weights to trainers!
2025-12-12 04:15:02,920 - METRIC - INFO - {"loss": 0.09793912619352341, "accuracy": 0.9740896224975586, "energy_consumption": 2.0848128951357308, "selected": true, "host_energy_consumption": 1.20783855108, "client_name": "sta1"}
2025-12-12 04:15:04,713 - METRIC - INFO - {"loss": 0.11269813030958176, "accuracy": 0.9649941921234131, "energy_consumption": 1.3848400827522596, "selected": true, "host_energy_consumption": 0.73995698028, "client_name": "sta0"}
2025-12-12 04:15:12,796 - METRIC - INFO - {"loss": 0.10174247622489929, "accuracy": 0.972455620765686, "energy_consumption": 3.5897474751112366, "selected": true, "host_energy_consumption": 1.7569212309600002, "client_name": "sta2"}
2025-12-12 04:15:17,985 - METRIC - INFO - {"loss": 0.08903191983699799, "accuracy": 0.9754816293716431, "energy_consumption": 0.9041318847922799, "selected": true, "host_energy_consumption": 0.5455029636000001, "client_name": "sta5"}
2025-12-12 04:15:19,087 - METRIC - INFO - {"loss": 0.12024956941604614, "accuracy": 0.9597197771072388, "energy_consumption": 2.2832136806876315, "selected": true, "host_energy_consumption": -72.39842206352, "client_name": "sta4"}
2025-12-12 04:15:20,444 - METRIC - INFO - {"loss": 0.11047576367855072, "accuracy": 0.9655776023864746, "energy_consumption": 2.439560861042676, "selected": true, "host_energy_consumption": 1.4572899535600001, "client_name": "sta3"}
2025-12-12 04:15:21,214 - METRIC - INFO - mean_accuracy: 0.9687197407086691

2025-12-12 04:15:21,214 - METRIC - INFO - round: 10
2025-12-12 04:15:21,214 - METRIC - INFO - n_selected: 6
2025-12-12 04:15:21,214 - METRIC - INFO - {"selected_trainers": ["sta0", "sta1", "sta2", "sta3", "sta4", "sta5"]}
2025-12-12 04:15:35,012 - EXECUT - INFO - received weights from trainer sta0!
2025-12-12 04:15:57,257 - EXECUT - INFO - received weights from trainer sta1!
2025-12-12 04:16:25,700 - EXECUT - INFO - received weights from trainer sta2!
2025-12-12 04:16:55,373 - EXECUT - INFO - received weights from trainer sta3!
2025-12-12 04:17:15,393 - EXECUT - INFO - received weights from trainer sta4!
2025-12-12 04:17:27,997 - EXECUT - INFO - received weights from trainer sta5!
2025-12-12 04:17:29,608 - EXECUT - INFO - sent aggregated weights to trainers!
2025-12-12 04:17:47,631 - METRIC - INFO - {"loss": 0.08814194053411484, "accuracy": 0.9740896224975586, "energy_consumption": 2.357576118480861, "selected": true, "host_energy_consumption": 1.34195865244, "client_name": "sta1"}
2025-12-12 04:17:51,368 - METRIC - INFO - {"loss": 0.09858684986829758, "accuracy": 0.9684947729110718, "energy_consumption": 1.5679638953027542, "selected": true, "host_energy_consumption": 0.8225720305600001, "client_name": "sta0"}
2025-12-12 04:17:54,537 - METRIC - INFO - {"loss": 0.0789477750658989, "accuracy": 0.9789842367172241, "energy_consumption": 0.9956841209725074, "selected": true, "host_energy_consumption": 0.60672433472, "client_name": "sta5"}
2025-12-12 04:18:01,217 - METRIC - INFO - {"loss": 0.1011495366692543, "accuracy": 0.9702450633049011, "energy_consumption": 2.7314125435813286, "selected": true, "host_energy_consumption": 1.6159669352400001, "client_name": "sta3"}
2025-12-12 04:18:01,669 - METRIC - INFO - {"loss": 0.10645059496164322, "accuracy": 0.9667250514030457, "energy_consumption": 2.5025657209722327, "selected": true, "host_energy_consumption": -72.29277179208, "client_name": "sta4"}
2025-12-12 04:18:02,063 - METRIC - INFO - {"loss": 0.09112938493490219, "accuracy": 0.9729225039482117, "energy_consumption": 3.9826792183614312, "selected": true, "host_energy_consumption": 1.95124427148, "client_name": "sta2"}
2025-12-12 04:18:02,643 - METRIC - INFO - mean_accuracy: 0.9719102084636688

2025-12-12 04:18:02,643 - METRIC - INFO - round: 11
2025-12-12 04:18:02,643 - METRIC - INFO - n_selected: 6
2025-12-12 04:18:02,643 - METRIC - INFO - {"selected_trainers": ["sta0", "sta1", "sta2", "sta3", "sta4", "sta5"]}
2025-12-12 04:18:18,964 - EXECUT - INFO - received weights from trainer sta0!
2025-12-12 04:18:40,945 - EXECUT - INFO - received weights from trainer sta1!
2025-12-12 04:19:08,687 - EXECUT - INFO - received weights from trainer sta2!
2025-12-12 04:19:37,467 - EXECUT - INFO - received weights from trainer sta3!
2025-12-12 04:19:54,074 - EXECUT - INFO - received weights from trainer sta4!
2025-12-12 04:20:07,498 - EXECUT - INFO - received weights from trainer sta5!
2025-12-12 04:20:09,106 - EXECUT - INFO - sent aggregated weights to trainers!
2025-12-12 04:20:25,668 - METRIC - INFO - {"loss": 0.09146642684936523, "accuracy": 0.967327892780304, "energy_consumption": 1.7186810934051067, "selected": true, "host_energy_consumption": 0.90544053908, "client_name": "sta0"}
2025-12-12 04:20:26,920 - METRIC - INFO - {"loss": 0.07951001077890396, "accuracy": 0.9747899174690247, "energy_consumption": 2.6036352778639515, "selected": true, "host_energy_consumption": 1.47837669924, "client_name": "sta1"}
2025-12-12 04:20:36,501 - METRIC - INFO - {"loss": 0.09354707598686218, "accuracy": 0.9719953536987305, "energy_consumption": 2.996560311576698, "selected": true, "host_energy_consumption": 1.7757476270800001, "client_name": "sta3"}
2025-12-12 04:20:37,436 - METRIC - INFO - {"loss": 0.0957157090306282, "accuracy": 0.9676007032394409, "energy_consumption": 2.7486236850053674, "selected": true, "host_energy_consumption": -72.18622295584001, "client_name": "sta4"}
2025-12-12 04:20:38,861 - METRIC - INFO - {"loss": 0.08531782031059265, "accuracy": 0.9738562107086182, "energy_consumption": 4.375614166166832, "selected": true, "host_energy_consumption": 2.14682303556, "client_name": "sta2"}
2025-12-12 04:20:39,847 - METRIC - INFO - {"loss": 0.07162310928106308, "accuracy": 0.9807355403900146, "energy_consumption": 1.1139421060495476, "selected": true, "host_energy_consumption": 0.6676810537600001, "client_name": "sta5"}
2025-12-12 04:20:40,139 - METRIC - INFO - mean_accuracy: 0.9727176030476888

2025-12-12 04:20:40,139 - METRIC - INFO - round: 12
2025-12-12 04:20:40,139 - METRIC - INFO - n_selected: 6
2025-12-12 04:20:40,139 - METRIC - INFO - {"selected_trainers": ["sta0", "sta1", "sta2", "sta3", "sta4", "sta5"]}
2025-12-12 04:20:55,018 - EXECUT - INFO - received weights from trainer sta0!
2025-12-12 04:21:17,441 - EXECUT - INFO - received weights from trainer sta1!
2025-12-12 04:21:47,766 - EXECUT - INFO - received weights from trainer sta2!
2025-12-12 04:22:15,980 - EXECUT - INFO - received weights from trainer sta3!
2025-12-12 04:22:34,920 - EXECUT - INFO - received weights from trainer sta4!
2025-12-12 04:22:47,607 - EXECUT - INFO - received weights from trainer sta5!
2025-12-12 04:22:49,220 - EXECUT - INFO - sent aggregated weights to trainers!
2025-12-12 04:23:07,511 - METRIC - INFO - {"loss": 0.07295019924640656, "accuracy": 0.9747899174690247, "energy_consumption": 2.84970159663029, "selected": true, "host_energy_consumption": 1.61182764932, "client_name": "sta1"}
2025-12-12 04:23:09,615 - METRIC - INFO - {"loss": 0.08261135965585709, "accuracy": 0.9731621742248535, "energy_consumption": 1.9018150378181253, "selected": true, "host_energy_consumption": 0.98828495108, "client_name": "sta0"}
2025-12-12 04:23:14,375 - METRIC - INFO - {"loss": 0.0868816003203392, "accuracy": 0.9702276587486267, "energy_consumption": 2.9679793049815943, "selected": true, "host_energy_consumption": -72.08107531268, "client_name": "sta4"}
2025-12-12 04:23:16,729 - METRIC - INFO - {"loss": 0.0785931646823883, "accuracy": 0.9747899174690247, "energy_consumption": 4.795241907945988, "selected": true, "host_energy_consumption": 2.3409028706, "client_name": "sta2"}
2025-12-12 04:23:16,801 - METRIC - INFO - {"loss": 0.064093679189682, "accuracy": 0.9789842367172241, "energy_consumption": 1.2054999819925971, "selected": true, "host_energy_consumption": 0.7275697629200001, "client_name": "sta5"}
2025-12-12 04:23:17,650 - METRIC - INFO - {"loss": 0.08864390850067139, "accuracy": 0.9743290543556213, "energy_consumption": 3.2617005863809863, "selected": true, "host_energy_consumption": 1.936962034, "client_name": "sta3"}
2025-12-12 04:23:18,251 - METRIC - INFO - mean_accuracy: 0.9743804931640625

2025-12-12 04:23:18,251 - METRIC - INFO - round: 13
2025-12-12 04:23:18,251 - METRIC - INFO - n_selected: 6
2025-12-12 04:23:18,251 - METRIC - INFO - {"selected_trainers": ["sta0", "sta1", "sta2", "sta3", "sta4", "sta5"]}
2025-12-12 04:23:33,559 - EXECUT - INFO - received weights from trainer sta0!
2025-12-12 04:23:56,021 - EXECUT - INFO - received weights from trainer sta1!
2025-12-12 04:24:25,946 - EXECUT - INFO - received weights from trainer sta2!
2025-12-12 04:24:54,923 - EXECUT - INFO - received weights from trainer sta3!
2025-12-12 04:25:12,937 - EXECUT - INFO - received weights from trainer sta4!
2025-12-12 04:25:27,034 - EXECUT - INFO - received weights from trainer sta5!
2025-12-12 04:25:28,639 - EXECUT - INFO - sent aggregated weights to trainers!
2025-12-12 04:25:51,541 - METRIC - INFO - {"loss": 0.07570295035839081, "accuracy": 0.9766627550125122, "energy_consumption": 2.05252656277687, "selected": true, "host_energy_consumption": 1.07082442992, "client_name": "sta0"}
2025-12-12 04:25:54,382 - METRIC - INFO - {"loss": 0.06648939102888107, "accuracy": 0.9782913327217102, "energy_consumption": 3.1224722686587865, "selected": true, "host_energy_consumption": 1.74676594176, "client_name": "sta1"}
2025-12-12 04:25:58,622 - METRIC - INFO - {"loss": 0.08233126997947693, "accuracy": 0.9760793447494507, "energy_consumption": 3.5268291413512043, "selected": true, "host_energy_consumption": 2.09836548796, "client_name": "sta3"}
2025-12-12 04:26:00,349 - METRIC - INFO - {"loss": 0.08147726207971573, "accuracy": 0.9728546142578125, "energy_consumption": 3.1873315264761652, "selected": true, "host_energy_consumption": -71.97589369488, "client_name": "sta4"}
2025-12-12 04:26:00,810 - METRIC - INFO - {"loss": 0.07196588814258575, "accuracy": 0.9771241545677185, "energy_consumption": 5.2148636221094105, "selected": true, "host_energy_consumption": 2.53650373228, "client_name": "sta2"}
2025-12-12 04:26:01,071 - METRIC - INFO - {"loss": 0.060909904539585114, "accuracy": 0.9807355403900146, "energy_consumption": 1.297052499525142, "selected": true, "host_energy_consumption": 0.78676561712, "client_name": "sta5"}
2025-12-12 04:26:01,674 - METRIC - INFO - mean_accuracy: 0.9769579569498698

2025-12-12 04:26:01,675 - METRIC - INFO - round: 14
2025-12-12 04:26:01,675 - METRIC - INFO - n_selected: 6
2025-12-12 04:26:01,675 - METRIC - INFO - {"selected_trainers": ["sta0", "sta1", "sta2", "sta3", "sta4", "sta5"]}
2025-12-12 04:26:16,393 - EXECUT - INFO - received weights from trainer sta0!
2025-12-12 04:26:39,441 - EXECUT - INFO - received weights from trainer sta1!
2025-12-12 04:27:07,944 - EXECUT - INFO - received weights from trainer sta2!
2025-12-12 04:27:36,920 - EXECUT - INFO - received weights from trainer sta3!
2025-12-12 04:27:55,280 - EXECUT - INFO - received weights from trainer sta4!
2025-12-12 04:28:08,128 - EXECUT - INFO - received weights from trainer sta5!
2025-12-12 04:28:09,732 - EXECUT - INFO - sent aggregated weights to trainers!
2025-12-12 04:28:32,240 - METRIC - INFO - {"loss": 0.07026062160730362, "accuracy": 0.9766627550125122, "energy_consumption": 2.2356318076640216, "selected": true, "host_energy_consumption": 1.1518723448400001, "client_name": "sta0"}
2025-12-12 04:28:32,744 - METRIC - INFO - {"loss": 0.06295230984687805, "accuracy": 0.9810924530029297, "energy_consumption": 3.338008429204351, "selected": true, "host_energy_consumption": 1.8815697712000001, "client_name": "sta1"}
2025-12-12 04:28:37,781 - METRIC - INFO - {"loss": 0.07890255004167557, "accuracy": 0.9772462248802185, "energy_consumption": 3.7919610741387797, "selected": true, "host_energy_consumption": 2.2585582838000002, "client_name": "sta3"}
2025-12-12 04:28:38,639 - METRIC - INFO - {"loss": 0.07575443387031555, "accuracy": 0.9746059775352478, "energy_consumption": 3.4066796214700945, "selected": true, "host_energy_consumption": -71.87013609944, "client_name": "sta4"}
2025-12-12 04:28:39,371 - METRIC - INFO - {"loss": 0.06935886293649673, "accuracy": 0.9785247445106506, "energy_consumption": 5.634496469558853, "selected": true, "host_energy_consumption": 2.73045180548, "client_name": "sta2"}
2025-12-12 04:28:41,668 - METRIC - INFO - {"loss": 0.060449376702308655, "accuracy": 0.9807355403900146, "energy_consumption": 1.388620486666417, "selected": true, "host_energy_consumption": 0.8457945552, "client_name": "sta5"}
2025-12-12 04:28:41,766 - METRIC - INFO - mean_accuracy: 0.9781446158885956

2025-12-12 04:28:41,766 - METRIC - INFO - round: 15
2025-12-12 04:28:41,766 - METRIC - INFO - n_selected: 6
2025-12-12 04:28:41,766 - METRIC - INFO - {"selected_trainers": ["sta0", "sta1", "sta2", "sta3", "sta4", "sta5"]}
2025-12-12 04:28:56,307 - EXECUT - INFO - received weights from trainer sta0!
2025-12-12 04:29:18,292 - EXECUT - INFO - received weights from trainer sta1!
2025-12-12 04:29:46,229 - EXECUT - INFO - received weights from trainer sta2!
2025-12-12 04:30:15,815 - EXECUT - INFO - received weights from trainer sta3!
2025-12-12 04:30:33,789 - EXECUT - INFO - received weights from trainer sta4!
2025-12-12 04:30:46,618 - EXECUT - INFO - received weights from trainer sta5!
2025-12-12 04:30:48,227 - EXECUT - INFO - sent aggregated weights to trainers!
2025-12-12 04:31:07,221 - METRIC - INFO - {"loss": 0.05846972391009331, "accuracy": 0.9796918630599976, "energy_consumption": 3.553545047543516, "selected": true, "host_energy_consumption": 2.01566832152, "client_name": "sta1"}
2025-12-12 04:31:08,745 - METRIC - INFO - {"loss": 0.06660951673984528, "accuracy": 0.97782963514328, "energy_consumption": 2.39203766030925, "selected": true, "host_energy_consumption": 1.23321488808, "client_name": "sta0"}
2025-12-12 04:31:14,098 - METRIC - INFO - {"loss": 0.07536691427230835, "accuracy": 0.9766627550125122, "energy_consumption": 4.057087645336733, "selected": true, "host_energy_consumption": 2.41852369976, "client_name": "sta3"}
2025-12-12 04:31:17,654 - METRIC - INFO - {"loss": 0.06761732697486877, "accuracy": 0.9754816293716431, "energy_consumption": 3.652743134661077, "selected": true, "host_energy_consumption": -71.76513394148, "client_name": "sta4"}
2025-12-12 04:31:18,078 - METRIC - INFO - {"loss": 0.06767149269580841, "accuracy": 0.9775910377502441, "energy_consumption": 6.027419403461364, "selected": true, "host_energy_consumption": 2.9233171716000004, "client_name": "sta2"}
2025-12-12 04:31:18,141 - METRIC - INFO - {"loss": 0.050503507256507874, "accuracy": 0.9824868440628052, "energy_consumption": 1.5068992997626918, "selected": true, "host_energy_consumption": 0.9059517622400001, "client_name": "sta5"}
2025-12-12 04:31:18,259 - METRIC - INFO - mean_accuracy: 0.9782906274000803

2025-12-12 04:31:18,259 - METRIC - INFO - round: 16
2025-12-12 04:31:18,259 - METRIC - INFO - n_selected: 6
2025-12-12 04:31:18,259 - METRIC - INFO - {"selected_trainers": ["sta0", "sta1", "sta2", "sta3", "sta4", "sta5"]}
2025-12-12 04:31:33,769 - EXECUT - INFO - received weights from trainer sta0!
2025-12-12 04:31:56,147 - EXECUT - INFO - received weights from trainer sta1!
2025-12-12 04:32:24,816 - EXECUT - INFO - received weights from trainer sta2!
2025-12-12 04:32:53,158 - EXECUT - INFO - received weights from trainer sta3!
2025-12-12 04:33:09,478 - EXECUT - INFO - received weights from trainer sta4!
2025-12-12 04:33:23,841 - EXECUT - INFO - received weights from trainer sta5!
2025-12-12 04:33:25,450 - EXECUT - INFO - sent aggregated weights to trainers!
2025-12-12 04:33:47,729 - METRIC - INFO - {"loss": 0.05538124218583107, "accuracy": 0.9831932783126831, "energy_consumption": 3.799602011742721, "selected": true, "host_energy_consumption": 2.14824993012, "client_name": "sta1"}
2025-12-12 04:33:49,210 - METRIC - INFO - {"loss": 0.06392990052700043, "accuracy": 0.9789965152740479, "energy_consumption": 2.5484470449592687, "selected": true, "host_energy_consumption": 1.3145752726400002, "client_name": "sta0"}
2025-12-12 04:33:52,595 - METRIC - INFO - {"loss": 0.0492318794131279, "accuracy": 0.9824868440628052, "energy_consumption": 1.5984528743533755, "selected": true, "host_energy_consumption": 0.9648693264, "client_name": "sta5"}
2025-12-12 04:33:53,551 - METRIC - INFO - {"loss": 0.07235164195299149, "accuracy": 0.9760793447494507, "energy_consumption": 4.348922688349685, "selected": true, "host_energy_consumption": 2.5775214738, "client_name": "sta3"}
2025-12-12 04:33:56,116 - METRIC - INFO - {"loss": 0.06292032450437546, "accuracy": 0.9808589816093445, "energy_consumption": 6.4470540948016914, "selected": true, "host_energy_consumption": 3.11580992828, "client_name": "sta2"}
2025-12-12 04:33:57,466 - METRIC - INFO - {"loss": 0.0650889202952385, "accuracy": 0.9781085848808289, "energy_consumption": 3.872090832264729, "selected": true, "host_energy_consumption": -71.66112700824, "client_name": "sta4"}
2025-12-12 04:33:57,484 - METRIC - INFO - mean_accuracy: 0.97995392481486

2025-12-12 04:33:57,484 - METRIC - INFO - round: 17
2025-12-12 04:33:57,484 - METRIC - INFO - n_selected: 6
2025-12-12 04:33:57,484 - METRIC - INFO - {"selected_trainers": ["sta0", "sta1", "sta2", "sta3", "sta4", "sta5"]}
2025-12-12 04:34:11,460 - EXECUT - INFO - received weights from trainer sta0!
2025-12-12 04:34:35,354 - EXECUT - INFO - received weights from trainer sta1!
2025-12-12 04:35:03,792 - EXECUT - INFO - received weights from trainer sta2!
2025-12-12 04:35:32,793 - EXECUT - INFO - received weights from trainer sta3!
2025-12-12 04:35:48,338 - EXECUT - INFO - received weights from trainer sta4!
2025-12-12 04:36:00,427 - EXECUT - INFO - received weights from trainer sta5!
2025-12-12 04:36:02,033 - EXECUT - INFO - sent aggregated weights to trainers!
2025-12-12 04:36:24,548 - METRIC - INFO - {"loss": 0.05910566449165344, "accuracy": 0.9813302159309387, "energy_consumption": 2.6724271368927726, "selected": true, "host_energy_consumption": 1.39650160356, "client_name": "sta0"}
2025-12-12 04:36:32,535 - METRIC - INFO - {"loss": 0.05252012610435486, "accuracy": 0.981792688369751, "energy_consumption": 4.015145020117551, "selected": true, "host_energy_consumption": 2.281433749, "client_name": "sta1"}
2025-12-12 04:36:34,001 - METRIC - INFO - {"loss": 0.06111595407128334, "accuracy": 0.9789915680885315, "energy_consumption": 6.866695670531199, "selected": true, "host_energy_consumption": 3.30870077524, "client_name": "sta2"}
2025-12-12 04:36:36,097 - METRIC - INFO - {"loss": 0.04627664387226105, "accuracy": 0.9824868440628052, "energy_consumption": 1.690013067876519, "selected": true, "host_energy_consumption": 1.02540772096, "client_name": "sta5"}
2025-12-12 04:36:36,899 - METRIC - INFO - {"loss": 0.06089961901307106, "accuracy": 0.9798598885536194, "energy_consumption": 4.11816435015334, "selected": true, "host_energy_consumption": -71.55717790676, "client_name": "sta4"}
2025-12-12 04:36:38,517 - METRIC - INFO - {"loss": 0.07038208842277527, "accuracy": 0.97782963514328, "energy_consumption": 4.640771813284513, "selected": true, "host_energy_consumption": 2.73635792024, "client_name": "sta3"}
2025-12-12 04:36:39,072 - METRIC - INFO - mean_accuracy: 0.9803818066914877

2025-12-12 04:36:39,072 - METRIC - INFO - round: 18
2025-12-12 04:36:39,072 - METRIC - INFO - n_selected: 6
2025-12-12 04:36:39,072 - METRIC - INFO - {"selected_trainers": ["sta0", "sta1", "sta2", "sta3", "sta4", "sta5"]}
2025-12-12 04:36:53,869 - EXECUT - INFO - received weights from trainer sta0!
2025-12-12 04:37:16,634 - EXECUT - INFO - received weights from trainer sta1!
2025-12-12 04:37:44,548 - EXECUT - INFO - received weights from trainer sta2!
2025-12-12 04:38:14,280 - EXECUT - INFO - received weights from trainer sta3!
2025-12-12 04:38:32,814 - EXECUT - INFO - received weights from trainer sta4!
2025-12-12 04:38:45,782 - EXECUT - INFO - received weights from trainer sta5!
2025-12-12 04:38:47,373 - EXECUT - INFO - sent aggregated weights to trainers!
2025-12-12 04:39:09,824 - METRIC - INFO - {"loss": 0.057890884578228, "accuracy": 0.9801633358001709, "energy_consumption": 2.8288399438678633, "selected": true, "host_energy_consumption": 1.4783475784, "client_name": "sta0"}
2025-12-12 04:39:10,214 - METRIC - INFO - {"loss": 0.04909798502922058, "accuracy": 0.9838935732841492, "energy_consumption": 4.230681411149476, "selected": true, "host_energy_consumption": 2.4147528680800003, "client_name": "sta1"}
2025-12-12 04:39:14,771 - METRIC - INFO - {"loss": 0.0455666221678257, "accuracy": 0.9842382073402405, "energy_consumption": 1.808275734211028, "selected": true, "host_energy_consumption": 1.0857362532800001, "client_name": "sta5"}
2025-12-12 04:39:18,391 - METRIC - INFO - {"loss": 0.05785549059510231, "accuracy": 0.9798598885536194, "energy_consumption": 4.337525983439247, "selected": true, "host_energy_consumption": -71.45335127056, "client_name": "sta4"}
2025-12-12 04:39:19,448 - METRIC - INFO - {"loss": 0.05904870480298996, "accuracy": 0.981792688369751, "energy_consumption": 7.259615781373183, "selected": true, "host_energy_consumption": 3.5026171121200003, "client_name": "sta2"}
2025-12-12 04:39:19,940 - METRIC - INFO - {"loss": 0.06795889139175415, "accuracy": 0.9795799255371094, "energy_consumption": 4.905897077863234, "selected": true, "host_energy_consumption": 2.89610202336, "client_name": "sta3"}
2025-12-12 04:39:20,408 - METRIC - INFO - mean_accuracy: 0.9815879364808401

2025-12-12 04:39:20,408 - METRIC - INFO - round: 19
2025-12-12 04:39:20,408 - METRIC - INFO - n_selected: 6
2025-12-12 04:39:20,408 - METRIC - INFO - {"selected_trainers": ["sta0", "sta1", "sta2", "sta3", "sta4", "sta5"]}
2025-12-12 04:39:34,708 - EXECUT - INFO - received weights from trainer sta0!
2025-12-12 04:39:56,876 - EXECUT - INFO - received weights from trainer sta1!
2025-12-12 04:40:27,658 - EXECUT - INFO - received weights from trainer sta2!
2025-12-12 04:40:56,402 - EXECUT - INFO - received weights from trainer sta3!
2025-12-12 04:41:13,939 - EXECUT - INFO - received weights from trainer sta4!
2025-12-12 04:41:26,911 - EXECUT - INFO - received weights from trainer sta5!
2025-12-12 04:41:28,514 - EXECUT - INFO - sent aggregated weights to trainers!
2025-12-12 04:41:51,987 - METRIC - INFO - {"loss": 0.05472955107688904, "accuracy": 0.9824970960617065, "energy_consumption": 2.9528389722428807, "selected": true, "host_energy_consumption": 1.56058590072, "client_name": "sta0"}
2025-12-12 04:41:52,409 - METRIC - INFO - {"loss": 0.046724796295166016, "accuracy": 0.9845938086509705, "energy_consumption": 4.476733131386574, "selected": true, "host_energy_consumption": 2.54955934716, "client_name": "sta1"}
2025-12-12 04:41:57,264 - METRIC - INFO - {"loss": 0.06574717164039612, "accuracy": 0.9784130454063416, "energy_consumption": 5.171038368397067, "selected": true, "host_energy_consumption": 3.0575344444400003, "client_name": "sta3"}
2025-12-12 04:41:58,542 - METRIC - INFO - {"loss": 0.05750896781682968, "accuracy": 0.9833624958992004, "energy_consumption": 4.583579285289642, "selected": true, "host_energy_consumption": -71.35004460864, "client_name": "sta4"}
2025-12-12 04:42:00,040 - METRIC - INFO - {"loss": 0.05715778470039368, "accuracy": 0.9822595715522766, "energy_consumption": 7.679260992428949, "selected": true, "host_energy_consumption": 3.6962594824400004, "client_name": "sta2"}
2025-12-12 04:42:00,859 - METRIC - INFO - {"loss": 0.04879484325647354, "accuracy": 0.9824868440628052, "energy_consumption": 1.9265456378172754, "selected": true, "host_energy_consumption": 1.14440760476, "client_name": "sta5"}
2025-12-12 04:42:01,549 - METRIC - INFO - mean_accuracy: 0.9822688102722168

2025-12-12 04:42:01,549 - METRIC - INFO - round: 20
2025-12-12 04:42:01,549 - METRIC - INFO - n_selected: 6
2025-12-12 04:42:01,549 - METRIC - INFO - {"selected_trainers": ["sta0", "sta1", "sta2", "sta3", "sta4", "sta5"]}
2025-12-12 04:42:16,088 - EXECUT - INFO - received weights from trainer sta0!
2025-12-12 04:42:38,405 - EXECUT - INFO - received weights from trainer sta1!
2025-12-12 04:43:05,575 - EXECUT - INFO - received weights from trainer sta2!
2025-12-12 04:43:35,394 - EXECUT - INFO - received weights from trainer sta3!
2025-12-12 04:43:57,530 - EXECUT - INFO - received weights from trainer sta4!
2025-12-12 04:44:14,549 - EXECUT - INFO - received weights from trainer sta5!
2025-12-12 04:44:16,168 - EXECUT - INFO - sent aggregated weights to trainers!
2025-12-12 04:44:39,411 - METRIC - INFO - {"loss": 0.05468792840838432, "accuracy": 0.9813302159309387, "energy_consumption": 3.0768228282570798, "selected": true, "host_energy_consumption": 1.6417047043600002, "client_name": "sta0"}
2025-12-12 04:44:41,671 - METRIC - INFO - {"loss": 0.04431823268532753, "accuracy": 0.9852941036224365, "energy_consumption": 4.722777903652059, "selected": true, "host_energy_consumption": 2.6821604726, "client_name": "sta1"}
2025-12-12 04:44:49,111 - METRIC - INFO - {"loss": 0.044892746955156326, "accuracy": 0.985989511013031, "energy_consumption": 2.0448024243652423, "selected": true, "host_energy_consumption": 1.20925256088, "client_name": "sta5"}
2025-12-12 04:44:52,383 - METRIC - INFO - {"loss": 0.0525372140109539, "accuracy": 0.9824868440628052, "energy_consumption": 4.829643760165081, "selected": true, "host_energy_consumption": -71.23801963684001, "client_name": "sta4"}
2025-12-12 04:44:52,555 - METRIC - INFO - {"loss": 0.055402349680662155, "accuracy": 0.983660101890564, "energy_consumption": 8.072204163033971, "selected": true, "host_energy_consumption": 3.89121867316, "client_name": "sta2"}
2025-12-12 04:44:53,623 - METRIC - INFO - {"loss": 0.061688899993896484, "accuracy": 0.9807468056678772, "energy_consumption": 5.436161777957974, "selected": true, "host_energy_consumption": 3.21776338492, "client_name": "sta3"}
2025-12-12 04:44:54,207 - METRIC - INFO - mean_accuracy: 0.9832512636979421

2025-12-12 04:44:54,207 - METRIC - INFO - round: 21
2025-12-12 04:44:54,207 - METRIC - INFO - n_selected: 6
2025-12-12 04:44:54,207 - METRIC - INFO - {"selected_trainers": ["sta0", "sta1", "sta2", "sta3", "sta4", "sta5"]}
2025-12-12 04:45:10,151 - EXECUT - INFO - received weights from trainer sta0!
2025-12-12 04:45:31,686 - EXECUT - INFO - received weights from trainer sta1!
2025-12-12 04:45:59,933 - EXECUT - INFO - received weights from trainer sta2!
2025-12-12 04:46:30,120 - EXECUT - INFO - received weights from trainer sta3!
2025-12-12 04:46:46,131 - EXECUT - INFO - received weights from trainer sta4!
2025-12-12 04:46:58,594 - EXECUT - INFO - received weights from trainer sta5!
2025-12-12 04:47:00,201 - EXECUT - INFO - sent aggregated weights to trainers!
2025-12-12 04:47:21,092 - METRIC - INFO - {"loss": 0.043397702276706696, "accuracy": 0.9859943985939026, "energy_consumption": 4.995534426997111, "selected": true, "host_energy_consumption": 2.81341927944, "client_name": "sta1"}
2025-12-12 04:47:25,369 - METRIC - INFO - {"loss": 0.05342516303062439, "accuracy": 0.9813302159309387, "energy_consumption": 3.259958084058014, "selected": true, "host_energy_consumption": 1.72284187964, "client_name": "sta0"}
2025-12-12 04:47:31,394 - METRIC - INFO - {"loss": 0.042467836290597916, "accuracy": 0.9842382073402405, "energy_consumption": 2.1363558320520166, "selected": true, "host_energy_consumption": 1.2690541122, "client_name": "sta5"}
2025-12-12 04:47:32,240 - METRIC - INFO - {"loss": 0.0533674918115139, "accuracy": 0.9798598885536194, "energy_consumption": 5.049001216084389, "selected": true, "host_energy_consumption": -71.13234174816, "client_name": "sta4"}
2025-12-12 04:47:34,484 - METRIC - INFO - {"loss": 0.06148824095726013, "accuracy": 0.9807468056678772, "energy_consumption": 5.7280104244348955, "selected": true, "host_energy_consumption": 3.37814409996, "client_name": "sta3"}
2025-12-12 04:47:34,494 - METRIC - INFO - {"loss": 0.056962836533784866, "accuracy": 0.985527515411377, "energy_consumption": 8.491826098146381, "selected": true, "host_energy_consumption": 4.0868784947200005, "client_name": "sta2"}
2025-12-12 04:47:35,238 - METRIC - INFO - mean_accuracy: 0.9829495052496592

2025-12-12 04:47:35,238 - METRIC - INFO - round: 22
2025-12-12 04:47:35,238 - METRIC - INFO - n_selected: 6
2025-12-12 04:47:35,238 - METRIC - INFO - {"selected_trainers": ["sta0", "sta1", "sta2", "sta3", "sta4", "sta5"]}
2025-12-12 04:47:49,415 - EXECUT - INFO - received weights from trainer sta0!
2025-12-12 04:48:11,539 - EXECUT - INFO - received weights from trainer sta1!
2025-12-12 04:48:39,034 - EXECUT - INFO - received weights from trainer sta2!
2025-12-12 04:49:07,143 - EXECUT - INFO - received weights from trainer sta3!
2025-12-12 04:49:24,001 - EXECUT - INFO - received weights from trainer sta4!
2025-12-12 04:49:36,169 - EXECUT - INFO - received weights from trainer sta5!
2025-12-12 04:49:37,775 - EXECUT - INFO - sent aggregated weights to trainers!
2025-12-12 04:49:57,656 - METRIC - INFO - {"loss": 0.041845303028821945, "accuracy": 0.9859943985939026, "energy_consumption": 5.23777294590564, "selected": true, "host_energy_consumption": 2.94624059016, "client_name": "sta1"}
2025-12-12 04:49:58,386 - METRIC - INFO - {"loss": 0.05037380009889603, "accuracy": 0.9836639165878296, "energy_consumption": 3.416373952527807, "selected": true, "host_energy_consumption": 1.8035367882000002, "client_name": "sta0"}
2025-12-12 04:50:02,915 - METRIC - INFO - {"loss": 0.053090792149305344, "accuracy": 0.9798598885536194, "energy_consumption": 5.295061926879119, "selected": true, "host_energy_consumption": -71.02805428572, "client_name": "sta4"}
2025-12-12 04:50:05,512 - METRIC - INFO - {"loss": 0.05177927762269974, "accuracy": 0.9841269850730896, "energy_consumption": 8.884742611811566, "selected": true, "host_energy_consumption": 4.28076540304, "client_name": "sta2"}
2025-12-12 04:50:06,594 - METRIC - INFO - {"loss": 0.060864873230457306, "accuracy": 0.9819136261940002, "energy_consumption": 5.993139297317338, "selected": true, "host_energy_consumption": 3.5367823724800003, "client_name": "sta3"}
2025-12-12 04:50:08,324 - METRIC - INFO - {"loss": 0.03924112766981125, "accuracy": 0.985989511013031, "energy_consumption": 2.227909327164644, "selected": true, "host_energy_consumption": 1.32895698852, "client_name": "sta5"}
2025-12-12 04:50:08,808 - METRIC - INFO - mean_accuracy: 0.9835913876692454

2025-12-12 04:50:08,808 - METRIC - INFO - round: 23
2025-12-12 04:50:08,808 - METRIC - INFO - n_selected: 6
2025-12-12 04:50:08,808 - METRIC - INFO - {"selected_trainers": ["sta0", "sta1", "sta2", "sta3", "sta4", "sta5"]}
2025-12-12 04:50:22,588 - EXECUT - INFO - received weights from trainer sta0!
2025-12-12 04:50:45,171 - EXECUT - INFO - received weights from trainer sta1!
2025-12-12 04:51:13,787 - EXECUT - INFO - received weights from trainer sta2!
2025-12-12 04:51:40,950 - EXECUT - INFO - received weights from trainer sta3!
2025-12-12 04:51:59,050 - EXECUT - INFO - received weights from trainer sta4!
2025-12-12 04:52:11,739 - EXECUT - INFO - received weights from trainer sta5!
2025-12-12 04:52:13,347 - EXECUT - INFO - sent aggregated weights to trainers!
2025-12-12 04:52:34,357 - METRIC - INFO - {"loss": 0.04101020097732544, "accuracy": 0.988095223903656, "energy_consumption": 5.453307944482027, "selected": true, "host_energy_consumption": 3.0774739332400003, "client_name": "sta1"}
2025-12-12 04:52:36,609 - METRIC - INFO - {"loss": 0.04782932996749878, "accuracy": 0.9871645569801331, "energy_consumption": 3.5403518858373255, "selected": true, "host_energy_consumption": 1.88432587812, "client_name": "sta0"}
2025-12-12 04:52:42,018 - METRIC - INFO - {"loss": 0.059305984526872635, "accuracy": 0.9824970960617065, "energy_consumption": 6.258276454992288, "selected": true, "host_energy_consumption": 3.69501524112, "client_name": "sta3"}
2025-12-12 04:52:42,443 - METRIC - INFO - {"loss": 0.0400008000433445, "accuracy": 0.985989511013031, "energy_consumption": 2.3194644452191664, "selected": true, "host_energy_consumption": 1.3898203799200002, "client_name": "sta5"}
2025-12-12 04:52:44,583 - METRIC - INFO - {"loss": 0.050107698887586594, "accuracy": 0.9850606918334961, "energy_consumption": 9.340622488323943, "selected": true, "host_energy_consumption": 4.47605169228, "client_name": "sta2"}
2025-12-12 04:52:45,957 - METRIC - INFO - {"loss": 0.04786111041903496, "accuracy": 0.9807355403900146, "energy_consumption": 5.514409511623929, "selected": true, "host_energy_consumption": -70.92415341200001, "client_name": "sta4"}
2025-12-12 04:52:46,381 - METRIC - INFO - mean_accuracy: 0.9849237700303396

2025-12-12 04:52:46,381 - METRIC - INFO - round: 24
2025-12-12 04:52:46,381 - METRIC - INFO - n_selected: 6
2025-12-12 04:52:46,381 - METRIC - INFO - {"selected_trainers": ["sta0", "sta1", "sta2", "sta3", "sta4", "sta5"]}
2025-12-12 04:53:00,624 - EXECUT - INFO - received weights from trainer sta0!
2025-12-12 04:53:23,007 - EXECUT - INFO - received weights from trainer sta1!
2025-12-12 04:53:53,623 - EXECUT - INFO - received weights from trainer sta2!
2025-12-12 04:54:21,217 - EXECUT - INFO - received weights from trainer sta3!
2025-12-12 04:54:39,300 - EXECUT - INFO - received weights from trainer sta4!
2025-12-12 04:54:51,755 - EXECUT - INFO - received weights from trainer sta5!
2025-12-12 04:54:53,362 - EXECUT - INFO - sent aggregated weights to trainers!
2025-12-12 04:55:13,364 - METRIC - INFO - {"loss": 0.049310941249132156, "accuracy": 0.9836639165878296, "energy_consumption": 3.6910445729073453, "selected": true, "host_energy_consumption": 1.9669392192800002, "client_name": "sta0"}
2025-12-12 04:55:13,898 - METRIC - INFO - {"loss": 0.03920970484614372, "accuracy": 0.9866946935653687, "energy_consumption": 5.72606624018772, "selected": true, "host_energy_consumption": 3.21329983576, "client_name": "sta1"}
2025-12-12 04:55:23,352 - METRIC - INFO - {"loss": 0.05798405408859253, "accuracy": 0.9819136261940002, "energy_consumption": 6.52341307698514, "selected": true, "host_energy_consumption": 3.8542276116400003, "client_name": "sta3"}
2025-12-12 04:55:23,494 - METRIC - INFO - {"loss": 0.04689210653305054, "accuracy": 0.9824868440628052, "energy_consumption": 5.760478848966817, "selected": true, "host_energy_consumption": -70.81949345996, "client_name": "sta4"}
2025-12-12 04:55:25,855 - METRIC - INFO - {"loss": 0.0519108921289444, "accuracy": 0.9864612221717834, "energy_consumption": 9.733554539949003, "selected": true, "host_energy_consumption": 4.670629814200001, "client_name": "sta2"}
2025-12-12 04:55:26,783 - METRIC - INFO - {"loss": 0.038783371448516846, "accuracy": 0.985989511013031, "energy_consumption": 2.4110161695607157, "selected": true, "host_energy_consumption": 1.44831249332, "client_name": "sta5"}
2025-12-12 04:55:27,398 - METRIC - INFO - mean_accuracy: 0.9845349689324697

2025-12-12 04:55:27,398 - METRIC - INFO - round: 25
2025-12-12 04:55:27,398 - METRIC - INFO - n_selected: 6
2025-12-12 04:55:27,398 - METRIC - INFO - {"selected_trainers": ["sta0", "sta1", "sta2", "sta3", "sta4", "sta5"]}
2025-12-12 04:55:42,664 - EXECUT - INFO - received weights from trainer sta0!
2025-12-12 04:56:05,361 - EXECUT - INFO - received weights from trainer sta1!
2025-12-12 04:56:33,155 - EXECUT - INFO - received weights from trainer sta2!
2025-12-12 04:57:01,352 - EXECUT - INFO - received weights from trainer sta3!
2025-12-12 04:57:17,658 - EXECUT - INFO - received weights from trainer sta4!
2025-12-12 04:57:29,623 - EXECUT - INFO - received weights from trainer sta5!
2025-12-12 04:57:31,238 - EXECUT - INFO - sent aggregated weights to trainers!
2025-12-12 04:57:51,886 - METRIC - INFO - {"loss": 0.04673169553279877, "accuracy": 0.9859976768493652, "energy_consumption": 3.8474576962050984, "selected": true, "host_energy_consumption": 2.04791675844, "client_name": "sta0"}
2025-12-12 04:57:52,946 - METRIC - INFO - {"loss": 0.03863421455025673, "accuracy": 0.988095223903656, "energy_consumption": 5.972126893758251, "selected": true, "host_energy_consumption": 3.34719117264, "client_name": "sta1"}
2025-12-12 04:57:55,297 - METRIC - INFO - {"loss": 0.037274982780218124, "accuracy": 0.985989511013031, "energy_consumption": 2.502570691529817, "selected": true, "host_energy_consumption": 1.5072609902, "client_name": "sta5"}
2025-12-12 04:57:58,085 - METRIC - INFO - {"loss": 0.044502124190330505, "accuracy": 0.9816111922264099, "energy_consumption": 5.97984014844489, "selected": true, "host_energy_consumption": -70.71530135852001, "client_name": "sta4"}
2025-12-12 04:57:59,489 - METRIC - INFO - {"loss": 0.05957213416695595, "accuracy": 0.9813302159309387, "energy_consumption": 6.815245589416801, "selected": true, "host_energy_consumption": 4.01430445276, "client_name": "sta3"}
2025-12-12 04:58:01,353 - METRIC - INFO - {"loss": 0.04935341700911522, "accuracy": 0.9869281053543091, "energy_consumption": 10.153192745808942, "selected": true, "host_energy_consumption": 4.86428221608, "client_name": "sta2"}
2025-12-12 04:58:02,271 - METRIC - INFO - mean_accuracy: 0.984991987546285

2025-12-12 04:58:02,271 - METRIC - INFO - round: 26
2025-12-12 04:58:02,271 - METRIC - INFO - n_selected: 6
2025-12-12 04:58:02,271 - METRIC - INFO - {"selected_trainers": ["sta0", "sta1", "sta2", "sta3", "sta4", "sta5"]}
2025-12-12 04:58:15,947 - EXECUT - INFO - received weights from trainer sta0!
2025-12-12 04:58:38,330 - EXECUT - INFO - received weights from trainer sta1!
2025-12-12 04:59:05,274 - EXECUT - INFO - received weights from trainer sta2!
2025-12-12 04:59:34,362 - EXECUT - INFO - received weights from trainer sta3!
2025-12-12 04:59:53,695 - EXECUT - INFO - received weights from trainer sta4!
2025-12-12 05:00:06,083 - EXECUT - INFO - received weights from trainer sta5!
2025-12-12 05:00:07,677 - EXECUT - INFO - sent aggregated weights to trainers!
2025-12-12 05:00:26,280 - METRIC - INFO - {"loss": 0.03721029311418533, "accuracy": 0.9894958138465881, "energy_consumption": 6.244892579333538, "selected": true, "host_energy_consumption": 3.4811446485200004, "client_name": "sta1"}
2025-12-12 05:00:29,130 - METRIC - INFO - {"loss": 0.045697782188653946, "accuracy": 0.9836639165878296, "energy_consumption": 4.0305852187912175, "selected": true, "host_energy_consumption": 2.12811910472, "client_name": "sta0"}
2025-12-12 05:00:33,566 - METRIC - INFO - {"loss": 0.04851838946342468, "accuracy": 0.9864612221717834, "energy_consumption": 10.546111567516872, "selected": true, "host_energy_consumption": 5.05828449756, "client_name": "sta2"}
2025-12-12 05:00:34,930 - METRIC - INFO - {"loss": 0.056219086050987244, "accuracy": 0.9830805063247681, "energy_consumption": 7.080375791172326, "selected": true, "host_energy_consumption": 4.17401830636, "client_name": "sta3"}
2025-12-12 05:00:36,805 - METRIC - INFO - {"loss": 0.03863566741347313, "accuracy": 0.9877408146858215, "energy_consumption": 2.5941249607587036, "selected": true, "host_energy_consumption": 1.5658604276, "client_name": "sta5"}
2025-12-12 05:00:37,415 - METRIC - INFO - {"loss": 0.04481204226613045, "accuracy": 0.9842382073402405, "energy_consumption": 6.225896623059275, "selected": true, "host_energy_consumption": -70.61143753524, "client_name": "sta4"}
2025-12-12 05:00:37,709 - METRIC - INFO - mean_accuracy: 0.9857800801595052

2025-12-12 05:00:37,709 - METRIC - INFO - round: 27
2025-12-12 05:00:37,709 - METRIC - INFO - n_selected: 6
2025-12-12 05:00:37,709 - METRIC - INFO - {"selected_trainers": ["sta0", "sta1", "sta2", "sta3", "sta4", "sta5"]}
2025-12-12 05:00:52,247 - EXECUT - INFO - received weights from trainer sta0!
2025-12-12 05:01:13,626 - EXECUT - INFO - received weights from trainer sta1!
2025-12-12 05:01:45,388 - EXECUT - INFO - received weights from trainer sta2!
2025-12-12 05:02:14,272 - EXECUT - INFO - received weights from trainer sta3!
2025-12-12 05:02:32,222 - EXECUT - INFO - received weights from trainer sta4!
2025-12-12 05:02:48,264 - EXECUT - INFO - received weights from trainer sta5!
2025-12-12 05:02:49,872 - EXECUT - INFO - sent aggregated weights to trainers!
2025-12-12 05:03:12,469 - METRIC - INFO - {"loss": 0.03634124621748924, "accuracy": 0.988095223903656, "energy_consumption": 6.460446515941008, "selected": true, "host_energy_consumption": 3.6141983631600003, "client_name": "sta1"}
2025-12-12 05:03:13,396 - METRIC - INFO - {"loss": 0.047436848282814026, "accuracy": 0.9824970960617065, "energy_consumption": 4.213696399099562, "selected": true, "host_energy_consumption": 2.2079094668400003, "client_name": "sta0"}
2025-12-12 05:03:23,796 - METRIC - INFO - {"loss": 0.04822918772697449, "accuracy": 0.9789842367172241, "energy_consumption": 6.445243327187225, "selected": true, "host_energy_consumption": -70.50705766804, "client_name": "sta4"}
2025-12-12 05:03:24,040 - METRIC - INFO - {"loss": 0.03988512232899666, "accuracy": 0.9877408146858215, "energy_consumption": 2.6856866230363234, "selected": true, "host_energy_consumption": 1.62496153596, "client_name": "sta5"}
2025-12-12 05:03:25,211 - METRIC - INFO - {"loss": 0.05492306128144264, "accuracy": 0.9824970960617065, "energy_consumption": 7.345506355347791, "selected": true, "host_energy_consumption": 4.33330689736, "client_name": "sta3"}
2025-12-12 05:03:25,977 - METRIC - INFO - {"loss": 0.04927805811166763, "accuracy": 0.9869281053543091, "energy_consumption": 10.939038278216598, "selected": true, "host_energy_consumption": 5.24997524688, "client_name": "sta2"}
2025-12-12 05:03:26,911 - METRIC - INFO - mean_accuracy: 0.9844570954640707

2025-12-12 05:03:26,911 - METRIC - INFO - round: 28
2025-12-12 05:03:26,911 - METRIC - INFO - n_selected: 6
2025-12-12 05:03:26,911 - METRIC - INFO - {"selected_trainers": ["sta0", "sta1", "sta2", "sta3", "sta4", "sta5"]}
2025-12-12 05:03:40,363 - EXECUT - INFO - received weights from trainer sta0!
2025-12-12 05:04:04,196 - EXECUT - INFO - received weights from trainer sta1!
2025-12-12 05:04:35,868 - EXECUT - INFO - received weights from trainer sta2!
2025-12-12 05:05:07,080 - EXECUT - INFO - received weights from trainer sta3!
2025-12-12 05:05:26,774 - EXECUT - INFO - received weights from trainer sta4!
2025-12-12 05:05:39,488 - EXECUT - INFO - received weights from trainer sta5!
2025-12-12 05:05:41,120 - EXECUT - INFO - sent aggregated weights to trainers!
2025-12-12 05:05:59,247 - METRIC - INFO - {"loss": 0.035877738147974014, "accuracy": 0.9894958138465881, "energy_consumption": 6.706504580116501, "selected": true, "host_energy_consumption": 3.7478446667200003, "client_name": "sta1"}
2025-12-12 05:06:01,402 - METRIC - INFO - {"loss": 0.04708884283900261, "accuracy": 0.9824970960617065, "energy_consumption": 4.370099532005725, "selected": true, "host_energy_consumption": 2.2877642746, "client_name": "sta0"}
2025-12-12 05:06:09,668 - METRIC - INFO - {"loss": 0.04709560424089432, "accuracy": 0.9873949289321899, "energy_consumption": 11.331966465618605, "selected": true, "host_energy_consumption": 5.44234471788, "client_name": "sta2"}
2025-12-12 05:06:11,789 - METRIC - INFO - {"loss": 0.05502147227525711, "accuracy": 0.9819136261940002, "energy_consumption": 7.637334781017838, "selected": true, "host_energy_consumption": 4.49277694768, "client_name": "sta3"}
2025-12-12 05:06:14,788 - METRIC - INFO - {"loss": 0.04483804851770401, "accuracy": 0.9807355403900146, "energy_consumption": 6.664594472548932, "selected": true, "host_energy_consumption": -70.40341435428, "client_name": "sta4"}
2025-12-12 05:06:17,408 - METRIC - INFO - {"loss": 0.039420466870069504, "accuracy": 0.985989511013031, "energy_consumption": 2.8039694163936186, "selected": true, "host_energy_consumption": 1.68421787128, "client_name": "sta5"}
2025-12-12 05:06:18,159 - METRIC - INFO - mean_accuracy: 0.9846710860729218

2025-12-12 05:06:18,159 - METRIC - INFO - round: 29
2025-12-12 05:06:18,159 - METRIC - INFO - n_selected: 6
2025-12-12 05:06:18,159 - METRIC - INFO - {"selected_trainers": ["sta0", "sta1", "sta2", "sta3", "sta4", "sta5"]}
2025-12-12 05:06:32,472 - EXECUT - INFO - received weights from trainer sta0!
2025-12-12 05:06:53,581 - EXECUT - INFO - received weights from trainer sta1!
2025-12-12 05:07:23,306 - EXECUT - INFO - received weights from trainer sta2!
2025-12-12 05:07:50,463 - EXECUT - INFO - received weights from trainer sta3!
2025-12-12 05:08:07,672 - EXECUT - INFO - received weights from trainer sta4!
2025-12-12 05:08:22,036 - EXECUT - INFO - received weights from trainer sta5!
2025-12-12 05:08:23,649 - EXECUT - INFO - sent aggregated weights to trainers!
2025-12-12 05:08:43,968 - METRIC - INFO - {"loss": 0.03503090515732765, "accuracy": 0.9894958138465881, "energy_consumption": 6.922041478218418, "selected": true, "host_energy_consumption": 3.8792511979200004, "client_name": "sta1"}
2025-12-12 05:08:46,327 - METRIC - INFO - {"loss": 0.047490738332271576, "accuracy": 0.9824970960617065, "energy_consumption": 4.526494761614047, "selected": true, "host_energy_consumption": 2.3678952024, "client_name": "sta0"}
2025-12-12 05:08:50,172 - METRIC - INFO - {"loss": 0.04634450748562813, "accuracy": 0.9883286356925964, "energy_consumption": 11.724898423459562, "selected": true, "host_energy_consumption": 5.636204231560001, "client_name": "sta2"}
2025-12-12 05:08:52,386 - METRIC - INFO - {"loss": 0.041653089225292206, "accuracy": 0.985989511013031, "energy_consumption": 6.88394845686678, "selected": true, "host_energy_consumption": -70.29941466716001, "client_name": "sta4"}
2025-12-12 05:08:53,570 - METRIC - INFO - {"loss": 0.03584181144833565, "accuracy": 0.985989511013031, "energy_consumption": 2.8955324107234386, "selected": true, "host_energy_consumption": 1.7435261079600002, "client_name": "sta5"}
2025-12-12 05:08:56,084 - METRIC - INFO - {"loss": 0.05346124246716499, "accuracy": 0.9836639165878296, "energy_consumption": 7.929173096937117, "selected": true, "host_energy_consumption": 4.65221375864, "client_name": "sta3"}
2025-12-12 05:08:56,684 - METRIC - INFO - mean_accuracy: 0.9859940807024637

2025-12-12 05:08:56,684 - METRIC - INFO - round: 30
2025-12-12 05:08:56,684 - METRIC - INFO - n_selected: 6
2025-12-12 05:08:56,684 - METRIC - INFO - {"selected_trainers": ["sta0", "sta1", "sta2", "sta3", "sta4", "sta5"]}
2025-12-12 05:09:11,680 - EXECUT - INFO - received weights from trainer sta0!
2025-12-12 05:09:34,165 - EXECUT - INFO - received weights from trainer sta1!
2025-12-12 05:10:02,049 - EXECUT - INFO - received weights from trainer sta2!
2025-12-12 05:10:30,493 - EXECUT - INFO - received weights from trainer sta3!
2025-12-12 05:10:47,068 - EXECUT - INFO - received weights from trainer sta4!
2025-12-12 05:11:01,524 - EXECUT - INFO - received weights from trainer sta5!
2025-12-12 05:11:03,110 - EXECUT - INFO - sent aggregated weights to trainers!
2025-12-12 05:11:20,493 - METRIC - INFO - {"loss": 0.033336929976940155, "accuracy": 0.9894958138465881, "energy_consumption": 7.168092675489916, "selected": true, "host_energy_consumption": 4.010856893400001, "client_name": "sta1"}
2025-12-12 05:11:25,964 - METRIC - INFO - {"loss": 0.0450432151556015, "accuracy": 0.9824970960617065, "energy_consumption": 4.682909803512062, "selected": true, "host_energy_consumption": 2.4481978141600003, "client_name": "sta0"}
2025-12-12 05:11:31,012 - METRIC - INFO - {"loss": 0.05383443832397461, "accuracy": 0.9819136261940002, "energy_consumption": 8.194311114564652, "selected": true, "host_energy_consumption": 4.81147782612, "client_name": "sta3"}
2025-12-12 05:11:32,266 - METRIC - INFO - {"loss": 0.04590459167957306, "accuracy": 0.9873949289321899, "energy_consumption": 12.108295489580511, "selected": true, "host_energy_consumption": 5.8296053452, "client_name": "sta2"}
2025-12-12 05:11:34,311 - METRIC - INFO - {"loss": 0.034863121807575226, "accuracy": 0.985989511013031, "energy_consumption": 2.9870863731670365, "selected": true, "host_energy_consumption": 1.8029431901600002, "client_name": "sta5"}
2025-12-12 05:11:34,913 - METRIC - INFO - {"loss": 0.03965850919485092, "accuracy": 0.9851138591766357, "energy_consumption": 7.1300250171753605, "selected": true, "host_energy_consumption": -70.19479574828, "client_name": "sta4"}
2025-12-12 05:11:35,142 - METRIC - INFO - mean_accuracy: 0.9854008058706919

2025-12-12 05:11:35,142 - METRIC - INFO - round: 31
2025-12-12 05:11:35,142 - METRIC - INFO - n_selected: 6
2025-12-12 05:11:35,142 - METRIC - INFO - {"selected_trainers": ["sta0", "sta1", "sta2", "sta3", "sta4", "sta5"]}
2025-12-12 05:11:48,695 - EXECUT - INFO - received weights from trainer sta0!
2025-12-12 05:12:10,950 - EXECUT - INFO - received weights from trainer sta1!
2025-12-12 05:12:38,681 - EXECUT - INFO - received weights from trainer sta2!
2025-12-12 05:13:06,326 - EXECUT - INFO - received weights from trainer sta3!
2025-12-12 05:13:24,078 - EXECUT - INFO - received weights from trainer sta4!
2025-12-12 05:13:36,317 - EXECUT - INFO - received weights from trainer sta5!
2025-12-12 05:13:37,922 - EXECUT - INFO - sent aggregated weights to trainers!
2025-12-12 05:13:59,154 - METRIC - INFO - {"loss": 0.032679926604032516, "accuracy": 0.9901960492134094, "energy_consumption": 7.440848706071023, "selected": true, "host_energy_consumption": 4.143945625120001, "client_name": "sta1"}
2025-12-12 05:14:01,116 - METRIC - INFO - {"loss": 0.04380995035171509, "accuracy": 0.9836639165878296, "energy_consumption": 4.866046211744803, "selected": true, "host_energy_consumption": 2.52889586684, "client_name": "sta0"}
2025-12-12 05:14:07,589 - METRIC - INFO - {"loss": 0.05268871784210205, "accuracy": 0.9824970960617065, "energy_consumption": 8.430844075537447, "selected": true, "host_energy_consumption": 4.970329550480001, "client_name": "sta3"}
2025-12-12 05:14:08,895 - METRIC - INFO - {"loss": 0.03505969047546387, "accuracy": 0.9877408146858215, "energy_consumption": 3.1053492477340594, "selected": true, "host_energy_consumption": 1.8622931264, "client_name": "sta5"}
2025-12-12 05:14:10,137 - METRIC - INFO - {"loss": 0.04403357952833176, "accuracy": 0.9873949289321899, "energy_consumption": 12.501215835677554, "selected": true, "host_energy_consumption": 6.02368569292, "client_name": "sta2"}
2025-12-12 05:14:10,301 - METRIC - INFO - {"loss": 0.03932107985019684, "accuracy": 0.985989511013031, "energy_consumption": 7.311240037056796, "selected": true, "host_energy_consumption": -70.08999063612, "client_name": "sta4"}
2025-12-12 05:14:10,957 - METRIC - INFO - mean_accuracy: 0.986247052748998

2025-12-12 05:14:10,957 - METRIC - INFO - round: 32
2025-12-12 05:14:10,957 - METRIC - INFO - n_selected: 6
2025-12-12 05:14:10,957 - METRIC - INFO - {"selected_trainers": ["sta0", "sta1", "sta2", "sta3", "sta4", "sta5"]}
2025-12-12 05:14:25,888 - EXECUT - INFO - received weights from trainer sta0!
2025-12-12 05:14:48,649 - EXECUT - INFO - received weights from trainer sta1!
2025-12-12 05:15:20,651 - EXECUT - INFO - received weights from trainer sta2!
2025-12-12 05:15:48,719 - EXECUT - INFO - received weights from trainer sta3!
2025-12-12 05:16:07,588 - EXECUT - INFO - received weights from trainer sta4!
2025-12-12 05:16:19,827 - EXECUT - INFO - received weights from trainer sta5!
2025-12-12 05:16:21,417 - EXECUT - INFO - sent aggregated weights to trainers!
2025-12-12 05:16:43,785 - METRIC - INFO - {"loss": 0.032637085765600204, "accuracy": 0.9887955188751221, "energy_consumption": 7.65638866248851, "selected": true, "host_energy_consumption": 4.2772178498, "client_name": "sta1"}
2025-12-12 05:16:47,075 - METRIC - INFO - {"loss": 0.04531334340572357, "accuracy": 0.9824970960617065, "energy_consumption": 5.0224633550426185, "selected": true, "host_energy_consumption": 2.6100177124000004, "client_name": "sta0"}
2025-12-12 05:16:50,086 - METRIC - INFO - {"loss": 0.04193134233355522, "accuracy": 0.9816111922264099, "energy_consumption": 7.530585232691256, "selected": true, "host_energy_consumption": -69.98532297708, "client_name": "sta4"}
2025-12-12 05:16:52,509 - METRIC - INFO - {"loss": 0.04541027918457985, "accuracy": 0.9873949289321899, "energy_consumption": 12.894144320327468, "selected": true, "host_energy_consumption": 6.216856932160001, "client_name": "sta2"}
2025-12-12 05:16:55,151 - METRIC - INFO - {"loss": 0.03414533659815788, "accuracy": 0.985989511013031, "energy_consumption": 3.196902847757718, "selected": true, "host_energy_consumption": 1.92132238956, "client_name": "sta5"}
2025-12-12 05:16:55,626 - METRIC - INFO - {"loss": 0.050913069397211075, "accuracy": 0.9830805063247681, "energy_consumption": 8.722682594920538, "selected": true, "host_energy_consumption": 5.129308867760001, "client_name": "sta3"}
2025-12-12 05:16:56,454 - METRIC - INFO - mean_accuracy: 0.9848947922388712

2025-12-12 05:16:56,454 - METRIC - INFO - round: 33
2025-12-12 05:16:56,454 - METRIC - INFO - n_selected: 6
2025-12-12 05:16:56,454 - METRIC - INFO - {"selected_trainers": ["sta0", "sta1", "sta2", "sta3", "sta4", "sta5"]}
2025-12-12 05:17:10,453 - EXECUT - INFO - received weights from trainer sta0!
2025-12-12 05:17:32,353 - EXECUT - INFO - received weights from trainer sta1!
2025-12-12 05:18:00,524 - EXECUT - INFO - received weights from trainer sta2!
2025-12-12 05:18:26,606 - EXECUT - INFO - received weights from trainer sta3!
2025-12-12 05:18:44,278 - EXECUT - INFO - received weights from trainer sta4!
2025-12-12 05:18:58,631 - EXECUT - INFO - received weights from trainer sta5!
2025-12-12 05:19:00,236 - EXECUT - INFO - sent aggregated weights to trainers!
2025-12-12 05:19:22,453 - METRIC - INFO - {"loss": 0.03269517421722412, "accuracy": 0.9901960492134094, "energy_consumption": 7.898624800234501, "selected": true, "host_energy_consumption": 4.41053732784, "client_name": "sta1"}
2025-12-12 05:19:22,570 - METRIC - INFO - {"loss": 0.04512543976306915, "accuracy": 0.9824970960617065, "energy_consumption": 5.17887244403427, "selected": true, "host_energy_consumption": 2.69154506432, "client_name": "sta0"}
2025-12-12 05:19:26,395 - METRIC - INFO - {"loss": 0.050799645483493805, "accuracy": 0.9824970960617065, "energy_consumption": 8.987807455750737, "selected": true, "host_energy_consumption": 5.288948672, "client_name": "sta3"}
2025-12-12 05:19:32,182 - METRIC - INFO - {"loss": 0.037535298615694046, "accuracy": 0.9851138591766357, "energy_consumption": 7.749931110247435, "selected": true, "host_energy_consumption": -69.88077952632, "client_name": "sta4"}
2025-12-12 05:19:32,661 - METRIC - INFO - {"loss": 0.04427235201001167, "accuracy": 0.9892623424530029, "energy_consumption": 13.287062267776774, "selected": true, "host_energy_consumption": 6.41011577332, "client_name": "sta2"}
2025-12-12 05:19:32,719 - METRIC - INFO - {"loss": 0.03658650442957878, "accuracy": 0.9877408146858215, "energy_consumption": 3.288454969489541, "selected": true, "host_energy_consumption": 1.9811973412000001, "client_name": "sta5"}
2025-12-12 05:19:33,271 - METRIC - INFO - mean_accuracy: 0.9862178762753805

2025-12-12 05:19:33,271 - METRIC - INFO - round: 34
2025-12-12 05:19:33,272 - METRIC - INFO - n_selected: 6
2025-12-12 05:19:33,272 - METRIC - INFO - {"selected_trainers": ["sta0", "sta1", "sta2", "sta3", "sta4", "sta5"]}
2025-12-12 05:19:48,349 - EXECUT - INFO - received weights from trainer sta0!
2025-12-12 05:20:10,242 - EXECUT - INFO - received weights from trainer sta1!
2025-12-12 05:20:39,037 - EXECUT - INFO - received weights from trainer sta2!
2025-12-12 05:21:05,846 - EXECUT - INFO - received weights from trainer sta3!
2025-12-12 05:21:23,846 - EXECUT - INFO - received weights from trainer sta4!
2025-12-12 05:21:36,494 - EXECUT - INFO - received weights from trainer sta5!
2025-12-12 05:21:38,084 - EXECUT - INFO - sent aggregated weights to trainers!
2025-12-12 05:21:59,825 - METRIC - INFO - {"loss": 0.031856417655944824, "accuracy": 0.9887955188751221, "energy_consumption": 8.114155619854742, "selected": true, "host_energy_consumption": 4.54328038416, "client_name": "sta1"}
2025-12-12 05:22:01,636 - METRIC - INFO - {"loss": 0.04301358386874199, "accuracy": 0.9824970960617065, "energy_consumption": 5.302850607830124, "selected": true, "host_energy_consumption": 2.7724810414000003, "client_name": "sta0"}
2025-12-12 05:22:06,761 - METRIC - INFO - {"loss": 0.037842921912670135, "accuracy": 0.9868651628494263, "energy_consumption": 7.969279291077645, "selected": true, "host_energy_consumption": -69.77587681428001, "client_name": "sta4"}
2025-12-12 05:22:06,946 - METRIC - INFO - {"loss": 0.034534428268671036, "accuracy": 0.9877408146858215, "energy_consumption": 3.3800139358715082, "selected": true, "host_energy_consumption": 2.0406251726, "client_name": "sta5"}
2025-12-12 05:22:10,548 - METRIC - INFO - {"loss": 0.0510290302336216, "accuracy": 0.9836639165878296, "energy_consumption": 9.252938757482578, "selected": true, "host_energy_consumption": 5.4482450904, "client_name": "sta3"}
2025-12-12 05:22:10,625 - METRIC - INFO - {"loss": 0.04450088366866112, "accuracy": 0.9883286356925964, "energy_consumption": 13.67997939342298, "selected": true, "host_energy_consumption": 6.6046271258800004, "client_name": "sta2"}
2025-12-12 05:22:11,118 - METRIC - INFO - mean_accuracy: 0.9863151907920837

2025-12-12 05:22:11,118 - METRIC - INFO - round: 35
2025-12-12 05:22:11,118 - METRIC - INFO - n_selected: 6
2025-12-12 05:22:11,118 - METRIC - INFO - {"selected_trainers": ["sta0", "sta1", "sta2", "sta3", "sta4", "sta5"]}
2025-12-12 05:22:26,475 - EXECUT - INFO - received weights from trainer sta0!
2025-12-12 05:22:49,051 - EXECUT - INFO - received weights from trainer sta1!
2025-12-12 05:23:18,588 - EXECUT - INFO - received weights from trainer sta2!
2025-12-12 05:23:46,028 - EXECUT - INFO - received weights from trainer sta3!
2025-12-12 05:24:05,378 - EXECUT - INFO - received weights from trainer sta4!
2025-12-12 05:24:16,970 - EXECUT - INFO - received weights from trainer sta5!
2025-12-12 05:24:18,581 - EXECUT - INFO - sent aggregated weights to trainers!
2025-12-12 05:24:37,111 - METRIC - INFO - {"loss": 0.030615309253335, "accuracy": 0.9908963441848755, "energy_consumption": 8.329690178122704, "selected": true, "host_energy_consumption": 4.6767409388, "client_name": "sta1"}
2025-12-12 05:24:44,307 - METRIC - INFO - {"loss": 0.04505758360028267, "accuracy": 0.9813302159309387, "energy_consumption": 5.426829472622445, "selected": true, "host_energy_consumption": 2.8536775008000004, "client_name": "sta0"}
2025-12-12 05:24:45,233 - METRIC - INFO - {"loss": 0.042428772896528244, "accuracy": 0.9887955188751221, "energy_consumption": 14.072895463600629, "selected": true, "host_energy_consumption": 6.797957692960001, "client_name": "sta2"}
2025-12-12 05:24:46,228 - METRIC - INFO - {"loss": 0.03759397938847542, "accuracy": 0.985989511013031, "energy_consumption": 8.188638905620937, "selected": true, "host_energy_consumption": -69.67119568836, "client_name": "sta4"}
2025-12-12 05:24:48,909 - METRIC - INFO - {"loss": 0.03431807458400726, "accuracy": 0.9877408146858215, "energy_consumption": 3.471597375136346, "selected": true, "host_energy_consumption": 2.09969413556, "client_name": "sta5"}
2025-12-12 05:24:50,576 - METRIC - INFO - {"loss": 0.04999231547117233, "accuracy": 0.9830805063247681, "energy_consumption": 9.518069455181173, "selected": true, "host_energy_consumption": 5.60737848888, "client_name": "sta3"}
2025-12-12 05:24:50,615 - METRIC - INFO - mean_accuracy: 0.9863054851690928

2025-12-12 05:24:50,615 - METRIC - INFO - round: 36
2025-12-12 05:24:50,615 - METRIC - INFO - n_selected: 6
2025-12-12 05:24:50,615 - METRIC - INFO - {"selected_trainers": ["sta0", "sta1", "sta2", "sta3", "sta4", "sta5"]}
2025-12-12 05:25:05,024 - EXECUT - INFO - received weights from trainer sta0!
2025-12-12 05:25:27,077 - EXECUT - INFO - received weights from trainer sta1!
2025-12-12 05:25:55,432 - EXECUT - INFO - received weights from trainer sta2!
2025-12-12 05:26:24,745 - EXECUT - INFO - received weights from trainer sta3!
2025-12-12 05:26:42,178 - EXECUT - INFO - received weights from trainer sta4!
2025-12-12 05:26:56,380 - EXECUT - INFO - received weights from trainer sta5!
2025-12-12 05:26:57,981 - EXECUT - INFO - sent aggregated weights to trainers!
2025-12-12 05:27:20,308 - METRIC - INFO - {"loss": 0.04523271694779396, "accuracy": 0.9824970960617065, "energy_consumption": 5.550811605552412, "selected": true, "host_energy_consumption": 2.93412966532, "client_name": "sta0"}
2025-12-12 05:27:21,551 - METRIC - INFO - {"loss": 0.030750315636396408, "accuracy": 0.9894958138465881, "energy_consumption": 8.575749472618483, "selected": true, "host_energy_consumption": 4.8087072633600005, "client_name": "sta1"}
2025-12-12 05:27:26,778 - METRIC - INFO - {"loss": 0.035448525100946426, "accuracy": 0.9877408146858215, "energy_consumption": 8.408012435182219, "selected": true, "host_energy_consumption": -69.56569341428, "client_name": "sta4"}
2025-12-12 05:27:27,877 - METRIC - INFO - {"loss": 0.03404153510928154, "accuracy": 0.9877408146858215, "energy_consumption": 3.589854023392496, "selected": true, "host_energy_consumption": 2.15954702432, "client_name": "sta5"}
2025-12-12 05:27:27,948 - METRIC - INFO - {"loss": 0.05045690760016441, "accuracy": 0.9830805063247681, "energy_consumption": 9.783200141752854, "selected": true, "host_energy_consumption": 5.767826008, "client_name": "sta3"}
2025-12-12 05:27:28,788 - METRIC - INFO - {"loss": 0.042600661516189575, "accuracy": 0.9892623424530029, "energy_consumption": 14.528768150528121, "selected": true, "host_energy_consumption": 6.99213767476, "client_name": "sta2"}
2025-12-12 05:27:29,014 - METRIC - INFO - mean_accuracy: 0.9866362313429514

2025-12-12 05:27:29,014 - METRIC - INFO - round: 37
2025-12-12 05:27:29,014 - METRIC - INFO - n_selected: 6
2025-12-12 05:27:29,014 - METRIC - INFO - {"selected_trainers": ["sta0", "sta1", "sta2", "sta3", "sta4", "sta5"]}
2025-12-12 05:27:43,347 - EXECUT - INFO - received weights from trainer sta0!
2025-12-12 05:28:06,078 - EXECUT - INFO - received weights from trainer sta1!
2025-12-12 05:28:37,429 - EXECUT - INFO - received weights from trainer sta2!
2025-12-12 05:29:05,363 - EXECUT - INFO - received weights from trainer sta3!
2025-12-12 05:29:24,008 - EXECUT - INFO - received weights from trainer sta4!
2025-12-12 05:29:38,416 - EXECUT - INFO - received weights from trainer sta5!
2025-12-12 05:29:40,029 - EXECUT - INFO - sent aggregated weights to trainers!
2025-12-12 05:29:58,011 - METRIC - INFO - {"loss": 0.030378321185708046, "accuracy": 0.9901960492134094, "energy_consumption": 8.821799825833025, "selected": true, "host_energy_consumption": 4.94197890732, "client_name": "sta1"}
2025-12-12 05:30:03,224 - METRIC - INFO - {"loss": 0.04131340608000755, "accuracy": 0.9836639165878296, "energy_consumption": 5.733944333951187, "selected": true, "host_energy_consumption": 3.01511834764, "client_name": "sta0"}
2025-12-12 05:30:05,794 - METRIC - INFO - {"loss": 0.03244853764772415, "accuracy": 0.9877408146858215, "energy_consumption": 3.6814100570342188, "selected": true, "host_energy_consumption": 2.21883135236, "client_name": "sta5"}
2025-12-12 05:30:07,619 - METRIC - INFO - {"loss": 0.03553100302815437, "accuracy": 0.985989511013031, "energy_consumption": 8.627369520733797, "selected": true, "host_energy_consumption": -69.46085755728001, "client_name": "sta4"}
2025-12-12 05:30:08,069 - METRIC - INFO - {"loss": 0.050116028636693954, "accuracy": 0.9830805063247681, "energy_consumption": 10.075033404457368, "selected": true, "host_energy_consumption": 5.92771491256, "client_name": "sta3"}
2025-12-12 05:30:08,751 - METRIC - INFO - {"loss": 0.04224090650677681, "accuracy": 0.9873949289321899, "energy_consumption": 14.92169654616262, "selected": true, "host_energy_consumption": 7.186683993160001, "client_name": "sta2"}
2025-12-12 05:30:09,060 - METRIC - INFO - mean_accuracy: 0.9863442877928416

2025-12-12 05:30:09,060 - METRIC - INFO - round: 38
2025-12-12 05:30:09,060 - METRIC - INFO - n_selected: 6
2025-12-12 05:30:09,060 - METRIC - INFO - {"selected_trainers": ["sta0", "sta1", "sta2", "sta3", "sta4", "sta5"]}
2025-12-12 05:30:23,103 - EXECUT - INFO - received weights from trainer sta0!
2025-12-12 05:30:44,506 - EXECUT - INFO - received weights from trainer sta1!
2025-12-12 05:31:12,132 - EXECUT - INFO - received weights from trainer sta2!
2025-12-12 05:31:41,430 - EXECUT - INFO - received weights from trainer sta3!
2025-12-12 05:32:00,889 - EXECUT - INFO - received weights from trainer sta4!
2025-12-12 05:32:13,470 - EXECUT - INFO - received weights from trainer sta5!
2025-12-12 05:32:15,096 - EXECUT - INFO - sent aggregated weights to trainers!
2025-12-12 05:32:38,215 - METRIC - INFO - {"loss": 0.029809774830937386, "accuracy": 0.9901960492134094, "energy_consumption": 9.037331053970462, "selected": true, "host_energy_consumption": 5.075349125000001, "client_name": "sta1"}
2025-12-12 05:32:38,510 - METRIC - INFO - {"loss": 0.04303903505206108, "accuracy": 0.9824970960617065, "energy_consumption": 5.890366873808959, "selected": true, "host_energy_consumption": 3.09637260492, "client_name": "sta0"}
2025-12-12 05:32:42,016 - METRIC - INFO - {"loss": 0.042536478489637375, "accuracy": 0.9897292256355286, "energy_consumption": 15.341327587870621, "selected": true, "host_energy_consumption": 7.37953621608, "client_name": "sta2"}
2025-12-12 05:32:43,322 - METRIC - INFO - {"loss": 0.03717636317014694, "accuracy": 0.985989511013031, "energy_consumption": 8.84672220796978, "selected": true, "host_energy_consumption": -69.35556770996, "client_name": "sta4"}
2025-12-12 05:32:47,803 - METRIC - INFO - {"loss": 0.03397200629115105, "accuracy": 0.9877408146858215, "energy_consumption": 3.799672467449403, "selected": true, "host_energy_consumption": 2.27851081388, "client_name": "sta5"}
2025-12-12 05:32:48,441 - METRIC - INFO - {"loss": 0.052661288529634476, "accuracy": 0.9813302159309387, "energy_consumption": 10.366877714611586, "selected": true, "host_energy_consumption": 6.08664842884, "client_name": "sta3"}
2025-12-12 05:32:49,131 - METRIC - INFO - mean_accuracy: 0.9862471520900726

2025-12-12 05:32:49,131 - METRIC - INFO - round: 39
2025-12-12 05:32:49,131 - METRIC - INFO - n_selected: 6
2025-12-12 05:32:49,131 - METRIC - INFO - {"selected_trainers": ["sta0", "sta1", "sta2", "sta3", "sta4", "sta5"]}
2025-12-12 05:33:03,819 - EXECUT - INFO - received weights from trainer sta0!
2025-12-12 05:33:25,145 - EXECUT - INFO - received weights from trainer sta1!
2025-12-12 05:33:53,070 - EXECUT - INFO - received weights from trainer sta2!
2025-12-12 05:34:19,843 - EXECUT - INFO - received weights from trainer sta3!
2025-12-12 05:34:37,658 - EXECUT - INFO - received weights from trainer sta4!
2025-12-12 05:34:50,152 - EXECUT - INFO - received weights from trainer sta5!
2025-12-12 05:34:51,744 - EXECUT - INFO - sent aggregated weights to trainers!
2025-12-12 05:35:10,777 - METRIC - INFO - {"loss": 0.046589139848947525, "accuracy": 0.9813302159309387, "energy_consumption": 6.046779264319043, "selected": true, "host_energy_consumption": 3.1773807346400003, "client_name": "sta0"}
2025-12-12 05:35:20,237 - METRIC - INFO - {"loss": 0.029527824372053146, "accuracy": 0.9908963441848755, "energy_consumption": 9.27957222585647, "selected": true, "host_energy_consumption": 5.20821813316, "client_name": "sta1"}
2025-12-12 05:35:23,267 - METRIC - INFO - {"loss": 0.04971642419695854, "accuracy": 0.9819136261940002, "energy_consumption": 10.632000928656463, "selected": true, "host_energy_consumption": 6.2455880634000005, "client_name": "sta3"}
2025-12-12 05:35:23,922 - METRIC - INFO - {"loss": 0.03429139032959938, "accuracy": 0.9868651628494263, "energy_consumption": 9.066072719096585, "selected": true, "host_energy_consumption": -69.25095395204, "client_name": "sta4"}
2025-12-12 05:35:24,333 - METRIC - INFO - {"loss": 0.04231197386980057, "accuracy": 0.9883286356925964, "energy_consumption": 15.734238509459827, "selected": true, "host_energy_consumption": 7.57175264776, "client_name": "sta2"}
2025-12-12 05:35:25,355 - METRIC - INFO - {"loss": 0.03547847270965576, "accuracy": 0.9894921183586121, "energy_consumption": 3.9179463719809657, "selected": true, "host_energy_consumption": 2.33742451544, "client_name": "sta5"}
2025-12-12 05:35:25,780 - METRIC - INFO - mean_accuracy: 0.9864710172017416

2025-12-12 05:35:25,780 - METRIC - INFO - round: 40
2025-12-12 05:35:25,780 - METRIC - INFO - n_selected: 6
2025-12-12 05:35:25,780 - METRIC - INFO - {"selected_trainers": ["sta0", "sta1", "sta2", "sta3", "sta4", "sta5"]}
2025-12-12 05:35:40,688 - EXECUT - INFO - received weights from trainer sta0!
2025-12-12 05:36:01,987 - EXECUT - INFO - received weights from trainer sta1!
2025-12-12 05:36:32,883 - EXECUT - INFO - received weights from trainer sta2!
2025-12-12 05:36:59,701 - EXECUT - INFO - received weights from trainer sta3!
2025-12-12 05:37:17,610 - EXECUT - INFO - received weights from trainer sta4!
2025-12-12 05:37:30,529 - EXECUT - INFO - received weights from trainer sta5!
2025-12-12 05:37:32,125 - EXECUT - INFO - sent aggregated weights to trainers!
2025-12-12 05:37:54,355 - METRIC - INFO - {"loss": 0.04298364371061325, "accuracy": 0.9824970960617065, "energy_consumption": 6.2031967573202715, "selected": true, "host_energy_consumption": 3.2586679067600004, "client_name": "sta0"}
2025-12-12 05:37:58,738 - METRIC - INFO - {"loss": 0.02946631982922554, "accuracy": 0.9901960492134094, "energy_consumption": 9.525624295797016, "selected": true, "host_energy_consumption": 5.34170421988, "client_name": "sta1"}
2025-12-12 05:38:01,013 - METRIC - INFO - {"loss": 0.03462984040379524, "accuracy": 0.9877408146858215, "energy_consumption": 4.062916128801865, "selected": true, "host_energy_consumption": 2.39859526732, "client_name": "sta5"}
2025-12-12 05:38:02,239 - METRIC - INFO - {"loss": 0.041566893458366394, "accuracy": 0.9892623424530029, "energy_consumption": 16.153878742010164, "selected": true, "host_energy_consumption": 7.764692166000001, "client_name": "sta2"}
2025-12-12 05:38:04,284 - METRIC - INFO - {"loss": 0.0340341292321682, "accuracy": 0.9868651628494263, "energy_consumption": 9.285421817103572, "selected": true, "host_energy_consumption": -69.14574634072001, "client_name": "sta4"}
2025-12-12 05:38:05,616 - METRIC - INFO - {"loss": 0.04911315441131592, "accuracy": 0.9824970960617065, "energy_consumption": 10.897133306521166, "selected": true, "host_energy_consumption": 6.40424617728, "client_name": "sta3"}
2025-12-12 05:38:06,161 - METRIC - INFO - mean_accuracy: 0.9865097602208456

2025-12-12 05:38:06,161 - METRIC - INFO - round: 41
2025-12-12 05:38:06,161 - METRIC - INFO - n_selected: 6
2025-12-12 05:38:06,162 - METRIC - INFO - {"selected_trainers": ["sta0", "sta1", "sta2", "sta3", "sta4", "sta5"]}
2025-12-12 05:38:21,049 - EXECUT - INFO - received weights from trainer sta0!
2025-12-12 05:38:44,556 - EXECUT - INFO - received weights from trainer sta1!
2025-12-12 05:39:12,286 - EXECUT - INFO - received weights from trainer sta2!
2025-12-12 05:39:40,321 - EXECUT - INFO - received weights from trainer sta3!
2025-12-12 05:39:58,301 - EXECUT - INFO - received weights from trainer sta4!
2025-12-12 05:40:10,973 - EXECUT - INFO - received weights from trainer sta5!
2025-12-12 05:40:12,570 - EXECUT - INFO - sent aggregated weights to trainers!
2025-12-12 05:40:34,599 - METRIC - INFO - {"loss": 0.041559621691703796, "accuracy": 0.9836639165878296, "energy_consumption": 6.32718265751008, "selected": true, "host_energy_consumption": 3.34036531976, "client_name": "sta0"}
2025-12-12 05:40:36,124 - METRIC - INFO - {"loss": 0.028788812458515167, "accuracy": 0.9908963441848755, "energy_consumption": 9.798390216627368, "selected": true, "host_energy_consumption": 5.47554351848, "client_name": "sta1"}
2025-12-12 05:40:44,504 - METRIC - INFO - {"loss": 0.034470751881599426, "accuracy": 0.9868651628494263, "energy_consumption": 9.466619920875662, "selected": true, "host_energy_consumption": -69.04150565284, "client_name": "sta4"}
2025-12-12 05:40:45,471 - METRIC - INFO - {"loss": 0.030494537204504013, "accuracy": 0.9877408146858215, "energy_consumption": 4.181173334993963, "selected": true, "host_energy_consumption": 2.45886029396, "client_name": "sta5"}
2025-12-12 05:40:46,161 - METRIC - INFO - {"loss": 0.041344475001096725, "accuracy": 0.9883286356925964, "energy_consumption": 16.546810660112072, "selected": true, "host_energy_consumption": 7.96027323756, "client_name": "sta2"}
2025-12-12 05:40:47,356 - METRIC - INFO - {"loss": 0.04913955554366112, "accuracy": 0.9824970960617065, "energy_consumption": 11.188973657078645, "selected": true, "host_energy_consumption": 6.56643070356, "client_name": "sta3"}
2025-12-12 05:40:47,607 - METRIC - INFO - mean_accuracy: 0.9866653283437093

2025-12-12 05:40:47,607 - METRIC - INFO - round: 42
2025-12-12 05:40:47,607 - METRIC - INFO - n_selected: 6
2025-12-12 05:40:47,607 - METRIC - INFO - {"selected_trainers": ["sta0", "sta1", "sta2", "sta3", "sta4", "sta5"]}
2025-12-12 05:41:01,507 - EXECUT - INFO - received weights from trainer sta0!
2025-12-12 05:41:25,103 - EXECUT - INFO - received weights from trainer sta1!
2025-12-12 05:41:52,911 - EXECUT - INFO - received weights from trainer sta2!
2025-12-12 05:42:19,461 - EXECUT - INFO - received weights from trainer sta3!
2025-12-12 05:42:35,054 - EXECUT - INFO - received weights from trainer sta4!
2025-12-12 05:42:47,234 - EXECUT - INFO - received weights from trainer sta5!
2025-12-12 05:42:48,841 - EXECUT - INFO - sent aggregated weights to trainers!
2025-12-12 05:43:10,017 - METRIC - INFO - {"loss": 0.028678186237812042, "accuracy": 0.9901960492134094, "energy_consumption": 10.071155589059131, "selected": true, "host_energy_consumption": 5.61283328172, "client_name": "sta1"}
2025-12-12 05:43:11,798 - METRIC - INFO - {"loss": 0.041084591299295425, "accuracy": 0.9836639165878296, "energy_consumption": 6.4835970111281265, "selected": true, "host_energy_consumption": 3.4239383556000003, "client_name": "sta0"}
2025-12-12 05:43:17,324 - METRIC - INFO - {"loss": 0.03540343791246414, "accuracy": 0.985989511013031, "energy_consumption": 9.712694187447557, "selected": true, "host_energy_consumption": -68.9372993498, "client_name": "sta4"}
2025-12-12 05:43:18,755 - METRIC - INFO - {"loss": 0.04806048795580864, "accuracy": 0.9842473864555359, "energy_consumption": 11.454100406307457, "selected": true, "host_energy_consumption": 6.725435706640001, "client_name": "sta3"}
2025-12-12 05:43:18,879 - METRIC - INFO - {"loss": 0.031428262591362, "accuracy": 0.9877408146858215, "energy_consumption": 4.272728249584665, "selected": true, "host_energy_consumption": 2.52003723216, "client_name": "sta5"}
2025-12-12 05:43:18,974 - METRIC - INFO - {"loss": 0.0400676354765892, "accuracy": 0.9887955188751221, "energy_consumption": 16.96644416881894, "selected": true, "host_energy_consumption": 8.15452822604, "client_name": "sta2"}
2025-12-12 05:43:19,872 - METRIC - INFO - mean_accuracy: 0.9867721994717916

2025-12-12 05:43:19,872 - METRIC - INFO - round: 43
2025-12-12 05:43:19,872 - METRIC - INFO - n_selected: 6
2025-12-12 05:43:19,872 - METRIC - INFO - {"selected_trainers": ["sta0", "sta1", "sta2", "sta3", "sta4", "sta5"]}
2025-12-12 05:43:34,717 - EXECUT - INFO - received weights from trainer sta0!
2025-12-12 05:43:57,161 - EXECUT - INFO - received weights from trainer sta1!
2025-12-12 05:44:25,148 - EXECUT - INFO - received weights from trainer sta2!
2025-12-12 05:44:52,954 - EXECUT - INFO - received weights from trainer sta3!
2025-12-12 05:45:09,776 - EXECUT - INFO - received weights from trainer sta4!
2025-12-12 05:45:22,471 - EXECUT - INFO - received weights from trainer sta5!
2025-12-12 05:45:24,064 - EXECUT - INFO - sent aggregated weights to trainers!
2025-12-12 05:45:50,103 - METRIC - INFO - {"loss": 0.04146643728017807, "accuracy": 0.9836639165878296, "energy_consumption": 6.640016141377303, "selected": true, "host_energy_consumption": 3.50536573268, "client_name": "sta0"}
2025-12-12 05:45:53,817 - METRIC - INFO - {"loss": 0.048340052366256714, "accuracy": 0.9836639165878296, "energy_consumption": 11.745936604931341, "selected": true, "host_energy_consumption": 6.8887604298800005, "client_name": "sta3"}
2025-12-12 05:45:54,059 - METRIC - INFO - {"loss": 0.02849663607776165, "accuracy": 0.9901960492134094, "energy_consumption": 10.317223858216934, "selected": true, "host_energy_consumption": 5.7471546664, "client_name": "sta1"}
2025-12-12 05:45:56,082 - METRIC - INFO - {"loss": 0.039689645171165466, "accuracy": 0.9883286356925964, "energy_consumption": 17.359364731096278, "selected": true, "host_energy_consumption": 8.34636980968, "client_name": "sta2"}
2025-12-12 05:45:58,234 - METRIC - INFO - {"loss": 0.030627308413386345, "accuracy": 0.9877408146858215, "energy_consumption": 4.390982278244087, "selected": true, "host_energy_consumption": 2.5790758778400003, "client_name": "sta5"}
2025-12-12 05:45:59,838 - METRIC - INFO - {"loss": 0.03245939314365387, "accuracy": 0.9886164665222168, "energy_consumption": 9.89390756531235, "selected": true, "host_energy_consumption": -68.83335923744, "client_name": "sta4"}
2025-12-12 05:46:00,101 - METRIC - INFO - mean_accuracy: 0.9870349665482839

2025-12-12 05:46:00,101 - METRIC - INFO - round: 44
2025-12-12 05:46:00,101 - METRIC - INFO - n_selected: 6
2025-12-12 05:46:00,101 - METRIC - INFO - {"selected_trainers": ["sta0", "sta1", "sta2", "sta3", "sta4", "sta5"]}
2025-12-12 05:46:14,532 - EXECUT - INFO - received weights from trainer sta0!
2025-12-12 05:46:36,092 - EXECUT - INFO - received weights from trainer sta1!
2025-12-12 05:47:04,945 - EXECUT - INFO - received weights from trainer sta2!
2025-12-12 05:47:31,707 - EXECUT - INFO - received weights from trainer sta3!
2025-12-12 05:47:49,175 - EXECUT - INFO - received weights from trainer sta4!
2025-12-12 05:48:01,262 - EXECUT - INFO - received weights from trainer sta5!
2025-12-12 05:48:02,874 - EXECUT - INFO - sent aggregated weights to trainers!
2025-12-12 05:48:21,662 - METRIC - INFO - {"loss": 0.02858181670308113, "accuracy": 0.9901960492134094, "energy_consumption": 10.563275389296265, "selected": true, "host_energy_consumption": 5.879237406840001, "client_name": "sta1"}
2025-12-12 05:48:27,824 - METRIC - INFO - {"loss": 0.044791024178266525, "accuracy": 0.9813302159309387, "energy_consumption": 6.796430692100928, "selected": true, "host_energy_consumption": 3.58571335864, "client_name": "sta0"}
2025-12-12 05:48:32,163 - METRIC - INFO - {"loss": 0.03019210323691368, "accuracy": 0.9877408146858215, "energy_consumption": 4.535955117223997, "selected": true, "host_energy_consumption": 2.6383293762, "client_name": "sta5"}
2025-12-12 05:48:32,672 - METRIC - INFO - {"loss": 0.04060393199324608, "accuracy": 0.9897292256355286, "energy_consumption": 17.75228158492756, "selected": true, "host_energy_consumption": 8.53857352656, "client_name": "sta2"}
2025-12-12 05:48:32,853 - METRIC - INFO - {"loss": 0.03224687650799751, "accuracy": 0.9894921183586121, "energy_consumption": 10.113253269606364, "selected": true, "host_energy_consumption": -68.72823182876, "client_name": "sta4"}
2025-12-12 05:48:33,059 - METRIC - INFO - {"loss": 0.049347225576639175, "accuracy": 0.9836639165878296, "energy_consumption": 12.011068931930094, "selected": true, "host_energy_consumption": 7.0487093538400005, "client_name": "sta3"}
2025-12-12 05:48:33,906 - METRIC - INFO - mean_accuracy: 0.98702539006869

2025-12-12 05:48:33,906 - METRIC - INFO - round: 45
2025-12-12 05:48:33,906 - METRIC - INFO - n_selected: 6
2025-12-12 05:48:33,906 - METRIC - INFO - {"selected_trainers": ["sta0", "sta1", "sta2", "sta3", "sta4", "sta5"]}
2025-12-12 05:48:48,439 - EXECUT - INFO - received weights from trainer sta0!
2025-12-12 05:49:11,168 - EXECUT - INFO - received weights from trainer sta1!
2025-12-12 05:49:38,110 - EXECUT - INFO - received weights from trainer sta2!
2025-12-12 05:50:06,997 - EXECUT - INFO - received weights from trainer sta3!
2025-12-12 05:50:25,281 - EXECUT - INFO - received weights from trainer sta4!
2025-12-12 05:50:38,368 - EXECUT - INFO - received weights from trainer sta5!
2025-12-12 05:50:39,964 - EXECUT - INFO - sent aggregated weights to trainers!
2025-12-12 05:51:00,030 - METRIC - INFO - {"loss": 0.04379015788435936, "accuracy": 0.9813302159309387, "energy_consumption": 6.9528409510095495, "selected": true, "host_energy_consumption": 3.66675067836, "client_name": "sta0"}
2025-12-12 05:51:00,934 - METRIC - INFO - {"loss": 0.028042564168572426, "accuracy": 0.9915966391563416, "energy_consumption": 10.83605277245178, "selected": true, "host_energy_consumption": 6.012052923520001, "client_name": "sta1"}
2025-12-12 05:51:07,312 - METRIC - INFO - {"loss": 0.04885847866535187, "accuracy": 0.9836639165878296, "energy_consumption": 12.276197296152997, "selected": true, "host_energy_consumption": 7.20748073948, "client_name": "sta3"}
2025-12-12 05:51:10,023 - METRIC - INFO - {"loss": 0.03269532695412636, "accuracy": 0.9868651628494263, "energy_consumption": 10.33260327048406, "selected": true, "host_energy_consumption": -68.62433423608, "client_name": "sta4"}
2025-12-12 05:51:10,256 - METRIC - INFO - {"loss": 0.03111114166676998, "accuracy": 0.9894921183586121, "energy_consumption": 4.654226723250195, "selected": true, "host_energy_consumption": 2.69830331176, "client_name": "sta5"}
2025-12-12 05:51:10,459 - METRIC - INFO - {"loss": 0.04003429040312767, "accuracy": 0.9883286356925964, "energy_consumption": 18.171908465164577, "selected": true, "host_energy_consumption": 8.7318125608, "client_name": "sta2"}
2025-12-12 05:51:10,996 - METRIC - INFO - mean_accuracy: 0.9868794480959574

2025-12-12 05:51:10,996 - METRIC - INFO - round: 46
2025-12-12 05:51:10,996 - METRIC - INFO - n_selected: 6
2025-12-12 05:51:10,996 - METRIC - INFO - {"selected_trainers": ["sta0", "sta1", "sta2", "sta3", "sta4", "sta5"]}
2025-12-12 05:51:26,386 - EXECUT - INFO - received weights from trainer sta0!
2025-12-12 05:51:48,321 - EXECUT - INFO - received weights from trainer sta1!
2025-12-12 05:52:16,082 - EXECUT - INFO - received weights from trainer sta2!
2025-12-12 05:52:42,626 - EXECUT - INFO - received weights from trainer sta3!
2025-12-12 05:53:00,858 - EXECUT - INFO - received weights from trainer sta4!
2025-12-12 05:53:13,548 - EXECUT - INFO - received weights from trainer sta5!
2025-12-12 05:53:15,168 - EXECUT - INFO - sent aggregated weights to trainers!
2025-12-12 05:53:38,726 - METRIC - INFO - {"loss": 0.04208188131451607, "accuracy": 0.9824970960617065, "energy_consumption": 7.135958890131733, "selected": true, "host_energy_consumption": 3.7493740508, "client_name": "sta0"}
2025-12-12 05:53:38,889 - METRIC - INFO - {"loss": 0.027595549821853638, "accuracy": 0.9915966391563416, "energy_consumption": 11.108810375108845, "selected": true, "host_energy_consumption": 6.14634951056, "client_name": "sta1"}
2025-12-12 05:53:44,207 - METRIC - INFO - {"loss": 0.03988313302397728, "accuracy": 0.9883286356925964, "energy_consumption": 18.59155065446467, "selected": true, "host_energy_consumption": 8.92373632976, "client_name": "sta2"}
2025-12-12 05:53:45,943 - METRIC - INFO - {"loss": 0.03165123611688614, "accuracy": 0.9877408146858215, "energy_consumption": 10.551965428325122, "selected": true, "host_energy_consumption": -68.52052851812, "client_name": "sta4"}
2025-12-12 05:53:47,844 - METRIC - INFO - {"loss": 0.049574825912714005, "accuracy": 0.9830805063247681, "energy_consumption": 12.541343046995319, "selected": true, "host_energy_consumption": 7.368563657, "client_name": "sta3"}
2025-12-12 05:53:48,231 - METRIC - INFO - {"loss": 0.031173331663012505, "accuracy": 0.9894921183586121, "energy_consumption": 4.772484657461282, "selected": true, "host_energy_consumption": 2.7580172429600003, "client_name": "sta5"}
2025-12-12 05:53:49,204 - METRIC - INFO - mean_accuracy: 0.987122635046641

2025-12-12 05:53:49,204 - METRIC - INFO - round: 47
2025-12-12 05:53:49,204 - METRIC - INFO - n_selected: 6
2025-12-12 05:53:49,204 - METRIC - INFO - {"selected_trainers": ["sta0", "sta1", "sta2", "sta3", "sta4", "sta5"]}
2025-12-12 05:54:03,459 - EXECUT - INFO - received weights from trainer sta0!
2025-12-12 05:54:26,070 - EXECUT - INFO - received weights from trainer sta1!
2025-12-12 05:54:54,883 - EXECUT - INFO - received weights from trainer sta2!
2025-12-12 05:55:22,292 - EXECUT - INFO - received weights from trainer sta3!
2025-12-12 05:55:40,728 - EXECUT - INFO - received weights from trainer sta4!
2025-12-12 05:55:53,563 - EXECUT - INFO - received weights from trainer sta5!
2025-12-12 05:55:55,159 - EXECUT - INFO - sent aggregated weights to trainers!
2025-12-12 05:56:17,358 - METRIC - INFO - {"loss": 0.027651207521557808, "accuracy": 0.9908963441848755, "energy_consumption": 11.32435210547655, "selected": true, "host_energy_consumption": 6.27803939112, "client_name": "sta1"}
2025-12-12 05:56:19,170 - METRIC - INFO - {"loss": 0.04226607456803322, "accuracy": 0.9824970960617065, "energy_consumption": 7.292376174900469, "selected": true, "host_energy_consumption": 3.8307360422800003, "client_name": "sta0"}
2025-12-12 05:56:25,128 - METRIC - INFO - {"loss": 0.0325150340795517, "accuracy": 0.9912434220314026, "energy_consumption": 4.864047287781622, "selected": true, "host_energy_consumption": 2.81851002524, "client_name": "sta5"}
2025-12-12 05:56:25,169 - METRIC - INFO - {"loss": 0.040089741349220276, "accuracy": 0.9883286356925964, "energy_consumption": 18.98447064132087, "selected": true, "host_energy_consumption": 9.1163102632, "client_name": "sta2"}
2025-12-12 05:56:25,939 - METRIC - INFO - {"loss": 0.03186537325382233, "accuracy": 0.9877408146858215, "energy_consumption": 10.771313095727098, "selected": true, "host_energy_consumption": -68.41657357164, "client_name": "sta4"}
2025-12-12 05:56:26,684 - METRIC - INFO - {"loss": 0.04786796122789383, "accuracy": 0.9836639165878296, "energy_consumption": 12.80648398146749, "selected": true, "host_energy_consumption": 7.53139862104, "client_name": "sta3"}
2025-12-12 05:56:27,193 - METRIC - INFO - mean_accuracy: 0.9873950382073721

2025-12-12 05:56:27,193 - METRIC - INFO - round: 48
2025-12-12 05:56:27,193 - METRIC - INFO - n_selected: 6
2025-12-12 05:56:27,193 - METRIC - INFO - {"selected_trainers": ["sta0", "sta1", "sta2", "sta3", "sta4", "sta5"]}
2025-12-12 05:56:41,783 - EXECUT - INFO - received weights from trainer sta0!
2025-12-12 05:57:04,292 - EXECUT - INFO - received weights from trainer sta1!
2025-12-12 05:57:32,595 - EXECUT - INFO - received weights from trainer sta2!
2025-12-12 05:58:00,708 - EXECUT - INFO - received weights from trainer sta3!
2025-12-12 05:58:17,747 - EXECUT - INFO - received weights from trainer sta4!
2025-12-12 05:58:30,144 - EXECUT - INFO - received weights from trainer sta5!
2025-12-12 05:58:31,763 - EXECUT - INFO - sent aggregated weights to trainers!
2025-12-12 05:58:52,417 - METRIC - INFO - {"loss": 0.040636349469423294, "accuracy": 0.9836639165878296, "energy_consumption": 7.41637118645457, "selected": true, "host_energy_consumption": 3.91311612412, "client_name": "sta0"}
2025-12-12 05:58:57,338 - METRIC - INFO - {"loss": 0.026866018772125244, "accuracy": 0.9915966391563416, "energy_consumption": 11.597127107469518, "selected": true, "host_energy_consumption": 6.4116516688, "client_name": "sta1"}
2025-12-12 05:59:02,739 - METRIC - INFO - {"loss": 0.032784610986709595, "accuracy": 0.985989511013031, "energy_consumption": 11.0173809611364, "selected": true, "host_energy_consumption": -68.31239421916, "client_name": "sta4"}
2025-12-12 05:59:04,417 - METRIC - INFO - {"loss": 0.030840445309877396, "accuracy": 0.9877408146858215, "energy_consumption": 4.955607187235961, "selected": true, "host_energy_consumption": 2.87709180892, "client_name": "sta5"}
2025-12-12 05:59:04,943 - METRIC - INFO - {"loss": 0.03854714334011078, "accuracy": 0.9883286356925964, "energy_consumption": 19.377395803788048, "selected": true, "host_energy_consumption": 9.30916291396, "client_name": "sta2"}
2025-12-12 05:59:09,069 - METRIC - INFO - {"loss": 0.04840727150440216, "accuracy": 0.9836639165878296, "energy_consumption": 13.098327530221933, "selected": true, "host_energy_consumption": 7.690212936, "client_name": "sta3"}
2025-12-12 05:59:09,803 - METRIC - INFO - mean_accuracy: 0.9868305722872416

2025-12-12 05:59:09,803 - METRIC - INFO - round: 49
2025-12-12 05:59:09,803 - METRIC - INFO - n_selected: 6
2025-12-12 05:59:09,803 - METRIC - INFO - {"selected_trainers": ["sta0", "sta1", "sta2", "sta3", "sta4", "sta5"]}
2025-12-12 05:59:23,635 - EXECUT - INFO - received weights from trainer sta0!
2025-12-12 05:59:45,834 - EXECUT - INFO - received weights from trainer sta1!
2025-12-12 06:00:13,321 - EXECUT - INFO - received weights from trainer sta2!
2025-12-12 06:00:44,288 - EXECUT - INFO - received weights from trainer sta3!
2025-12-12 06:01:00,406 - EXECUT - INFO - received weights from trainer sta4!
2025-12-12 06:01:12,651 - EXECUT - INFO - received weights from trainer sta5!
2025-12-12 06:01:14,243 - EXECUT - INFO - sent aggregated weights to trainers!
2025-12-12 06:01:37,382 - METRIC - INFO - {"loss": 0.040207017213106155, "accuracy": 0.9836639165878296, "energy_consumption": 7.5727859851497366, "selected": true, "host_energy_consumption": 3.9938998481200003, "client_name": "sta0"}
2025-12-12 06:01:37,878 - METRIC - INFO - {"loss": 0.02684541419148445, "accuracy": 0.9929971694946289, "energy_consumption": 11.812678968110191, "selected": true, "host_energy_consumption": 6.54329294584, "client_name": "sta1"}
2025-12-12 06:01:41,536 - METRIC - INFO - {"loss": 0.03123796172440052, "accuracy": 0.9894921183586121, "energy_consumption": 11.23672916581005, "selected": true, "host_energy_consumption": -68.20829426572, "client_name": "sta4"}
2025-12-12 06:01:43,577 - METRIC - INFO - {"loss": 0.03925656899809837, "accuracy": 0.9887955188751221, "energy_consumption": 19.77032872808215, "selected": true, "host_energy_consumption": 9.502626815920001, "client_name": "sta2"}
2025-12-12 06:01:44,701 - METRIC - INFO - {"loss": 0.046682462096214294, "accuracy": 0.9830805063247681, "energy_consumption": 13.36345009731546, "selected": true, "host_energy_consumption": 7.84969238592, "client_name": "sta3"}
2025-12-12 06:01:46,759 - METRIC - INFO - {"loss": 0.030277840793132782, "accuracy": 0.985989511013031, "energy_consumption": 5.073880115777007, "selected": true, "host_energy_consumption": 2.93606826408, "client_name": "sta5"}
2025-12-12 06:01:47,278 - METRIC - INFO - mean_accuracy: 0.9873364567756653

2025-12-12 06:01:47,278 - METRIC - INFO - round: 50
2025-12-12 06:01:47,278 - METRIC - INFO - n_selected: 6
2025-12-12 06:01:47,278 - METRIC - INFO - {"selected_trainers": ["sta0", "sta1", "sta2", "sta3", "sta4", "sta5"]}
2025-12-12 06:02:02,006 - EXECUT - INFO - received weights from trainer sta0!
2025-12-12 06:02:23,627 - EXECUT - INFO - received weights from trainer sta1!
2025-12-12 06:02:55,951 - EXECUT - INFO - received weights from trainer sta2!
2025-12-12 06:03:25,134 - EXECUT - INFO - received weights from trainer sta3!
2025-12-12 06:03:40,641 - EXECUT - INFO - received weights from trainer sta4!
2025-12-12 06:03:53,097 - EXECUT - INFO - received weights from trainer sta5!
2025-12-12 06:03:54,700 - EXECUT - INFO - sent aggregated weights to trainers!
2025-12-12 06:04:13,681 - METRIC - INFO - {"loss": 0.026970962062478065, "accuracy": 0.9929971694946289, "energy_consumption": 12.05491936587994, "selected": true, "host_energy_consumption": 6.675217486, "client_name": "sta1"}
2025-12-12 06:04:14,865 - METRIC - INFO - {"loss": 0.041377779096364975, "accuracy": 0.9836639165878296, "energy_consumption": 7.729201616774916, "selected": true, "host_energy_consumption": 4.07534692964, "client_name": "sta0"}
2025-12-12 06:04:24,334 - METRIC - INFO - {"loss": 0.030062071979045868, "accuracy": 0.9894921183586121, "energy_consumption": 5.16543875153028, "selected": true, "host_energy_consumption": 2.99517087632, "client_name": "sta5"}
2025-12-12 06:04:25,561 - METRIC - INFO - {"loss": 0.031052494421601295, "accuracy": 0.9886164665222168, "energy_consumption": 11.456086721871731, "selected": true, "host_energy_consumption": -68.10450319344001, "client_name": "sta4"}
2025-12-12 06:04:26,176 - METRIC - INFO - {"loss": 0.04716614633798599, "accuracy": 0.9836639165878296, "energy_consumption": 13.62856853155007, "selected": true, "host_energy_consumption": 8.00932959204, "client_name": "sta3"}
2025-12-12 06:04:27,817 - METRIC - INFO - {"loss": 0.038419999182224274, "accuracy": 0.9887955188751221, "energy_consumption": 20.16324120903083, "selected": true, "host_energy_consumption": 9.695156128, "client_name": "sta2"}
2025-12-12 06:04:28,735 - METRIC - INFO - mean_accuracy: 0.9878715177377065

2025-12-12 06:04:28,735 - METRIC - INFO - round: 51
2025-12-12 06:04:28,735 - METRIC - INFO - n_selected: 6
2025-12-12 06:04:28,735 - METRIC - INFO - {"selected_trainers": ["sta0", "sta1", "sta2", "sta3", "sta4", "sta5"]}
2025-12-12 06:04:43,200 - EXECUT - INFO - received weights from trainer sta0!
2025-12-12 06:05:05,308 - EXECUT - INFO - received weights from trainer sta1!
2025-12-12 06:05:32,778 - EXECUT - INFO - received weights from trainer sta2!
2025-12-12 06:05:59,324 - EXECUT - INFO - received weights from trainer sta3!
2025-12-12 06:06:15,372 - EXECUT - INFO - received weights from trainer sta4!
2025-12-12 06:06:27,797 - EXECUT - INFO - received weights from trainer sta5!
2025-12-12 06:06:29,402 - EXECUT - INFO - sent aggregated weights to trainers!
2025-12-12 06:06:46,267 - METRIC - INFO - {"loss": 0.04066207632422447, "accuracy": 0.9836639165878296, "energy_consumption": 7.879896349610079, "selected": true, "host_energy_consumption": 4.15590455532, "client_name": "sta0"}
2025-12-12 06:06:48,920 - METRIC - INFO - {"loss": 0.026632055640220642, "accuracy": 0.9915966391563416, "energy_consumption": 12.300989860423329, "selected": true, "host_energy_consumption": 6.806078972000001, "client_name": "sta1"}
2025-12-12 06:06:54,944 - METRIC - INFO - {"loss": 0.03819693997502327, "accuracy": 0.9887955188751221, "energy_consumption": 20.58289001726338, "selected": true, "host_energy_consumption": 9.88811329996, "client_name": "sta2"}
2025-12-12 06:06:58,837 - METRIC - INFO - {"loss": 0.030539346858859062, "accuracy": 0.9912434220314026, "energy_consumption": 5.2569976479715645, "selected": true, "host_energy_consumption": 3.05393647776, "client_name": "sta5"}
2025-12-12 06:07:00,532 - METRIC - INFO - {"loss": 0.04804612696170807, "accuracy": 0.9830805063247681, "energy_consumption": 13.89369103029247, "selected": true, "host_energy_consumption": 8.16867804872, "client_name": "sta3"}
2025-12-12 06:07:02,041 - METRIC - INFO - {"loss": 0.03145360201597214, "accuracy": 0.9886164665222168, "energy_consumption": 11.702147822108959, "selected": true, "host_energy_consumption": -67.99972662112, "client_name": "sta4"}
2025-12-12 06:07:02,437 - METRIC - INFO - mean_accuracy: 0.9878327449162801

2025-12-12 06:07:02,437 - METRIC - INFO - round: 52
2025-12-12 06:07:02,437 - METRIC - INFO - n_selected: 6
2025-12-12 06:07:02,437 - METRIC - INFO - {"selected_trainers": ["sta0", "sta1", "sta2", "sta3", "sta4", "sta5"]}
2025-12-12 06:07:17,559 - EXECUT - INFO - received weights from trainer sta0!
2025-12-12 06:07:39,663 - EXECUT - INFO - received weights from trainer sta1!
2025-12-12 06:08:08,412 - EXECUT - INFO - received weights from trainer sta2!
2025-12-12 06:08:35,043 - EXECUT - INFO - received weights from trainer sta3!
2025-12-12 06:08:50,853 - EXECUT - INFO - received weights from trainer sta4!
2025-12-12 06:09:03,511 - EXECUT - INFO - received weights from trainer sta5!
2025-12-12 06:09:05,122 - EXECUT - INFO - sent aggregated weights to trainers!
2025-12-12 06:09:23,093 - METRIC - INFO - {"loss": 0.026456013321876526, "accuracy": 0.9915966391563416, "energy_consumption": 12.57374827693566, "selected": true, "host_energy_consumption": 6.93830926544, "client_name": "sta1"}
2025-12-12 06:09:26,893 - METRIC - INFO - {"loss": 0.041068751364946365, "accuracy": 0.9813302159309387, "energy_consumption": 8.036300868613523, "selected": true, "host_energy_consumption": 4.23641996932, "client_name": "sta0"}
2025-12-12 06:09:30,305 - METRIC - INFO - {"loss": 0.03185008838772774, "accuracy": 0.9877408146858215, "energy_consumption": 5.348558207093765, "selected": true, "host_energy_consumption": 3.11302972484, "client_name": "sta5"}
2025-12-12 06:09:30,650 - METRIC - INFO - {"loss": 0.03997427225112915, "accuracy": 0.9883286356925964, "energy_consumption": 20.97580327391786, "selected": true, "host_energy_consumption": 10.08170672544, "client_name": "sta2"}
2025-12-12 06:09:32,245 - METRIC - INFO - {"loss": 0.030514854937791824, "accuracy": 0.9894921183586121, "energy_consumption": 11.921494875940358, "selected": true, "host_energy_consumption": -67.8953608704, "client_name": "sta4"}
2025-12-12 06:09:32,459 - METRIC - INFO - {"loss": 0.04723647981882095, "accuracy": 0.9830805063247681, "energy_consumption": 14.185515496365763, "selected": true, "host_energy_consumption": 8.3295596314, "client_name": "sta3"}
2025-12-12 06:09:33,152 - METRIC - INFO - mean_accuracy: 0.9869281550248464

2025-12-12 06:09:33,152 - METRIC - INFO - round: 53
2025-12-12 06:09:33,152 - METRIC - INFO - n_selected: 6
2025-12-12 06:09:33,152 - METRIC - INFO - {"selected_trainers": ["sta0", "sta1", "sta2", "sta3", "sta4", "sta5"]}
2025-12-12 06:09:48,076 - EXECUT - INFO - received weights from trainer sta0!
2025-12-12 06:10:10,605 - EXECUT - INFO - received weights from trainer sta1!
2025-12-12 06:10:38,759 - EXECUT - INFO - received weights from trainer sta2!
2025-12-12 06:11:06,342 - EXECUT - INFO - received weights from trainer sta3!
2025-12-12 06:11:23,173 - EXECUT - INFO - received weights from trainer sta4!
2025-12-12 06:11:35,598 - EXECUT - INFO - received weights from trainer sta5!
2025-12-12 06:11:37,189 - EXECUT - INFO - sent aggregated weights to trainers!
2025-12-12 06:11:57,946 - METRIC - INFO - {"loss": 0.026646403595805168, "accuracy": 0.9908963441848755, "energy_consumption": 12.81979851093314, "selected": true, "host_energy_consumption": 7.07077297164, "client_name": "sta1"}
2025-12-12 06:12:02,183 - METRIC - INFO - {"loss": 0.04067518562078476, "accuracy": 0.9836639165878296, "energy_consumption": 8.192714357510326, "selected": true, "host_energy_consumption": 4.31756729572, "client_name": "sta0"}
2025-12-12 06:12:04,893 - METRIC - INFO - {"loss": 0.03042464517056942, "accuracy": 0.9886164665222168, "energy_consumption": 12.167552553852477, "selected": true, "host_energy_consumption": -67.79150089236, "client_name": "sta4"}
2025-12-12 06:12:07,013 - METRIC - INFO - {"loss": 0.029653893783688545, "accuracy": 0.9894921183586121, "energy_consumption": 5.466825182728433, "selected": true, "host_energy_consumption": 3.1719969856400003, "client_name": "sta5"}
2025-12-12 06:12:07,663 - METRIC - INFO - {"loss": 0.03943425416946411, "accuracy": 0.9883286356925964, "energy_consumption": 21.332480900252122, "selected": true, "host_energy_consumption": 10.273348478680001, "client_name": "sta2"}
2025-12-12 06:12:08,976 - METRIC - INFO - {"loss": 0.04766014218330383, "accuracy": 0.9830805063247681, "energy_consumption": 14.477349976674073, "selected": true, "host_energy_consumption": 8.48832298468, "client_name": "sta3"}
2025-12-12 06:12:09,224 - METRIC - INFO - mean_accuracy: 0.987346331278483

2025-12-12 06:12:09,224 - METRIC - INFO - round: 54
2025-12-12 06:12:09,224 - METRIC - INFO - n_selected: 6
2025-12-12 06:12:09,224 - METRIC - INFO - {"selected_trainers": ["sta0", "sta1", "sta2", "sta3", "sta4", "sta5"]}
2025-12-12 06:12:23,601 - EXECUT - INFO - received weights from trainer sta0!
2025-12-12 06:12:46,076 - EXECUT - INFO - received weights from trainer sta1!
2025-12-12 06:13:15,941 - EXECUT - INFO - received weights from trainer sta2!
2025-12-12 06:13:45,058 - EXECUT - INFO - received weights from trainer sta3!
2025-12-12 06:14:04,272 - EXECUT - INFO - received weights from trainer sta4!
2025-12-12 06:14:16,258 - EXECUT - INFO - received weights from trainer sta5!
2025-12-12 06:14:17,871 - EXECUT - INFO - sent aggregated weights to trainers!
2025-12-12 06:14:34,764 - METRIC - INFO - {"loss": 0.02647067792713642, "accuracy": 0.9915966391563416, "energy_consumption": 13.062058363341322, "selected": true, "host_energy_consumption": 7.20206354868, "client_name": "sta1"}
2025-12-12 06:14:38,582 - METRIC - INFO - {"loss": 0.043435461819171906, "accuracy": 0.9813302159309387, "energy_consumption": 8.375841125054947, "selected": true, "host_energy_consumption": 4.39851901216, "client_name": "sta0"}
2025-12-12 06:14:49,927 - METRIC - INFO - {"loss": 0.03868294879794121, "accuracy": 0.9883286356925964, "energy_consumption": 21.75210295140249, "selected": true, "host_energy_consumption": 10.46574918984, "client_name": "sta2"}
2025-12-12 06:14:50,862 - METRIC - INFO - {"loss": 0.030148010700941086, "accuracy": 0.9894921183586121, "energy_consumption": 12.386899374018416, "selected": true, "host_energy_consumption": -67.68672944656001, "client_name": "sta4"}
2025-12-12 06:14:50,901 - METRIC - INFO - {"loss": 0.04828443005681038, "accuracy": 0.9830805063247681, "energy_consumption": 14.742485870647936, "selected": true, "host_energy_consumption": 8.65086721716, "client_name": "sta3"}
2025-12-12 06:14:51,938 - METRIC - INFO - {"loss": 0.031197011470794678, "accuracy": 0.9912434220314026, "energy_consumption": 5.558380567829223, "selected": true, "host_energy_consumption": 3.23051107652, "client_name": "sta5"}
2025-12-12 06:14:52,908 - METRIC - INFO - mean_accuracy: 0.9875119229157766

2025-12-12 06:14:52,908 - METRIC - INFO - round: 55
2025-12-12 06:14:52,908 - METRIC - INFO - n_selected: 6
2025-12-12 06:14:52,908 - METRIC - INFO - {"selected_trainers": ["sta0", "sta1", "sta2", "sta3", "sta4", "sta5"]}
2025-12-12 06:15:08,488 - EXECUT - INFO - received weights from trainer sta0!
2025-12-12 06:15:31,286 - EXECUT - INFO - received weights from trainer sta1!
2025-12-12 06:15:59,895 - EXECUT - INFO - received weights from trainer sta2!
2025-12-12 06:16:26,443 - EXECUT - INFO - received weights from trainer sta3!
2025-12-12 06:16:44,049 - EXECUT - INFO - received weights from trainer sta4!
2025-12-12 06:16:56,210 - EXECUT - INFO - received weights from trainer sta5!
2025-12-12 06:16:57,808 - EXECUT - INFO - sent aggregated weights to trainers!
2025-12-12 06:17:19,627 - METRIC - INFO - {"loss": 0.043865866959095, "accuracy": 0.9789965152740479, "energy_consumption": 8.532251644651595, "selected": true, "host_energy_consumption": 4.47962927104, "client_name": "sta0"}
2025-12-12 06:17:22,657 - METRIC - INFO - {"loss": 0.025843391194939613, "accuracy": 0.9915966391563416, "energy_consumption": 13.308108341419427, "selected": true, "host_energy_consumption": 7.33510677004, "client_name": "sta1"}
2025-12-12 06:17:26,256 - METRIC - INFO - {"loss": 0.039109546691179276, "accuracy": 0.9883286356925964, "energy_consumption": 22.171749009694324, "selected": true, "host_energy_consumption": 10.6588207782, "client_name": "sta2"}
2025-12-12 06:17:27,842 - METRIC - INFO - {"loss": 0.02903757616877556, "accuracy": 0.9894921183586121, "energy_consumption": 5.649933271340421, "selected": true, "host_energy_consumption": 3.2896225070800003, "client_name": "sta5"}
2025-12-12 06:17:32,886 - METRIC - INFO - {"loss": 0.04606005549430847, "accuracy": 0.9836639165878296, "energy_consumption": 15.034333374230439, "selected": true, "host_energy_consumption": 8.80975048968, "client_name": "sta3"}
2025-12-12 06:17:33,063 - METRIC - INFO - {"loss": 0.03088552877306938, "accuracy": 0.9886164665222168, "energy_consumption": 12.63295624761263, "selected": true, "host_energy_consumption": -67.58155910800001, "client_name": "sta4"}
2025-12-12 06:17:33,846 - METRIC - INFO - mean_accuracy: 0.9867823819319407

2025-12-12 06:17:33,846 - METRIC - INFO - round: 56
2025-12-12 06:17:33,846 - METRIC - INFO - n_selected: 6
2025-12-12 06:17:33,846 - METRIC - INFO - {"selected_trainers": ["sta0", "sta1", "sta2", "sta3", "sta4", "sta5"]}
2025-12-12 06:17:47,749 - EXECUT - INFO - received weights from trainer sta0!
2025-12-12 06:18:10,123 - EXECUT - INFO - received weights from trainer sta1!
2025-12-12 06:18:37,370 - EXECUT - INFO - received weights from trainer sta2!
2025-12-12 06:19:06,348 - EXECUT - INFO - received weights from trainer sta3!
2025-12-12 06:19:21,638 - EXECUT - INFO - received weights from trainer sta4!
2025-12-12 06:19:34,551 - EXECUT - INFO - received weights from trainer sta5!
2025-12-12 06:19:36,160 - EXECUT - INFO - sent aggregated weights to trainers!
2025-12-12 06:19:56,064 - METRIC - INFO - {"loss": 0.02548757940530777, "accuracy": 0.9922969341278076, "energy_consumption": 13.550345455155949, "selected": true, "host_energy_consumption": 7.468550849760001, "client_name": "sta1"}
2025-12-12 06:19:57,444 - METRIC - INFO - {"loss": 0.042157188057899475, "accuracy": 0.9824970960617065, "energy_consumption": 8.656250841520091, "selected": true, "host_energy_consumption": 4.5612903854, "client_name": "sta0"}
2025-12-12 06:20:03,655 - METRIC - INFO - {"loss": 0.03053189069032669, "accuracy": 0.9886164665222168, "energy_consumption": 12.81416653219151, "selected": true, "host_energy_consumption": -67.47689700304001, "client_name": "sta4"}
2025-12-12 06:20:06,183 - METRIC - INFO - {"loss": 0.047103676944971085, "accuracy": 0.9824970960617065, "energy_consumption": 15.299468128489007, "selected": true, "host_energy_consumption": 8.97118562816, "client_name": "sta3"}
2025-12-12 06:20:08,418 - METRIC - INFO - {"loss": 0.029744112864136696, "accuracy": 0.9912434220314026, "energy_consumption": 5.741493900403318, "selected": true, "host_energy_consumption": 3.34996098528, "client_name": "sta5"}
2025-12-12 06:20:08,921 - METRIC - INFO - {"loss": 0.03757612034678459, "accuracy": 0.9883286356925964, "energy_consumption": 22.56466532307482, "selected": true, "host_energy_consumption": 10.852460072720001, "client_name": "sta2"}
2025-12-12 06:20:09,195 - METRIC - INFO - mean_accuracy: 0.9875799417495728

2025-12-12 06:20:09,195 - METRIC - INFO - round: 57
2025-12-12 06:20:09,195 - METRIC - INFO - n_selected: 6
2025-12-12 06:20:09,195 - METRIC - INFO - {"selected_trainers": ["sta0", "sta1", "sta2", "sta3", "sta4", "sta5"]}
2025-12-12 06:20:23,124 - EXECUT - INFO - received weights from trainer sta0!
2025-12-12 06:20:44,496 - EXECUT - INFO - received weights from trainer sta1!
2025-12-12 06:21:11,854 - EXECUT - INFO - received weights from trainer sta2!
2025-12-12 06:21:38,416 - EXECUT - INFO - received weights from trainer sta3!
2025-12-12 06:21:57,059 - EXECUT - INFO - received weights from trainer sta4!
2025-12-12 06:22:10,938 - EXECUT - INFO - received weights from trainer sta5!
2025-12-12 06:22:12,530 - EXECUT - INFO - sent aggregated weights to trainers!
2025-12-12 06:22:32,658 - METRIC - INFO - {"loss": 0.025773441419005394, "accuracy": 0.9915966391563416, "energy_consumption": 13.796403565428704, "selected": true, "host_energy_consumption": 7.60107688256, "client_name": "sta1"}
2025-12-12 06:22:39,312 - METRIC - INFO - {"loss": 0.04243400692939758, "accuracy": 0.9836639165878296, "energy_consumption": 8.780243343157181, "selected": true, "host_energy_consumption": 4.64327888892, "client_name": "sta0"}
2025-12-12 06:22:44,177 - METRIC - INFO - {"loss": 0.028649084270000458, "accuracy": 0.9912434220314026, "energy_consumption": 5.833048641731883, "selected": true, "host_energy_consumption": 3.4177840611600003, "client_name": "sta5"}
2025-12-12 06:22:46,478 - METRIC - INFO - {"loss": 0.030629226937890053, "accuracy": 0.9894921183586121, "energy_consumption": 13.033516901847381, "selected": true, "host_energy_consumption": -67.36193391816, "client_name": "sta4"}
2025-12-12 06:22:47,139 - METRIC - INFO - {"loss": 0.046956274658441544, "accuracy": 0.9824970960617065, "energy_consumption": 15.564598206258776, "selected": true, "host_energy_consumption": 9.13492886376, "client_name": "sta3"}
2025-12-12 06:22:48,924 - METRIC - INFO - {"loss": 0.03867886960506439, "accuracy": 0.9878618121147156, "energy_consumption": 22.957600324925295, "selected": true, "host_energy_consumption": 11.04913653228, "client_name": "sta2"}
2025-12-12 06:22:49,570 - METRIC - INFO - mean_accuracy: 0.987725834051768

2025-12-12 06:22:49,570 - METRIC - INFO - round: 58
2025-12-12 06:22:49,570 - METRIC - INFO - n_selected: 6
2025-12-12 06:22:49,570 - METRIC - INFO - {"selected_trainers": ["sta0", "sta1", "sta2", "sta3", "sta4", "sta5"]}
2025-12-12 06:23:04,470 - EXECUT - INFO - received weights from trainer sta0!
2025-12-12 06:23:27,166 - EXECUT - INFO - received weights from trainer sta1!
2025-12-12 06:23:54,099 - EXECUT - INFO - received weights from trainer sta2!
2025-12-12 06:24:21,503 - EXECUT - INFO - received weights from trainer sta3!
2025-12-12 06:24:49,877 - EXECUT - INFO - received weights from trainer sta4!
2025-12-12 06:25:02,957 - EXECUT - INFO - received weights from trainer sta5!
2025-12-12 06:25:04,560 - EXECUT - INFO - sent aggregated weights to trainers!
2025-12-12 06:25:24,263 - METRIC - INFO - {"loss": 0.025524428114295006, "accuracy": 0.9922969341278076, "energy_consumption": 14.042461133661135, "selected": true, "host_energy_consumption": 7.73443065948, "client_name": "sta1"}
2025-12-12 06:25:25,745 - METRIC - INFO - {"loss": 0.04207969084382057, "accuracy": 0.9824970960617065, "energy_consumption": 8.904226514070544, "selected": true, "host_energy_consumption": 4.728502457, "client_name": "sta0"}
2025-12-12 06:25:32,563 - METRIC - INFO - {"loss": 0.03825737163424492, "accuracy": 0.9883286356925964, "energy_consumption": 23.35053241946852, "selected": true, "host_energy_consumption": 11.243191211000001, "client_name": "sta2"}
2025-12-12 06:25:33,732 - METRIC - INFO - {"loss": 0.02813463844358921, "accuracy": 0.985989511013031, "energy_consumption": 5.924602399122099, "selected": true, "host_energy_consumption": 3.47747592976, "client_name": "sta5"}
2025-12-12 06:25:33,928 - METRIC - INFO - {"loss": 0.04813997820019722, "accuracy": 0.9830805063247681, "energy_consumption": 15.829723585285816, "selected": true, "host_energy_consumption": 9.29590086824, "client_name": "sta3"}
2025-12-12 06:25:35,453 - METRIC - INFO - {"loss": 0.030113309621810913, "accuracy": 0.9886164665222168, "energy_consumption": 13.44365699843144, "selected": true, "host_energy_consumption": -67.208816283, "client_name": "sta4"}
2025-12-12 06:25:35,593 - METRIC - INFO - mean_accuracy: 0.9868015249570211

2025-12-12 06:25:35,593 - METRIC - INFO - round: 59
2025-12-12 06:25:35,593 - METRIC - INFO - n_selected: 6
2025-12-12 06:25:35,593 - METRIC - INFO - {"selected_trainers": ["sta0", "sta1", "sta2", "sta3", "sta4", "sta5"]}
2025-12-12 06:25:49,995 - EXECUT - INFO - received weights from trainer sta0!
2025-12-12 06:26:11,196 - EXECUT - INFO - received weights from trainer sta1!
2025-12-12 06:26:39,860 - EXECUT - INFO - received weights from trainer sta2!
2025-12-12 06:27:06,651 - EXECUT - INFO - received weights from trainer sta3!
2025-12-12 06:27:24,360 - EXECUT - INFO - received weights from trainer sta4!
2025-12-12 06:27:38,063 - EXECUT - INFO - received weights from trainer sta5!
2025-12-12 06:27:39,647 - EXECUT - INFO - sent aggregated weights to trainers!
2025-12-12 06:27:58,201 - METRIC - INFO - {"loss": 0.0256650373339653, "accuracy": 0.9915966391563416, "energy_consumption": 14.257994293115303, "selected": true, "host_energy_consumption": 7.866717418, "client_name": "sta1"}
2025-12-12 06:28:00,966 - METRIC - INFO - {"loss": 0.04309273138642311, "accuracy": 0.9813302159309387, "energy_consumption": 9.028205650677805, "selected": true, "host_energy_consumption": 4.813064803960001, "client_name": "sta0"}
2025-12-12 06:28:09,152 - METRIC - INFO - {"loss": 0.03883868455886841, "accuracy": 0.9883286356925964, "energy_consumption": 23.743468255838593, "selected": true, "host_energy_consumption": 11.4405372662, "client_name": "sta2"}
2025-12-12 06:28:09,442 - METRIC - INFO - {"loss": 0.04656601697206497, "accuracy": 0.9824970960617065, "energy_consumption": 16.094844979283263, "selected": true, "host_energy_consumption": 9.4572162244, "client_name": "sta3"}
2025-12-12 06:28:14,182 - METRIC - INFO - {"loss": 0.029439926147460938, "accuracy": 0.9894921183586121, "energy_consumption": 13.66300342438618, "selected": true, "host_energy_consumption": -67.10398015244, "client_name": "sta4"}
2025-12-12 06:28:14,392 - METRIC - INFO - {"loss": 0.028901051729917526, "accuracy": 0.9894921183586121, "energy_consumption": 6.01616663013049, "selected": true, "host_energy_consumption": 3.5368716152000004, "client_name": "sta5"}
2025-12-12 06:28:14,683 - METRIC - INFO - mean_accuracy: 0.9871228039264679

2025-12-12 06:28:14,683 - METRIC - INFO - round: 60
2025-12-12 06:28:14,683 - METRIC - INFO - n_selected: 6
2025-12-12 06:28:14,683 - METRIC - INFO - {"selected_trainers": ["sta0", "sta1", "sta2", "sta3", "sta4", "sta5"]}
2025-12-12 06:28:29,595 - EXECUT - INFO - received weights from trainer sta0!
2025-12-12 06:28:50,675 - EXECUT - INFO - received weights from trainer sta1!
2025-12-12 06:29:18,893 - EXECUT - INFO - received weights from trainer sta2!
2025-12-12 06:29:46,278 - EXECUT - INFO - received weights from trainer sta3!
2025-12-12 06:30:03,258 - EXECUT - INFO - received weights from trainer sta4!
2025-12-12 06:30:15,943 - EXECUT - INFO - received weights from trainer sta5!
2025-12-12 06:30:17,550 - EXECUT - INFO - sent aggregated weights to trainers!
2025-12-12 06:30:37,238 - METRIC - INFO - {"loss": 0.04082111641764641, "accuracy": 0.9824970960617065, "energy_consumption": 9.152192259811883, "selected": true, "host_energy_consumption": 4.895225179600001, "client_name": "sta0"}
2025-12-12 06:30:37,847 - METRIC - INFO - {"loss": 0.02561940997838974, "accuracy": 0.9915966391563416, "energy_consumption": 14.504065069011006, "selected": true, "host_energy_consumption": 8.0015263916, "client_name": "sta1"}
2025-12-12 06:30:44,489 - METRIC - INFO - {"loss": 0.037468321621418, "accuracy": 0.9887955188751221, "energy_consumption": 24.136388959586895, "selected": true, "host_energy_consumption": 11.63677706436, "client_name": "sta2"}
2025-12-12 06:30:48,619 - METRIC - INFO - {"loss": 0.02831529825925827, "accuracy": 0.9877408146858215, "energy_consumption": 6.10772494002372, "selected": true, "host_energy_consumption": 3.59753377452, "client_name": "sta5"}
2025-12-12 06:30:49,982 - METRIC - INFO - {"loss": 0.029008708894252777, "accuracy": 0.9894921183586121, "energy_consumption": 13.882361651242636, "selected": true, "host_energy_consumption": -66.998563191, "client_name": "sta4"}
2025-12-12 06:30:51,313 - METRIC - INFO - {"loss": 0.04633171856403351, "accuracy": 0.9830805063247681, "energy_consumption": 16.386685585760087, "selected": true, "host_energy_consumption": 9.61784528824, "client_name": "sta3"}
2025-12-12 06:30:51,584 - METRIC - INFO - mean_accuracy: 0.9872004489103953

2025-12-12 06:30:51,584 - METRIC - INFO - round: 61
2025-12-12 06:30:51,584 - METRIC - INFO - n_selected: 6
2025-12-12 06:30:51,584 - METRIC - INFO - {"selected_trainers": ["sta0", "sta1", "sta2", "sta3", "sta4", "sta5"]}
2025-12-12 06:31:05,940 - EXECUT - INFO - received weights from trainer sta0!
2025-12-12 06:31:29,268 - EXECUT - INFO - received weights from trainer sta1!
2025-12-12 06:31:56,858 - EXECUT - INFO - received weights from trainer sta2!
2025-12-12 06:32:25,175 - EXECUT - INFO - received weights from trainer sta3!
2025-12-12 06:32:45,304 - EXECUT - INFO - received weights from trainer sta4!
2025-12-12 06:32:57,755 - EXECUT - INFO - received weights from trainer sta5!
2025-12-12 06:32:59,345 - EXECUT - INFO - sent aggregated weights to trainers!
2025-12-12 06:33:19,221 - METRIC - INFO - {"loss": 0.04361555725336075, "accuracy": 0.9801633358001709, "energy_consumption": 9.30859109295524, "selected": true, "host_energy_consumption": 4.976589666160001, "client_name": "sta0"}
2025-12-12 06:33:20,266 - METRIC - INFO - {"loss": 0.025228329002857208, "accuracy": 0.9922969341278076, "energy_consumption": 14.776842865452409, "selected": true, "host_energy_consumption": 8.13525426476, "client_name": "sta1"}
2025-12-12 06:33:25,157 - METRIC - INFO - {"loss": 0.02841227874159813, "accuracy": 0.9894921183586121, "energy_consumption": 6.199280352147033, "selected": true, "host_energy_consumption": 3.6568905976400004, "client_name": "sta5"}
2025-12-12 06:33:28,908 - METRIC - INFO - {"loss": 0.03757622465491295, "accuracy": 0.9883286356925964, "energy_consumption": 24.556043854248998, "selected": true, "host_energy_consumption": 11.83141028468, "client_name": "sta2"}
2025-12-12 06:33:30,097 - METRIC - INFO - {"loss": 0.046218812465667725, "accuracy": 0.9830805063247681, "energy_consumption": 16.651808683766998, "selected": true, "host_energy_consumption": 9.77782249612, "client_name": "sta3"}
2025-12-12 06:33:30,537 - METRIC - INFO - {"loss": 0.029072312638163567, "accuracy": 0.9886164665222168, "energy_consumption": 14.063581121895172, "selected": true, "host_energy_consumption": -66.89301079244001, "client_name": "sta4"}
2025-12-12 06:33:31,379 - METRIC - INFO - mean_accuracy: 0.9869963328043619

2025-12-12 06:33:31,379 - METRIC - INFO - round: 62
2025-12-12 06:33:31,379 - METRIC - INFO - n_selected: 6
2025-12-12 06:33:31,379 - METRIC - INFO - {"selected_trainers": ["sta0", "sta1", "sta2", "sta3", "sta4", "sta5"]}
2025-12-12 06:33:45,288 - EXECUT - INFO - received weights from trainer sta0!
2025-12-12 06:34:07,274 - EXECUT - INFO - received weights from trainer sta1!
2025-12-12 06:34:36,225 - EXECUT - INFO - received weights from trainer sta2!
2025-12-12 06:35:04,121 - EXECUT - INFO - received weights from trainer sta3!
2025-12-12 06:35:20,098 - EXECUT - INFO - received weights from trainer sta4!
2025-12-12 06:35:32,765 - EXECUT - INFO - received weights from trainer sta5!
2025-12-12 06:35:34,374 - EXECUT - INFO - sent aggregated weights to trainers!
2025-12-12 06:35:51,906 - METRIC - INFO - {"loss": 0.025020038709044456, "accuracy": 0.9922969341278076, "energy_consumption": 15.022891803957577, "selected": true, "host_energy_consumption": 8.2707727214, "client_name": "sta1"}
2025-12-12 06:35:52,154 - METRIC - INFO - {"loss": 0.041786424815654755, "accuracy": 0.9813302159309387, "energy_consumption": 9.491728464461985, "selected": true, "host_energy_consumption": 5.0580154875600005, "client_name": "sta0"}
2025-12-12 06:36:01,530 - METRIC - INFO - {"loss": 0.04733963683247566, "accuracy": 0.9830805063247681, "energy_consumption": 16.943508057739134, "selected": true, "host_energy_consumption": 9.937639435640001, "client_name": "sta3"}
2025-12-12 06:36:02,341 - METRIC - INFO - {"loss": 0.02865910902619362, "accuracy": 0.9894921183586121, "energy_consumption": 6.290841686975076, "selected": true, "host_energy_consumption": 3.7162480017600004, "client_name": "sta5"}
2025-12-12 06:36:05,778 - METRIC - INFO - {"loss": 0.029294012114405632, "accuracy": 0.9877408146858215, "energy_consumption": 14.28293890049537, "selected": true, "host_energy_consumption": -66.78823946648001, "client_name": "sta4"}
2025-12-12 06:36:06,455 - METRIC - INFO - {"loss": 0.03764989227056503, "accuracy": 0.9887955188751221, "energy_consumption": 24.948959492065995, "selected": true, "host_energy_consumption": 12.02743158932, "client_name": "sta2"}
2025-12-12 06:36:07,409 - METRIC - INFO - mean_accuracy: 0.9871226847171783

2025-12-12 06:36:07,409 - METRIC - INFO - round: 63
2025-12-12 06:36:07,409 - METRIC - INFO - n_selected: 6
2025-12-12 06:36:07,409 - METRIC - INFO - {"selected_trainers": ["sta0", "sta1", "sta2", "sta3", "sta4", "sta5"]}
2025-12-12 06:37:00,491 - EXECUT - INFO - received weights from trainer sta0!
2025-12-12 06:37:22,365 - EXECUT - INFO - received weights from trainer sta1!
2025-12-12 06:37:50,618 - EXECUT - INFO - received weights from trainer sta2!
2025-12-12 06:38:16,914 - EXECUT - INFO - received weights from trainer sta3!
2025-12-12 06:38:32,677 - EXECUT - INFO - received weights from trainer sta4!
2025-12-12 06:38:47,014 - EXECUT - INFO - received weights from trainer sta5!
2025-12-12 06:38:48,606 - EXECUT - INFO - sent aggregated weights to trainers!
2025-12-12 06:39:11,644 - METRIC - INFO - {"loss": 0.044644154608249664, "accuracy": 0.9836639165878296, "energy_consumption": 9.615714194568724, "selected": true, "host_energy_consumption": 5.1389790813200005, "client_name": "sta0"}
2025-12-12 06:39:12,045 - METRIC - INFO - {"loss": 0.02521730773150921, "accuracy": 0.9915966391563416, "energy_consumption": 15.265125562130606, "selected": true, "host_energy_consumption": 8.404221962360001, "client_name": "sta1"}
2025-12-12 06:39:16,629 - METRIC - INFO - {"loss": 0.03698749467730522, "accuracy": 0.9887955188751221, "energy_consumption": 25.3418843541061, "selected": true, "host_energy_consumption": 12.22261385352, "client_name": "sta2"}
2025-12-12 06:39:17,469 - METRIC - INFO - {"loss": 0.030394993722438812, "accuracy": 0.9894921183586121, "energy_consumption": 6.4091117876868875, "selected": true, "host_energy_consumption": 3.7755215635200003, "client_name": "sta5"}
2025-12-12 06:39:19,832 - METRIC - INFO - {"loss": 0.029579460620880127, "accuracy": 0.9886164665222168, "energy_consumption": 14.529006446402892, "selected": true, "host_energy_consumption": -66.68369080324, "client_name": "sta4"}
2025-12-12 06:39:20,153 - METRIC - INFO - {"loss": 0.04596881940960884, "accuracy": 0.9830805063247681, "energy_consumption": 17.20865388170125, "selected": true, "host_energy_consumption": 10.0977270772, "client_name": "sta3"}
2025-12-12 06:39:20,639 - METRIC - INFO - mean_accuracy: 0.9875408609708151

2025-12-12 06:39:20,639 - METRIC - INFO - round: 64
2025-12-12 06:39:20,639 - METRIC - INFO - n_selected: 6
2025-12-12 06:39:20,639 - METRIC - INFO - {"selected_trainers": ["sta0", "sta1", "sta2", "sta3", "sta4", "sta5"]}
2025-12-12 06:39:35,918 - EXECUT - INFO - received weights from trainer sta0!
2025-12-12 06:39:58,122 - EXECUT - INFO - received weights from trainer sta1!
2025-12-12 06:40:26,432 - EXECUT - INFO - received weights from trainer sta2!
2025-12-12 06:40:55,059 - EXECUT - INFO - received weights from trainer sta3!
2025-12-12 06:41:12,943 - EXECUT - INFO - received weights from trainer sta4!
2025-12-12 06:41:24,940 - EXECUT - INFO - received weights from trainer sta5!
2025-12-12 06:41:26,552 - EXECUT - INFO - sent aggregated weights to trainers!
2025-12-12 06:41:46,091 - METRIC - INFO - {"loss": 0.02534366026520729, "accuracy": 0.9915966391563416, "energy_consumption": 15.507372596317992, "selected": true, "host_energy_consumption": 8.538274063200001, "client_name": "sta1"}
2025-12-12 06:41:47,453 - METRIC - INFO - {"loss": 0.042582012712955475, "accuracy": 0.9824970960617065, "energy_consumption": 9.739705629610299, "selected": true, "host_energy_consumption": 5.220076044400001, "client_name": "sta0"}
2025-12-12 06:41:55,631 - METRIC - INFO - {"loss": 0.03782990574836731, "accuracy": 0.9892623424530029, "energy_consumption": 25.734808742457034, "selected": true, "host_energy_consumption": 12.41772381024, "client_name": "sta2"}
2025-12-12 06:41:59,857 - METRIC - INFO - {"loss": 0.04759485647082329, "accuracy": 0.9830805063247681, "energy_consumption": 17.473787981060635, "selected": true, "host_energy_consumption": 10.257177457800001, "client_name": "sta3"}
2025-12-12 06:42:00,467 - METRIC - INFO - {"loss": 0.029661810025572777, "accuracy": 0.9894921183586121, "energy_consumption": 6.5006652494187644, "selected": true, "host_energy_consumption": 3.8355212193200003, "client_name": "sta5"}
2025-12-12 06:42:00,999 - METRIC - INFO - {"loss": 0.02958488091826439, "accuracy": 0.9886164665222168, "energy_consumption": 14.748372975537055, "selected": true, "host_energy_consumption": -66.57884477748, "client_name": "sta4"}
2025-12-12 06:42:01,589 - METRIC - INFO - mean_accuracy: 0.9874241948127747

2025-12-12 06:42:01,589 - METRIC - INFO - round: 65
2025-12-12 06:42:01,589 - METRIC - INFO - n_selected: 6
2025-12-12 06:42:01,589 - METRIC - INFO - {"selected_trainers": ["sta0", "sta1", "sta2", "sta3", "sta4", "sta5"]}
2025-12-12 06:42:16,207 - EXECUT - INFO - received weights from trainer sta0!
2025-12-12 06:42:38,523 - EXECUT - INFO - received weights from trainer sta1!
2025-12-12 06:43:10,123 - EXECUT - INFO - received weights from trainer sta2!
2025-12-12 06:43:36,396 - EXECUT - INFO - received weights from trainer sta3!
2025-12-12 06:43:53,934 - EXECUT - INFO - received weights from trainer sta4!
2025-12-12 06:44:05,984 - EXECUT - INFO - received weights from trainer sta5!
2025-12-12 06:44:07,568 - EXECUT - INFO - sent aggregated weights to trainers!
2025-12-12 06:44:28,086 - METRIC - INFO - {"loss": 0.025048697367310524, "accuracy": 0.9901960492134094, "energy_consumption": 15.749610425356991, "selected": true, "host_energy_consumption": 8.67156414712, "client_name": "sta1"}
2025-12-12 06:44:28,335 - METRIC - INFO - {"loss": 0.042261794209480286, "accuracy": 0.9813302159309387, "energy_consumption": 9.896119135992237, "selected": true, "host_energy_consumption": 5.3024539736000005, "client_name": "sta0"}
2025-12-12 06:44:37,141 - METRIC - INFO - {"loss": 0.02937222644686699, "accuracy": 0.9886164665222168, "energy_consumption": 14.99443753783834, "selected": true, "host_energy_consumption": -66.47375879396, "client_name": "sta4"}
2025-12-12 06:44:38,565 - METRIC - INFO - {"loss": 0.037616245448589325, "accuracy": 0.9883286356925964, "energy_consumption": 26.127725071733124, "selected": true, "host_energy_consumption": 12.61321962096, "client_name": "sta2"}
2025-12-12 06:44:39,285 - METRIC - INFO - {"loss": 0.028546033427119255, "accuracy": 0.9894921183586121, "energy_consumption": 6.592234826121162, "selected": true, "host_energy_consumption": 3.8948590385600004, "client_name": "sta5"}
2025-12-12 06:44:42,225 - METRIC - INFO - {"loss": 0.04639775678515434, "accuracy": 0.9824970960617065, "energy_consumption": 17.738937004809284, "selected": true, "host_energy_consumption": 10.4167137144, "client_name": "sta3"}
2025-12-12 06:44:42,604 - METRIC - INFO - mean_accuracy: 0.98674343029658

2025-12-12 06:44:42,604 - METRIC - INFO - round: 66
2025-12-12 06:44:42,604 - METRIC - INFO - n_selected: 6
2025-12-12 06:44:42,604 - METRIC - INFO - {"selected_trainers": ["sta0", "sta1", "sta2", "sta3", "sta4", "sta5"]}
2025-12-12 06:44:57,507 - EXECUT - INFO - received weights from trainer sta0!
2025-12-12 06:45:20,541 - EXECUT - INFO - received weights from trainer sta1!
2025-12-12 06:45:47,894 - EXECUT - INFO - received weights from trainer sta2!
2025-12-12 06:46:15,324 - EXECUT - INFO - received weights from trainer sta3!
2025-12-12 06:46:35,618 - EXECUT - INFO - received weights from trainer sta4!
2025-12-12 06:46:48,102 - EXECUT - INFO - received weights from trainer sta5!
2025-12-12 06:46:49,690 - EXECUT - INFO - sent aggregated weights to trainers!
2025-12-12 06:47:08,379 - METRIC - INFO - {"loss": 0.04277638718485832, "accuracy": 0.9824970960617065, "energy_consumption": 10.020111613785915, "selected": true, "host_energy_consumption": 5.3841641182, "client_name": "sta0"}
2025-12-12 06:47:11,718 - METRIC - INFO - {"loss": 0.02498665638267994, "accuracy": 0.9908963441848755, "energy_consumption": 16.022363334040023, "selected": true, "host_energy_consumption": 8.806226541840001, "client_name": "sta1"}
2025-12-12 06:47:17,882 - METRIC - INFO - {"loss": 0.04691997170448303, "accuracy": 0.9830805063247681, "energy_consumption": 18.00407288447712, "selected": true, "host_energy_consumption": 10.5770909426, "client_name": "sta3"}
2025-12-12 06:47:19,086 - METRIC - INFO - {"loss": 0.038011450320482254, "accuracy": 0.9887955188751221, "energy_consumption": 26.54735890153134, "selected": true, "host_energy_consumption": 12.807594187080001, "client_name": "sta2"}
2025-12-12 06:47:20,142 - METRIC - INFO - {"loss": 0.02863503247499466, "accuracy": 0.9894921183586121, "energy_consumption": 6.6837918818507, "selected": true, "host_energy_consumption": 3.9541104176000004, "client_name": "sta5"}
2025-12-12 06:47:21,768 - METRIC - INFO - {"loss": 0.02878102846443653, "accuracy": 0.9886164665222168, "energy_consumption": 15.213793415323497, "selected": true, "host_energy_consumption": -66.3693408168, "client_name": "sta4"}
2025-12-12 06:47:22,724 - METRIC - INFO - mean_accuracy: 0.9872296750545502

2025-12-12 06:47:22,724 - METRIC - INFO - round: 67
2025-12-12 06:47:22,724 - METRIC - INFO - n_selected: 6
2025-12-12 06:47:22,724 - METRIC - INFO - {"selected_trainers": ["sta0", "sta1", "sta2", "sta3", "sta4", "sta5"]}
2025-12-12 06:47:36,957 - EXECUT - INFO - received weights from trainer sta0!
2025-12-12 06:47:59,874 - EXECUT - INFO - received weights from trainer sta1!
2025-12-12 06:48:29,456 - EXECUT - INFO - received weights from trainer sta2!
2025-12-12 06:48:56,652 - EXECUT - INFO - received weights from trainer sta3!
2025-12-12 06:49:12,103 - EXECUT - INFO - received weights from trainer sta4!
2025-12-12 06:49:24,588 - EXECUT - INFO - received weights from trainer sta5!
2025-12-12 06:49:26,181 - EXECUT - INFO - sent aggregated weights to trainers!
2025-12-12 06:49:47,825 - METRIC - INFO - {"loss": 0.024639757350087166, "accuracy": 0.9901960492134094, "energy_consumption": 16.268414307183377, "selected": true, "host_energy_consumption": 8.93955637624, "client_name": "sta1"}
2025-12-12 06:49:48,526 - METRIC - INFO - {"loss": 0.043190848082304, "accuracy": 0.9824970960617065, "energy_consumption": 10.144103698958006, "selected": true, "host_energy_consumption": 5.46577761996, "client_name": "sta0"}
2025-12-12 06:49:52,512 - METRIC - INFO - {"loss": 0.028429262340068817, "accuracy": 0.9894921183586121, "energy_consumption": 6.802048530106864, "selected": true, "host_energy_consumption": 4.013783214, "client_name": "sta5"}
2025-12-12 06:49:55,545 - METRIC - INFO - {"loss": 0.03721998259425163, "accuracy": 0.9878618121147156, "energy_consumption": 26.966981553535817, "selected": true, "host_energy_consumption": 13.00282554984, "client_name": "sta2"}
2025-12-12 06:49:56,114 - METRIC - INFO - {"loss": 0.028978822752833366, "accuracy": 0.9903677701950073, "energy_consumption": 15.433162769107728, "selected": true, "host_energy_consumption": -66.26389136724, "client_name": "sta4"}
2025-12-12 06:49:57,747 - METRIC - INFO - {"loss": 0.046420495957136154, "accuracy": 0.9830805063247681, "energy_consumption": 18.295899841392693, "selected": true, "host_energy_consumption": 10.736747733600001, "client_name": "sta3"}
2025-12-12 06:49:58,216 - METRIC - INFO - mean_accuracy: 0.9872492253780365

2025-12-12 06:49:58,216 - METRIC - INFO - round: 68
2025-12-12 06:49:58,216 - METRIC - INFO - n_selected: 6
2025-12-12 06:49:58,216 - METRIC - INFO - {"selected_trainers": ["sta0", "sta1", "sta2", "sta3", "sta4", "sta5"]}
2025-12-12 06:50:11,897 - EXECUT - INFO - received weights from trainer sta0!
2025-12-12 06:50:35,027 - EXECUT - INFO - received weights from trainer sta1!
2025-12-12 06:51:04,575 - EXECUT - INFO - received weights from trainer sta2!
2025-12-12 06:51:30,878 - EXECUT - INFO - received weights from trainer sta3!
2025-12-12 06:51:47,887 - EXECUT - INFO - received weights from trainer sta4!
2025-12-12 06:52:04,567 - EXECUT - INFO - received weights from trainer sta5!
2025-12-12 06:52:06,154 - EXECUT - INFO - sent aggregated weights to trainers!
2025-12-12 06:52:27,732 - METRIC - INFO - {"loss": 0.024466682225465775, "accuracy": 0.9908963441848755, "energy_consumption": 16.514473213826278, "selected": true, "host_energy_consumption": 9.072378694960001, "client_name": "sta1"}
2025-12-12 06:52:31,673 - METRIC - INFO - {"loss": 0.04222116246819496, "accuracy": 0.9813302159309387, "energy_consumption": 10.300523918056527, "selected": true, "host_energy_consumption": 5.54826900824, "client_name": "sta0"}
2025-12-12 06:52:34,191 - METRIC - INFO - {"loss": 0.0466361865401268, "accuracy": 0.9830805063247681, "energy_consumption": 18.561034171238443, "selected": true, "host_energy_consumption": 10.89716553324, "client_name": "sta3"}
2025-12-12 06:52:38,457 - METRIC - INFO - {"loss": 0.028934841975569725, "accuracy": 0.9894921183586121, "energy_consumption": 6.920312224887416, "selected": true, "host_energy_consumption": 4.07347877384, "client_name": "sta5"}
2025-12-12 06:52:38,525 - METRIC - INFO - {"loss": 0.029235847294330597, "accuracy": 0.9886164665222168, "energy_consumption": 15.61436984436273, "selected": true, "host_energy_consumption": -66.1583036786, "client_name": "sta4"}
2025-12-12 06:52:38,975 - METRIC - INFO - {"loss": 0.03901435062289238, "accuracy": 0.9883286356925964, "energy_consumption": 27.359898979609085, "selected": true, "host_energy_consumption": 13.196971539080002, "client_name": "sta2"}
2025-12-12 06:52:39,189 - METRIC - INFO - mean_accuracy: 0.9869573811690012

2025-12-12 06:52:39,189 - METRIC - INFO - round: 69
2025-12-12 06:52:39,189 - METRIC - INFO - n_selected: 6
2025-12-12 06:52:39,189 - METRIC - INFO - {"selected_trainers": ["sta0", "sta1", "sta2", "sta3", "sta4", "sta5"]}
2025-12-12 06:52:53,039 - EXECUT - INFO - received weights from trainer sta0!
2025-12-12 06:53:16,028 - EXECUT - INFO - received weights from trainer sta1!
2025-12-12 06:53:43,912 - EXECUT - INFO - received weights from trainer sta2!
2025-12-12 06:54:13,157 - EXECUT - INFO - received weights from trainer sta3!
2025-12-12 06:54:29,783 - EXECUT - INFO - received weights from trainer sta4!
2025-12-12 06:54:42,411 - EXECUT - INFO - received weights from trainer sta5!
2025-12-12 06:54:44,027 - EXECUT - INFO - sent aggregated weights to trainers!
2025-12-12 06:55:02,691 - METRIC - INFO - {"loss": 0.04447795823216438, "accuracy": 0.9813302159309387, "energy_consumption": 10.451204863038598, "selected": true, "host_energy_consumption": 5.6297566612, "client_name": "sta0"}
2025-12-12 06:55:08,635 - METRIC - INFO - {"loss": 0.02468520775437355, "accuracy": 0.9894958138465881, "energy_consumption": 16.73000957624606, "selected": true, "host_energy_consumption": 9.20673680584, "client_name": "sta1"}
2025-12-12 06:55:12,270 - METRIC - INFO - {"loss": 0.0385369174182415, "accuracy": 0.9878618121147156, "energy_consumption": 27.779542303855834, "selected": true, "host_energy_consumption": 13.390291835200001, "client_name": "sta2"}
2025-12-12 06:55:16,043 - METRIC - INFO - {"loss": 0.028607167303562164, "accuracy": 0.9903677701950073, "energy_consumption": 15.833729692571499, "selected": true, "host_energy_consumption": -66.053082207, "client_name": "sta4"}
2025-12-12 06:55:17,409 - METRIC - INFO - {"loss": 0.046445947140455246, "accuracy": 0.9830805063247681, "energy_consumption": 18.82615721996896, "selected": true, "host_energy_consumption": 11.057275545960001, "client_name": "sta3"}
2025-12-12 06:55:18,035 - METRIC - INFO - {"loss": 0.02883576788008213, "accuracy": 0.9894921183586121, "energy_consumption": 7.01186618415189, "selected": true, "host_energy_consumption": 4.13246121064, "client_name": "sta5"}
2025-12-12 06:55:18,063 - METRIC - INFO - mean_accuracy: 0.9869380394617716

2025-12-12 06:55:18,063 - METRIC - INFO - round: 70
2025-12-12 06:55:18,063 - METRIC - INFO - n_selected: 6
2025-12-12 06:55:18,063 - METRIC - INFO - {"selected_trainers": ["sta0", "sta1", "sta2", "sta3", "sta4", "sta5"]}
2025-12-12 06:55:32,992 - EXECUT - INFO - received weights from trainer sta0!
2025-12-12 06:55:55,162 - EXECUT - INFO - received weights from trainer sta1!
2025-12-12 06:56:24,234 - EXECUT - INFO - received weights from trainer sta2!
2025-12-12 06:56:50,760 - EXECUT - INFO - received weights from trainer sta3!
2025-12-12 06:57:07,149 - EXECUT - INFO - received weights from trainer sta4!
2025-12-12 06:57:19,199 - EXECUT - INFO - received weights from trainer sta5!
2025-12-12 06:57:20,791 - EXECUT - INFO - sent aggregated weights to trainers!
2025-12-12 06:57:42,282 - METRIC - INFO - {"loss": 0.02467270940542221, "accuracy": 0.9887955188751221, "energy_consumption": 16.94554684630529, "selected": true, "host_energy_consumption": 9.34119627616, "client_name": "sta1"}
2025-12-12 06:57:43,475 - METRIC - INFO - {"loss": 0.04210836812853813, "accuracy": 0.9824970960617065, "energy_consumption": 10.601886709301866, "selected": true, "host_energy_consumption": 5.71128280044, "client_name": "sta0"}
2025-12-12 06:57:51,244 - METRIC - INFO - {"loss": 0.037802863866090775, "accuracy": 0.9883286356925964, "energy_consumption": 28.17246505177974, "selected": true, "host_energy_consumption": 13.58404337528, "client_name": "sta2"}
2025-12-12 06:57:52,708 - METRIC - INFO - {"loss": 0.028816042467951775, "accuracy": 0.9894921183586121, "energy_consumption": 7.103429658529185, "selected": true, "host_energy_consumption": 4.1918055242, "client_name": "sta5"}
2025-12-12 06:57:53,998 - METRIC - INFO - {"loss": 0.029282819479703903, "accuracy": 0.9886164665222168, "energy_consumption": 16.05307808322377, "selected": true, "host_energy_consumption": -65.94819716576, "client_name": "sta4"}
2025-12-12 06:57:54,469 - METRIC - INFO - {"loss": 0.047040633857250214, "accuracy": 0.9830805063247681, "energy_consumption": 19.062680072922657, "selected": true, "host_energy_consumption": 11.21696678984, "client_name": "sta3"}
2025-12-12 06:57:54,828 - METRIC - INFO - mean_accuracy: 0.9868017236391703

2025-12-12 06:57:54,838 - METRIC - INFO - stop_condition: rounds
