2026-04-27 16:53:10,113 - EXECUT - INFO - starting server...
2026-04-27 16:53:18,557 - EXECUT - INFO - trainer number sta5 just joined the pool
2026-04-27 16:53:18,607 - EXECUT - INFO - trainer number sta0 just joined the pool
2026-04-27 16:53:18,736 - EXECUT - INFO - trainer number sta4 just joined the pool
2026-04-27 16:53:18,885 - EXECUT - INFO - trainer number sta1 just joined the pool
2026-04-27 16:53:18,959 - EXECUT - INFO - trainer number sta3 just joined the pool
2026-04-27 16:53:19,050 - EXECUT - INFO - trainer number sta2 just joined the pool
2026-04-27 16:53:19,132 - EXECUT - INFO - mensagem de data_sz recebida: 
 {'id': 'sta0', 'dataset_sz': 259549440}
2026-04-27 16:53:19,134 - EXECUT - INFO - mensagem de data_sz recebida: 
 {'id': 'sta1', 'dataset_sz': 433053696}
2026-04-27 16:53:19,175 - EXECUT - INFO - mensagem de data_sz recebida: 
 {'id': 'sta4', 'dataset_sz': 346402560}
2026-04-27 16:53:19,175 - EXECUT - INFO - mensagem de data_sz recebida: 
 {'id': 'sta5', 'dataset_sz': 173352768}
2026-04-27 16:53:19,176 - EXECUT - INFO - mensagem de data_sz recebida: 
 {'id': 'sta3', 'dataset_sz': 518846400}
2026-04-27 16:53:19,176 - EXECUT - INFO - mensagem de data_sz recebida: 
 {'id': 'sta2', 'dataset_sz': 648368640}
2026-04-27 16:53:20,132 - METRIC - INFO - round: 1
2026-04-27 16:53:20,132 - METRIC - INFO - n_selected: 3
2026-04-27 16:53:20,132 - METRIC - INFO - {"selected_trainers": ["sta3", "sta4", "sta5"]}
2026-04-27 16:53:29,709 - EXECUT - INFO - received weights from trainer sta3!
2026-04-27 16:53:38,306 - EXECUT - INFO - received weights from trainer sta4!
2026-04-27 16:53:44,762 - EXECUT - INFO - received weights from trainer sta5!
2026-04-27 16:53:46,212 - EXECUT - INFO - sent aggregated weights to trainers!
2026-04-27 16:54:05,356 - METRIC - INFO - {"loss": 2.3275225162506104, "accuracy": 0.11376404762268066, "energy_consumption": 0.0, "selected": false, "host_energy_consumption": 0.0035893365200000004, "client_name": "sta1"}
2026-04-27 16:54:06,530 - METRIC - INFO - {"loss": 2.4192776679992676, "accuracy": 0.003488372080028057, "energy_consumption": 0.0, "selected": false, "host_energy_consumption": 0.0028416066, "client_name": "sta0"}
2026-04-27 16:54:11,421 - METRIC - INFO - {"loss": 2.3767600059509277, "accuracy": 0.009722222574055195, "energy_consumption": 0.0400579748042833, "selected": false, "host_energy_consumption": 0.00424912264, "client_name": "sta2"}
2026-04-27 16:54:12,454 - METRIC - INFO - {"loss": 0.1420341581106186, "accuracy": 0.9634782671928406, "energy_consumption": 0.1294610130930111, "selected": true, "host_energy_consumption": 0.0572204612, "client_name": "sta3"}
2026-04-27 16:54:14,311 - METRIC - INFO - {"loss": 0.354688435792923, "accuracy": 0.9470899701118469, "energy_consumption": 0.07194660851051671, "selected": true, "host_energy_consumption": 0.02484812512, "client_name": "sta5"}
2026-04-27 16:54:27,498 - METRIC - INFO - {"loss": 0.390451580286026, "accuracy": 0.8938596248626709, "energy_consumption": 0.0827110607203222, "selected": true, "host_energy_consumption": 0.04100853064, "client_name": "sta4"}
2026-04-27 16:54:28,254 - METRIC - INFO - mean_accuracy: 0.4885670840740204

2026-04-27 16:54:28,254 - METRIC - INFO - round: 2
2026-04-27 16:54:28,254 - METRIC - INFO - n_selected: 3
2026-04-27 16:54:28,254 - METRIC - INFO - {"selected_trainers": ["sta0", "sta1", "sta2"]}
2026-04-27 16:54:36,230 - EXECUT - INFO - received weights from trainer sta0!
2026-04-27 16:54:43,517 - EXECUT - INFO - received weights from trainer sta1!
2026-04-27 16:54:53,053 - EXECUT - INFO - received weights from trainer sta2!
2026-04-27 16:54:53,393 - EXECUT - INFO - sent aggregated weights to trainers!
2026-04-27 16:55:11,596 - METRIC - INFO - {"loss": 2.276815891265869, "accuracy": 0.24162258207798004, "energy_consumption": 0.07194660851051671, "selected": false, "host_energy_consumption": 0.027185001480000002, "client_name": "sta5"}
2026-04-27 16:55:19,470 - METRIC - INFO - {"loss": 0.3675534129142761, "accuracy": 0.886938214302063, "energy_consumption": 0.17990752003125032, "selected": true, "host_energy_consumption": 0.0537571622, "client_name": "sta1"}
2026-04-27 16:55:20,681 - METRIC - INFO - {"loss": 0.38652992248535156, "accuracy": 0.9069767594337463, "energy_consumption": 0.07380602623233878, "selected": true, "host_energy_consumption": 0.03557040256, "client_name": "sta0"}
2026-04-27 16:55:29,780 - METRIC - INFO - {"loss": 2.2850959300994873, "accuracy": 0.17368420958518982, "energy_consumption": 0.0827110607203222, "selected": false, "host_energy_consumption": 0.04364728088, "client_name": "sta4"}
2026-04-27 16:55:30,983 - METRIC - INFO - {"loss": 1.889272928237915, "accuracy": 0.8034782409667969, "energy_consumption": 0.17637600800630565, "selected": false, "host_energy_consumption": 0.060508231280000005, "client_name": "sta3"}
2026-04-27 16:55:33,986 - METRIC - INFO - {"loss": 0.16430002450942993, "accuracy": 0.9541666507720947, "energy_consumption": 0.26853541202326636, "selected": true, "host_energy_consumption": 0.07449472912, "client_name": "sta2"}
2026-04-27 16:55:34,436 - METRIC - INFO - mean_accuracy: 0.6611444428563118

2026-04-27 16:55:34,436 - METRIC - INFO - round: 3
2026-04-27 16:55:34,436 - METRIC - INFO - n_selected: 3
2026-04-27 16:55:34,436 - METRIC - INFO - {"selected_trainers": ["sta0", "sta4", "sta5"]}
2026-04-27 16:55:40,023 - EXECUT - INFO - received weights from trainer sta0!
2026-04-27 16:55:50,717 - EXECUT - INFO - received weights from trainer sta4!
2026-04-27 16:55:58,738 - EXECUT - INFO - received weights from trainer sta5!
2026-04-27 16:56:00,156 - EXECUT - INFO - sent aggregated weights to trainers!
2026-04-27 16:56:12,391 - METRIC - INFO - {"loss": 0.2497948408126831, "accuracy": 0.9267441630363464, "energy_consumption": 0.149958521248311, "selected": true, "host_energy_consumption": 0.06279775236, "client_name": "sta0"}
2026-04-27 16:56:13,877 - METRIC - INFO - {"loss": 2.0750527381896973, "accuracy": 0.2450842708349228, "energy_consumption": 0.17990752003125032, "selected": false, "host_energy_consumption": 0.05733685972, "client_name": "sta1"}
2026-04-27 16:56:18,968 - METRIC - INFO - {"loss": 0.25560855865478516, "accuracy": 0.9506173133850098, "energy_consumption": 0.14936644947345012, "selected": true, "host_energy_consumption": 0.0469227808, "client_name": "sta5"}
2026-04-27 16:56:33,073 - METRIC - INFO - {"loss": 0.5154246091842651, "accuracy": 0.9259259104728699, "energy_consumption": 0.26853541202326636, "selected": false, "host_energy_consumption": 0.07833549108, "client_name": "sta2"}
2026-04-27 16:56:37,797 - METRIC - INFO - {"loss": 0.3438867926597595, "accuracy": 0.8938596248626709, "energy_consumption": 0.15559743842402207, "selected": true, "host_energy_consumption": 0.07903160944, "client_name": "sta4"}
2026-04-27 16:56:43,174 - METRIC - INFO - {"loss": 1.0889984369277954, "accuracy": 0.6556521654129028, "energy_consumption": 0.17637600800630565, "selected": false, "host_energy_consumption": 0.06380507588, "client_name": "sta3"}
2026-04-27 16:56:43,199 - METRIC - INFO - mean_accuracy: 0.7663139080007871

2026-04-27 16:56:43,199 - METRIC - INFO - round: 4
2026-04-27 16:56:43,199 - METRIC - INFO - n_selected: 5
2026-04-27 16:56:43,199 - METRIC - INFO - {"selected_trainers": ["sta0", "sta1", "sta3", "sta4", "sta5"]}
2026-04-27 16:56:48,258 - EXECUT - INFO - received weights from trainer sta0!
2026-04-27 16:56:55,130 - EXECUT - INFO - received weights from trainer sta1!
2026-04-27 16:57:10,203 - EXECUT - INFO - received weights from trainer sta3!
2026-04-27 16:57:18,418 - EXECUT - INFO - received weights from trainer sta4!
2026-04-27 16:57:26,730 - EXECUT - INFO - received weights from trainer sta5!
2026-04-27 16:57:28,137 - EXECUT - INFO - sent aggregated weights to trainers!
2026-04-27 16:57:40,611 - METRIC - INFO - {"loss": 0.207558274269104, "accuracy": 0.9372093081474304, "energy_consumption": 0.19001592381059407, "selected": true, "host_energy_consumption": 0.09047268384, "client_name": "sta0"}
2026-04-27 16:57:43,102 - METRIC - INFO - {"loss": 0.22395901381969452, "accuracy": 0.9410112500190735, "energy_consumption": 0.312939669728584, "selected": true, "host_energy_consumption": 0.10254655824, "client_name": "sta1"}
2026-04-27 16:57:56,425 - METRIC - INFO - {"loss": 0.2813870906829834, "accuracy": 0.9035087823867798, "energy_consumption": 0.23113224429826607, "selected": true, "host_energy_consumption": 0.11506938352000001, "client_name": "sta4"}
2026-04-27 16:57:59,370 - METRIC - INFO - {"loss": 0.18523362278938293, "accuracy": 0.9594356417655945, "energy_consumption": 0.22054677984869464, "selected": true, "host_energy_consumption": 0.0666239532, "client_name": "sta5"}
2026-04-27 16:58:08,363 - METRIC - INFO - {"loss": 0.8588478565216064, "accuracy": 0.6847222447395325, "energy_consumption": 0.26853541202326636, "selected": false, "host_energy_consumption": 0.08225876232, "client_name": "sta2"}
2026-04-27 16:58:12,386 - METRIC - INFO - {"loss": 0.10788522660732269, "accuracy": 0.9681159257888794, "energy_consumption": 0.33954094154224407, "selected": true, "host_energy_consumption": 0.11613312032, "client_name": "sta3"}
2026-04-27 16:58:13,184 - METRIC - INFO - mean_accuracy: 0.8990005254745483

2026-04-27 16:58:13,184 - METRIC - INFO - round: 5
2026-04-27 16:58:13,184 - METRIC - INFO - n_selected: 3
2026-04-27 16:58:13,184 - METRIC - INFO - {"selected_trainers": ["sta0", "sta4", "sta5"]}
2026-04-27 16:58:20,067 - EXECUT - INFO - received weights from trainer sta0!
2026-04-27 16:58:30,416 - EXECUT - INFO - received weights from trainer sta4!
2026-04-27 16:58:38,565 - EXECUT - INFO - received weights from trainer sta5!
2026-04-27 16:58:39,979 - EXECUT - INFO - sent aggregated weights to trainers!
2026-04-27 16:58:55,920 - METRIC - INFO - {"loss": 0.18538710474967957, "accuracy": 0.9430232644081116, "energy_consumption": 0.22308813677235495, "selected": true, "host_energy_consumption": 0.11791032372, "client_name": "sta0"}
2026-04-27 16:58:58,412 - METRIC - INFO - {"loss": 1.4732019901275635, "accuracy": 0.4438202381134033, "energy_consumption": 0.34939795305274424, "selected": false, "host_energy_consumption": 0.10610465488000001, "client_name": "sta1"}
2026-04-27 16:59:01,348 - METRIC - INFO - {"loss": 0.16014467179775238, "accuracy": 0.9629629850387573, "energy_consumption": 0.2542073243480223, "selected": true, "host_energy_consumption": 0.08649313568, "client_name": "sta5"}
2026-04-27 16:59:11,146 - METRIC - INFO - {"loss": 0.26053136587142944, "accuracy": 0.9131578803062439, "energy_consumption": 0.3095447518690383, "selected": true, "host_energy_consumption": 0.15064759528000002, "client_name": "sta4"}
2026-04-27 16:59:18,039 - METRIC - INFO - {"loss": 0.652256965637207, "accuracy": 0.8573912978172302, "energy_consumption": 0.33954094154224407, "selected": false, "host_energy_consumption": 0.11947422760000001, "client_name": "sta3"}
2026-04-27 16:59:19,823 - METRIC - INFO - {"loss": 0.49656942486763, "accuracy": 0.8796296119689941, "energy_consumption": 0.26853541202326636, "selected": false, "host_energy_consumption": 0.08610379652000001, "client_name": "sta2"}
2026-04-27 16:59:20,020 - METRIC - INFO - mean_accuracy: 0.83333087960879

2026-04-27 16:59:20,020 - METRIC - INFO - round: 6
2026-04-27 16:59:20,020 - METRIC - INFO - n_selected: 3
2026-04-27 16:59:20,020 - METRIC - INFO - {"selected_trainers": ["sta0", "sta2", "sta5"]}
2026-04-27 16:59:26,014 - EXECUT - INFO - received weights from trainer sta0!
2026-04-27 16:59:37,904 - EXECUT - INFO - received weights from trainer sta2!
2026-04-27 16:59:45,902 - EXECUT - INFO - received weights from trainer sta5!
2026-04-27 16:59:47,320 - EXECUT - INFO - sent aggregated weights to trainers!
2026-04-27 17:00:06,441 - METRIC - INFO - {"loss": 0.16519372165203094, "accuracy": 0.945348858833313, "energy_consumption": 0.2910303865142039, "selected": true, "host_energy_consumption": 0.145307085, "client_name": "sta0"}
2026-04-27 17:00:07,150 - METRIC - INFO - {"loss": 1.7926338911056519, "accuracy": 0.4796348214149475, "energy_consumption": 0.34939795305274424, "selected": false, "host_energy_consumption": 0.10959379396, "client_name": "sta1"}
2026-04-27 17:00:08,547 - METRIC - INFO - {"loss": 0.13924157619476318, "accuracy": 0.9647266268730164, "energy_consumption": 0.29664613901584413, "selected": true, "host_energy_consumption": 0.10643712044, "client_name": "sta5"}
2026-04-27 17:00:10,674 - METRIC - INFO - {"loss": 0.5337269306182861, "accuracy": 0.8263157606124878, "energy_consumption": 0.34867760528577685, "selected": false, "host_energy_consumption": 0.15378950356, "client_name": "sta4"}
2026-04-27 17:00:11,181 - METRIC - INFO - {"loss": 1.088502287864685, "accuracy": 0.5402898788452148, "energy_consumption": 0.33954094154224407, "selected": false, "host_energy_consumption": 0.12293884288000001, "client_name": "sta3"}
2026-04-27 17:00:24,391 - METRIC - INFO - {"loss": 0.10273128002882004, "accuracy": 0.9685184955596924, "energy_consumption": 0.4594974489654373, "selected": true, "host_energy_consumption": 0.15106848344, "client_name": "sta2"}
2026-04-27 17:00:25,361 - METRIC - INFO - mean_accuracy: 0.7874724070231119

2026-04-27 17:00:25,361 - METRIC - INFO - round: 7
2026-04-27 17:00:25,361 - METRIC - INFO - n_selected: 3
2026-04-27 17:00:25,361 - METRIC - INFO - {"selected_trainers": ["sta0", "sta3", "sta5"]}
2026-04-27 17:00:31,650 - EXECUT - INFO - received weights from trainer sta0!
2026-04-27 17:00:42,712 - EXECUT - INFO - received weights from trainer sta3!
2026-04-27 17:00:49,084 - EXECUT - INFO - received weights from trainer sta5!
2026-04-27 17:00:50,493 - EXECUT - INFO - sent aggregated weights to trainers!
2026-04-27 17:01:07,505 - METRIC - INFO - {"loss": 0.1593768298625946, "accuracy": 0.9465116262435913, "energy_consumption": 0.325713306518538, "selected": true, "host_energy_consumption": 0.17276976136, "client_name": "sta0"}
2026-04-27 17:01:09,952 - METRIC - INFO - {"loss": 2.644758701324463, "accuracy": 0.3026685416698456, "energy_consumption": 0.34939795305274424, "selected": false, "host_energy_consumption": 0.11301804276, "client_name": "sta1"}
2026-04-27 17:01:12,777 - METRIC - INFO - {"loss": 0.13354094326496124, "accuracy": 0.9647266268730164, "energy_consumption": 0.3317400066646714, "selected": true, "host_energy_consumption": 0.12660609192, "client_name": "sta5"}
2026-04-27 17:01:15,948 - METRIC - INFO - {"loss": 0.16415679454803467, "accuracy": 0.9648148417472839, "energy_consumption": 0.4937315627482921, "selected": false, "host_energy_consumption": 0.15524326524, "client_name": "sta2"}
2026-04-27 17:01:16,641 - METRIC - INFO - {"loss": 0.08472272008657455, "accuracy": 0.9744927287101746, "energy_consumption": 0.46735294711770997, "selected": true, "host_energy_consumption": 0.1749478206, "client_name": "sta3"}
2026-04-27 17:01:16,876 - METRIC - INFO - {"loss": 1.1403614282608032, "accuracy": 0.6114035248756409, "energy_consumption": 0.34867760528577685, "selected": false, "host_energy_consumption": 0.15737060276, "client_name": "sta4"}
2026-04-27 17:01:17,522 - METRIC - INFO - mean_accuracy: 0.7941029816865921

2026-04-27 17:01:17,522 - METRIC - INFO - round: 8
2026-04-27 17:01:17,522 - METRIC - INFO - n_selected: 4
2026-04-27 17:01:17,522 - METRIC - INFO - {"selected_trainers": ["sta0", "sta1", "sta4", "sta5"]}
2026-04-27 17:01:23,206 - EXECUT - INFO - received weights from trainer sta0!
2026-04-27 17:01:30,318 - EXECUT - INFO - received weights from trainer sta1!
2026-04-27 17:01:40,609 - EXECUT - INFO - received weights from trainer sta4!
2026-04-27 17:01:47,373 - EXECUT - INFO - received weights from trainer sta5!
2026-04-27 17:01:48,790 - EXECUT - INFO - sent aggregated weights to trainers!
2026-04-27 17:02:02,853 - METRIC - INFO - {"loss": 0.14905484020709991, "accuracy": 0.9534883499145508, "energy_consumption": 0.4030236076461824, "selected": true, "host_energy_consumption": 0.20042351868000002, "client_name": "sta0"}
2026-04-27 17:02:03,597 - METRIC - INFO - {"loss": 0.18593087792396545, "accuracy": 0.9431179761886597, "energy_consumption": 0.5030541860670932, "selected": true, "host_energy_consumption": 0.15835861496, "client_name": "sta1"}
2026-04-27 17:02:06,216 - METRIC - INFO - {"loss": 0.2045224905014038, "accuracy": 0.9507246613502502, "energy_consumption": 0.46735294711770997, "selected": false, "host_energy_consumption": 0.17863362888, "client_name": "sta3"}
2026-04-27 17:02:13,209 - METRIC - INFO - {"loss": 0.12728416919708252, "accuracy": 0.9700176119804382, "energy_consumption": 0.36953543833286506, "selected": true, "host_energy_consumption": 0.14645478372, "client_name": "sta5"}
2026-04-27 17:02:13,893 - METRIC - INFO - {"loss": 0.43068286776542664, "accuracy": 0.8324074149131775, "energy_consumption": 0.4937315627482921, "selected": false, "host_energy_consumption": 0.15924361152000002, "client_name": "sta2"}
2026-04-27 17:02:14,045 - METRIC - INFO - {"loss": 0.21539416909217834, "accuracy": 0.9280701875686646, "energy_consumption": 0.4276466595301377, "selected": true, "host_energy_consumption": 0.1941639, "client_name": "sta4"}
2026-04-27 17:02:14,818 - METRIC - INFO - mean_accuracy: 0.9296377003192902

2026-04-27 17:02:14,818 - METRIC - INFO - round: 9
2026-04-27 17:02:14,818 - METRIC - INFO - n_selected: 3
2026-04-27 17:02:14,819 - METRIC - INFO - {"selected_trainers": ["sta0", "sta4", "sta5"]}
2026-04-27 17:02:21,916 - EXECUT - INFO - received weights from trainer sta0!
2026-04-27 17:02:32,349 - EXECUT - INFO - received weights from trainer sta4!
2026-04-27 17:02:39,371 - EXECUT - INFO - received weights from trainer sta5!
2026-04-27 17:02:40,815 - EXECUT - INFO - sent aggregated weights to trainers!
2026-04-27 17:02:59,870 - METRIC - INFO - {"loss": 0.7530677318572998, "accuracy": 0.7141854166984558, "energy_consumption": 0.5030541860670932, "selected": false, "host_energy_consumption": 0.16179229752000002, "client_name": "sta1"}
2026-04-27 17:03:05,483 - METRIC - INFO - {"loss": 0.11255768686532974, "accuracy": 0.971781313419342, "energy_consumption": 0.40508737298620456, "selected": true, "host_energy_consumption": 0.16621113964, "client_name": "sta5"}
2026-04-27 17:03:06,446 - METRIC - INFO - {"loss": 0.13296879827976227, "accuracy": 0.9581395387649536, "energy_consumption": 0.4869542702559331, "selected": true, "host_energy_consumption": 0.22760168368, "client_name": "sta0"}
2026-04-27 17:03:08,493 - METRIC - INFO - {"loss": 0.4019588232040405, "accuracy": 0.9037036895751953, "energy_consumption": 0.4937315627482921, "selected": false, "host_energy_consumption": 0.16319950724, "client_name": "sta2"}
2026-04-27 17:03:10,426 - METRIC - INFO - {"loss": 0.1964525431394577, "accuracy": 0.9359649419784546, "energy_consumption": 0.5071524274941049, "selected": true, "host_energy_consumption": 0.23018145696, "client_name": "sta4"}
2026-04-27 17:03:10,758 - METRIC - INFO - {"loss": 0.5790419578552246, "accuracy": 0.870724618434906, "energy_consumption": 0.46735294711770997, "selected": false, "host_energy_consumption": 0.18257323756000002, "client_name": "sta3"}
2026-04-27 17:03:10,845 - METRIC - INFO - mean_accuracy: 0.8924165864785513

2026-04-27 17:03:10,845 - METRIC - INFO - round: 10
2026-04-27 17:03:10,845 - METRIC - INFO - n_selected: 2
2026-04-27 17:03:10,845 - METRIC - INFO - {"selected_trainers": ["sta3", "sta5"]}
2026-04-27 17:03:18,421 - EXECUT - INFO - received weights from trainer sta3!
2026-04-27 17:03:24,837 - EXECUT - INFO - received weights from trainer sta5!
2026-04-27 17:03:26,248 - EXECUT - INFO - sent aggregated weights to trainers!
2026-04-27 17:03:39,549 - METRIC - INFO - {"loss": 1.4263399839401245, "accuracy": 0.601123571395874, "energy_consumption": 0.5030541860670932, "selected": false, "host_energy_consumption": 0.16520427616, "client_name": "sta1"}
2026-04-27 17:03:43,469 - METRIC - INFO - {"loss": 0.3103274703025818, "accuracy": 0.9244186282157898, "energy_consumption": 0.4869542702559331, "selected": false, "host_energy_consumption": 0.23028708920000002, "client_name": "sta0"}
2026-04-27 17:03:55,178 - METRIC - INFO - {"loss": 0.363664835691452, "accuracy": 0.8921052813529968, "energy_consumption": 0.5071524274941049, "selected": false, "host_energy_consumption": 0.23316323408, "client_name": "sta4"}
2026-04-27 17:03:56,359 - METRIC - INFO - {"loss": 0.495895653963089, "accuracy": 0.8500000238418579, "energy_consumption": 0.4937315627482921, "selected": false, "host_energy_consumption": 0.16741010916000001, "client_name": "sta2"}
2026-04-27 17:03:56,561 - METRIC - INFO - {"loss": 0.07199057936668396, "accuracy": 0.9791304469108582, "energy_consumption": 0.5887148793033421, "selected": true, "host_energy_consumption": 0.23490492256, "client_name": "sta3"}
2026-04-27 17:03:58,393 - METRIC - INFO - {"loss": 0.1047653928399086, "accuracy": 0.971781313419342, "energy_consumption": 0.4447828451999767, "selected": true, "host_energy_consumption": 0.18576855304, "client_name": "sta5"}
2026-04-27 17:03:59,281 - METRIC - INFO - mean_accuracy: 0.8697598775227865

2026-04-27 17:03:59,281 - METRIC - INFO - round: 11
2026-04-27 17:03:59,281 - METRIC - INFO - n_selected: 4
2026-04-27 17:03:59,281 - METRIC - INFO - {"selected_trainers": ["sta0", "sta1", "sta2", "sta5"]}
2026-04-27 17:04:04,751 - EXECUT - INFO - received weights from trainer sta0!
2026-04-27 17:04:10,955 - EXECUT - INFO - received weights from trainer sta1!
2026-04-27 17:04:23,735 - EXECUT - INFO - received weights from trainer sta2!
2026-04-27 17:04:32,727 - EXECUT - INFO - received weights from trainer sta5!
2026-04-27 17:04:34,125 - EXECUT - INFO - sent aggregated weights to trainers!
2026-04-27 17:04:48,274 - METRIC - INFO - {"loss": 0.12452035397291183, "accuracy": 0.9581395387649536, "energy_consumption": 0.5708157360913946, "selected": true, "host_energy_consumption": 0.25761819076000003, "client_name": "sta0"}
2026-04-27 17:04:52,583 - METRIC - INFO - {"loss": 0.16694952547550201, "accuracy": 0.9487359523773193, "energy_consumption": 0.6525486333594552, "selected": true, "host_energy_consumption": 0.21051967524, "client_name": "sta1"}
2026-04-27 17:05:03,517 - METRIC - INFO - {"loss": 0.09683892130851746, "accuracy": 0.9744927287101746, "energy_consumption": 0.6203732332914096, "selected": false, "host_energy_consumption": 0.23872577428000002, "client_name": "sta3"}
2026-04-27 17:05:04,089 - METRIC - INFO - {"loss": 0.07096116244792938, "accuracy": 0.977314829826355, "energy_consumption": 0.6834342842062366, "selected": true, "host_energy_consumption": 0.23339203244, "client_name": "sta2"}
2026-04-27 17:05:04,273 - METRIC - INFO - {"loss": 1.148966908454895, "accuracy": 0.6026315689086914, "energy_consumption": 0.5071524274941049, "selected": false, "host_energy_consumption": 0.23715775244, "client_name": "sta4"}
2026-04-27 17:05:04,422 - METRIC - INFO - {"loss": 0.10008915513753891, "accuracy": 0.9735449552536011, "energy_consumption": 0.48753682373885976, "selected": true, "host_energy_consumption": 0.20640585364, "client_name": "sta5"}
2026-04-27 17:05:05,158 - METRIC - INFO - mean_accuracy: 0.9058099289735159

2026-04-27 17:05:05,158 - METRIC - INFO - round: 12
2026-04-27 17:05:05,158 - METRIC - INFO - n_selected: 3
2026-04-27 17:05:05,158 - METRIC - INFO - {"selected_trainers": ["sta0", "sta4", "sta5"]}
2026-04-27 17:05:09,813 - EXECUT - INFO - received weights from trainer sta0!
2026-04-27 17:05:17,653 - EXECUT - INFO - received weights from trainer sta4!
2026-04-27 17:05:25,213 - EXECUT - INFO - received weights from trainer sta5!
2026-04-27 17:05:26,633 - EXECUT - INFO - sent aggregated weights to trainers!
2026-04-27 17:05:41,036 - METRIC - INFO - {"loss": 1.0185848474502563, "accuracy": 0.6348314881324768, "energy_consumption": 0.6525486333594552, "selected": false, "host_energy_consumption": 0.21403475604000002, "client_name": "sta1"}
2026-04-27 17:05:44,931 - METRIC - INFO - {"loss": 0.12181352823972702, "accuracy": 0.960465133190155, "energy_consumption": 0.6455726409595224, "selected": true, "host_energy_consumption": 0.28512866704, "client_name": "sta0"}
2026-04-27 17:05:55,116 - METRIC - INFO - {"loss": 0.23216620087623596, "accuracy": 0.9513043761253357, "energy_consumption": 0.6203732332914096, "selected": false, "host_energy_consumption": 0.24236776452, "client_name": "sta3"}
2026-04-27 17:05:56,178 - METRIC - INFO - {"loss": 0.13503283262252808, "accuracy": 0.9666666388511658, "energy_consumption": 0.6834342842062366, "selected": false, "host_energy_consumption": 0.23772513436, "client_name": "sta2"}
2026-04-27 17:05:56,297 - METRIC - INFO - {"loss": 0.09616666287183762, "accuracy": 0.9770722985267639, "energy_consumption": 0.5216012391566158, "selected": true, "host_energy_consumption": 0.22761815776000002, "client_name": "sta5"}
2026-04-27 17:05:56,840 - METRIC - INFO - {"loss": 0.16863244771957397, "accuracy": 0.9482455849647522, "energy_consumption": 0.584891922838238, "selected": true, "host_energy_consumption": 0.2728452538, "client_name": "sta4"}
2026-04-27 17:05:57,666 - METRIC - INFO - mean_accuracy: 0.9064309199651083

2026-04-27 17:05:57,666 - METRIC - INFO - round: 13
2026-04-27 17:05:57,666 - METRIC - INFO - n_selected: 2
2026-04-27 17:05:57,666 - METRIC - INFO - {"selected_trainers": ["sta4", "sta5"]}
2026-04-27 17:06:07,291 - EXECUT - INFO - received weights from trainer sta4!
2026-04-27 17:06:14,096 - EXECUT - INFO - received weights from trainer sta5!
2026-04-27 17:06:15,515 - EXECUT - INFO - sent aggregated weights to trainers!
2026-04-27 17:06:34,609 - METRIC - INFO - {"loss": 1.3634976148605347, "accuracy": 0.6207864880561829, "energy_consumption": 0.6525486333594552, "selected": false, "host_energy_consumption": 0.21738285296, "client_name": "sta1"}
2026-04-27 17:06:37,612 - METRIC - INFO - {"loss": 0.2569568455219269, "accuracy": 0.9255813956260681, "energy_consumption": 0.6455726409595224, "selected": false, "host_energy_consumption": 0.28881016892, "client_name": "sta0"}
2026-04-27 17:06:46,616 - METRIC - INFO - {"loss": 0.4551590383052826, "accuracy": 0.8568115830421448, "energy_consumption": 0.6203732332914096, "selected": false, "host_energy_consumption": 0.24585791188, "client_name": "sta3"}
2026-04-27 17:06:47,096 - METRIC - INFO - {"loss": 0.08818521350622177, "accuracy": 0.9770722985267639, "energy_consumption": 0.5585921430805199, "selected": true, "host_energy_consumption": 0.24737230868, "client_name": "sta5"}
2026-04-27 17:06:48,354 - METRIC - INFO - {"loss": 0.35533803701400757, "accuracy": 0.8939814567565918, "energy_consumption": 0.6834342842062366, "selected": false, "host_energy_consumption": 0.2414138482, "client_name": "sta2"}
2026-04-27 17:06:48,968 - METRIC - INFO - {"loss": 0.15623684227466583, "accuracy": 0.9517543911933899, "energy_consumption": 0.657028158041505, "selected": true, "host_energy_consumption": 0.30864127560000004, "client_name": "sta4"}
2026-04-27 17:06:49,550 - METRIC - INFO - mean_accuracy: 0.8709979355335236

2026-04-27 17:06:49,550 - METRIC - INFO - round: 14
2026-04-27 17:06:49,550 - METRIC - INFO - n_selected: 2
2026-04-27 17:06:49,550 - METRIC - INFO - {"selected_trainers": ["sta3", "sta5"]}
2026-04-27 17:06:59,233 - EXECUT - INFO - received weights from trainer sta3!
2026-04-27 17:07:10,443 - EXECUT - INFO - received weights from trainer sta5!
2026-04-27 17:07:11,868 - EXECUT - INFO - sent aggregated weights to trainers!
2026-04-27 17:07:26,873 - METRIC - INFO - {"loss": 0.7158727645874023, "accuracy": 0.7325581312179565, "energy_consumption": 0.6455726409595224, "selected": false, "host_energy_consumption": 0.29184653092, "client_name": "sta0"}
2026-04-27 17:07:35,115 - METRIC - INFO - {"loss": 0.08226437121629715, "accuracy": 0.9770722985267639, "energy_consumption": 0.6264235956442432, "selected": true, "host_energy_consumption": 0.2674065618, "client_name": "sta5"}
2026-04-27 17:07:35,453 - METRIC - INFO - {"loss": 1.57752525806427, "accuracy": 0.5470505356788635, "energy_consumption": 0.6525486333594552, "selected": false, "host_energy_consumption": 0.22088166464, "client_name": "sta1"}
2026-04-27 17:07:36,541 - METRIC - INFO - {"loss": 0.6400781273841858, "accuracy": 0.793055534362793, "energy_consumption": 0.7231760937159575, "selected": false, "host_energy_consumption": 0.24543823976, "client_name": "sta2"}
2026-04-27 17:07:39,392 - METRIC - INFO - {"loss": 0.05931348353624344, "accuracy": 0.9831883907318115, "energy_consumption": 0.750582621292899, "selected": true, "host_energy_consumption": 0.29821483832, "client_name": "sta3"}
2026-04-27 17:07:43,324 - METRIC - INFO - {"loss": 0.20905591547489166, "accuracy": 0.9403508901596069, "energy_consumption": 0.694297465646215, "selected": false, "host_energy_consumption": 0.31149850256, "client_name": "sta4"}
2026-04-27 17:07:43,901 - METRIC - INFO - mean_accuracy: 0.8288792967796326

2026-04-27 17:07:43,901 - METRIC - INFO - round: 15
2026-04-27 17:07:43,901 - METRIC - INFO - n_selected: 3
2026-04-27 17:07:43,901 - METRIC - INFO - {"selected_trainers": ["sta0", "sta1", "sta5"]}
2026-04-27 17:07:50,641 - EXECUT - INFO - received weights from trainer sta0!
2026-04-27 17:07:57,241 - EXECUT - INFO - received weights from trainer sta1!
2026-04-27 17:08:05,387 - EXECUT - INFO - received weights from trainer sta5!
2026-04-27 17:08:06,802 - EXECUT - INFO - sent aggregated weights to trainers!
2026-04-27 17:08:23,746 - METRIC - INFO - {"loss": 0.15283040702342987, "accuracy": 0.949438214302063, "energy_consumption": 0.8069853202150628, "selected": true, "host_energy_consumption": 0.26687932264, "client_name": "sta1"}
2026-04-27 17:08:26,043 - METRIC - INFO - {"loss": 0.09787745773792267, "accuracy": 0.9686046242713928, "energy_consumption": 0.71644812530488, "selected": true, "host_energy_consumption": 0.31909430308000003, "client_name": "sta0"}
2026-04-27 17:08:27,846 - METRIC - INFO - {"loss": 0.07942754775285721, "accuracy": 0.9805996417999268, "energy_consumption": 0.665739348731111, "selected": true, "host_energy_consumption": 0.28756223776, "client_name": "sta5"}
2026-04-27 17:08:34,106 - METRIC - INFO - {"loss": 0.08165959268808365, "accuracy": 0.9785507321357727, "energy_consumption": 0.750582621292899, "selected": false, "host_energy_consumption": 0.30337864116, "client_name": "sta3"}
2026-04-27 17:08:34,261 - METRIC - INFO - {"loss": 0.28927743434906006, "accuracy": 0.9277777671813965, "energy_consumption": 0.7231760937159575, "selected": false, "host_energy_consumption": 0.25047103200000004, "client_name": "sta2"}
2026-04-27 17:08:34,416 - METRIC - INFO - {"loss": 0.8337220549583435, "accuracy": 0.7377192974090576, "energy_consumption": 0.694297465646215, "selected": false, "host_energy_consumption": 0.31572210992, "client_name": "sta4"}
2026-04-27 17:08:34,832 - METRIC - INFO - mean_accuracy: 0.9237817128499349

2026-04-27 17:08:34,832 - METRIC - INFO - round: 16
2026-04-27 17:08:34,832 - METRIC - INFO - n_selected: 4
2026-04-27 17:08:34,832 - METRIC - INFO - {"selected_trainers": ["sta0", "sta2", "sta4", "sta5"]}
2026-04-27 17:08:40,449 - EXECUT - INFO - received weights from trainer sta0!
2026-04-27 17:08:53,187 - EXECUT - INFO - received weights from trainer sta2!
2026-04-27 17:09:03,333 - EXECUT - INFO - received weights from trainer sta4!
2026-04-27 17:09:10,270 - EXECUT - INFO - received weights from trainer sta5!
2026-04-27 17:09:11,679 - EXECUT - INFO - sent aggregated weights to trainers!
2026-04-27 17:09:29,706 - METRIC - INFO - {"loss": 0.46488383412361145, "accuracy": 0.8110954761505127, "energy_consumption": 0.8069853202150628, "selected": false, "host_energy_consumption": 0.27034754404, "client_name": "sta1"}
2026-04-27 17:09:34,895 - METRIC - INFO - {"loss": 0.09164529293775558, "accuracy": 0.9732558131217957, "energy_consumption": 0.7909600629101741, "selected": true, "host_energy_consumption": 0.34652717484, "client_name": "sta0"}
2026-04-27 17:09:39,809 - METRIC - INFO - {"loss": 0.07413014769554138, "accuracy": 0.9805996417999268, "energy_consumption": 0.7052621818917286, "selected": true, "host_energy_consumption": 0.30777759124000004, "client_name": "sta5"}
2026-04-27 17:09:43,221 - METRIC - INFO - {"loss": 0.14237485826015472, "accuracy": 0.9543859362602234, "energy_consumption": 0.7795980215588892, "selected": true, "host_energy_consumption": 0.3515174138, "client_name": "sta4"}
2026-04-27 17:09:43,856 - METRIC - INFO - {"loss": 0.05373791605234146, "accuracy": 0.9851852059364319, "energy_consumption": 0.9556534802610888, "selected": true, "host_energy_consumption": 0.31725016036000003, "client_name": "sta2"}
2026-04-27 17:09:48,538 - METRIC - INFO - {"loss": 0.4681040644645691, "accuracy": 0.8852173686027527, "energy_consumption": 0.750582621292899, "selected": false, "host_energy_consumption": 0.30680957244, "client_name": "sta3"}
2026-04-27 17:09:48,718 - METRIC - INFO - mean_accuracy: 0.9316232403119405

2026-04-27 17:09:48,718 - METRIC - INFO - round: 17
2026-04-27 17:09:48,718 - METRIC - INFO - n_selected: 4
2026-04-27 17:09:48,718 - METRIC - INFO - {"selected_trainers": ["sta0", "sta3", "sta4", "sta5"]}
2026-04-27 17:09:54,080 - EXECUT - INFO - received weights from trainer sta0!
2026-04-27 17:10:02,749 - EXECUT - INFO - received weights from trainer sta3!
2026-04-27 17:10:12,035 - EXECUT - INFO - received weights from trainer sta4!
2026-04-27 17:10:18,588 - EXECUT - INFO - received weights from trainer sta5!
2026-04-27 17:10:19,995 - EXECUT - INFO - sent aggregated weights to trainers!
2026-04-27 17:10:36,634 - METRIC - INFO - {"loss": 0.08242495357990265, "accuracy": 0.9755814075469971, "energy_consumption": 0.8294325887979399, "selected": true, "host_energy_consumption": 0.37376782044, "client_name": "sta0"}
2026-04-27 17:10:38,838 - METRIC - INFO - {"loss": 1.467029333114624, "accuracy": 0.5259831547737122, "energy_consumption": 0.8069853202150628, "selected": false, "host_energy_consumption": 0.27385259356, "client_name": "sta1"}
2026-04-27 17:10:45,967 - METRIC - INFO - {"loss": 0.05079721286892891, "accuracy": 0.9849275350570679, "energy_consumption": 0.8802885634992772, "selected": true, "host_energy_consumption": 0.35873597284000003, "client_name": "sta3"}
2026-04-27 17:10:46,291 - METRIC - INFO - {"loss": 0.09085802733898163, "accuracy": 0.9777777791023254, "energy_consumption": 0.9556534802610888, "selected": false, "host_energy_consumption": 0.32205413716000003, "client_name": "sta2"}
2026-04-27 17:10:46,605 - METRIC - INFO - {"loss": 0.07322170585393906, "accuracy": 0.9788359999656677, "energy_consumption": 0.7801343728585648, "selected": true, "host_energy_consumption": 0.32845881264000004, "client_name": "sta5"}
2026-04-27 17:11:01,350 - METRIC - INFO - {"loss": 0.1306564211845398, "accuracy": 0.9561403393745422, "energy_consumption": 0.8592253225967278, "selected": true, "host_energy_consumption": 0.38714053812000004, "client_name": "sta4"}
2026-04-27 17:11:02,039 - METRIC - INFO - mean_accuracy: 0.8998743693033854

2026-04-27 17:11:02,039 - METRIC - INFO - round: 18
2026-04-27 17:11:02,039 - METRIC - INFO - n_selected: 3
2026-04-27 17:11:02,039 - METRIC - INFO - {"selected_trainers": ["sta0", "sta1", "sta5"]}
2026-04-27 17:11:07,391 - EXECUT - INFO - received weights from trainer sta0!
2026-04-27 17:11:15,981 - EXECUT - INFO - received weights from trainer sta1!
2026-04-27 17:11:22,138 - EXECUT - INFO - received weights from trainer sta5!
2026-04-27 17:11:23,550 - EXECUT - INFO - sent aggregated weights to trainers!
2026-04-27 17:11:38,292 - METRIC - INFO - {"loss": 0.07505818456411362, "accuracy": 0.9802325367927551, "energy_consumption": 0.9452182929189634, "selected": true, "host_energy_consumption": 0.40139835288000003, "client_name": "sta0"}
2026-04-27 17:11:40,526 - METRIC - INFO - {"loss": 0.13447831571102142, "accuracy": 0.954353928565979, "energy_consumption": 0.9534276973152525, "selected": true, "host_energy_consumption": 0.31893769096, "client_name": "sta1"}
2026-04-27 17:11:45,109 - METRIC - INFO - {"loss": 0.38328683376312256, "accuracy": 0.8824561238288879, "energy_consumption": 0.8592253225967278, "selected": false, "host_energy_consumption": 0.39103608964000003, "client_name": "sta4"}
2026-04-27 17:11:46,271 - METRIC - INFO - {"loss": 0.07393428683280945, "accuracy": 0.9788359999656677, "energy_consumption": 0.8286336833313035, "selected": true, "host_energy_consumption": 0.34927791472, "client_name": "sta5"}
2026-04-27 17:11:46,743 - METRIC - INFO - {"loss": 0.15504670143127441, "accuracy": 0.9643518328666687, "energy_consumption": 0.9950780324477659, "selected": false, "host_energy_consumption": 0.32651640364, "client_name": "sta2"}
2026-04-27 17:11:46,973 - METRIC - INFO - {"loss": 0.11167967319488525, "accuracy": 0.9762318730354309, "energy_consumption": 0.9203463872952535, "selected": false, "host_energy_consumption": 0.36300893552, "client_name": "sta3"}
2026-04-27 17:11:47,576 - METRIC - INFO - mean_accuracy: 0.9560770491758982

2026-04-27 17:11:47,576 - METRIC - INFO - round: 19
2026-04-27 17:11:47,576 - METRIC - INFO - n_selected: 2
2026-04-27 17:11:47,576 - METRIC - INFO - {"selected_trainers": ["sta4", "sta5"]}
2026-04-27 17:11:59,432 - EXECUT - INFO - received weights from trainer sta4!
2026-04-27 17:12:09,335 - EXECUT - INFO - received weights from trainer sta5!
2026-04-27 17:12:10,750 - EXECUT - INFO - sent aggregated weights to trainers!
2026-04-27 17:12:26,693 - METRIC - INFO - {"loss": 0.3572612404823303, "accuracy": 0.8560393452644348, "energy_consumption": 0.9864491333368799, "selected": false, "host_energy_consumption": 0.32258446612, "client_name": "sta1"}
2026-04-27 17:12:29,679 - METRIC - INFO - {"loss": 0.3981286585330963, "accuracy": 0.8709302544593811, "energy_consumption": 0.9791322229967685, "selected": false, "host_energy_consumption": 0.40421005212, "client_name": "sta0"}
2026-04-27 17:12:34,925 - METRIC - INFO - {"loss": 0.5157099366188049, "accuracy": 0.8568115830421448, "energy_consumption": 0.9203463872952535, "selected": false, "host_energy_consumption": 0.36788913308000004, "client_name": "sta3"}
2026-04-27 17:12:34,968 - METRIC - INFO - {"loss": 0.5019684433937073, "accuracy": 0.8120370507240295, "energy_consumption": 0.9950780324477659, "selected": false, "host_energy_consumption": 0.33185686352000004, "client_name": "sta2"}
2026-04-27 17:12:35,476 - METRIC - INFO - {"loss": 0.06746865808963776, "accuracy": 0.9823633432388306, "energy_consumption": 0.8687059689542691, "selected": true, "host_energy_consumption": 0.36951054588000004, "client_name": "sta5"}
2026-04-27 17:12:36,935 - METRIC - INFO - {"loss": 0.12122679501771927, "accuracy": 0.961403489112854, "energy_consumption": 0.9361784557009502, "selected": true, "host_energy_consumption": 0.42705306532000004, "client_name": "sta4"}
2026-04-27 17:12:37,779 - METRIC - INFO - mean_accuracy: 0.8899308443069458

2026-04-27 17:12:37,779 - METRIC - INFO - round: 20
2026-04-27 17:12:37,779 - METRIC - INFO - n_selected: 3
2026-04-27 17:12:37,779 - METRIC - INFO - {"selected_trainers": ["sta3", "sta4", "sta5"]}
2026-04-27 17:12:45,923 - EXECUT - INFO - received weights from trainer sta3!
2026-04-27 17:12:58,069 - EXECUT - INFO - received weights from trainer sta4!
2026-04-27 17:13:03,915 - EXECUT - INFO - received weights from trainer sta5!
2026-04-27 17:13:05,340 - EXECUT - INFO - sent aggregated weights to trainers!
2026-04-27 17:13:16,957 - METRIC - INFO - {"loss": 0.6531955003738403, "accuracy": 0.7674418687820435, "energy_consumption": 0.9791322229967685, "selected": false, "host_energy_consumption": 0.40720350132000005, "client_name": "sta0"}
2026-04-27 17:13:19,136 - METRIC - INFO - {"loss": 1.0910152196884155, "accuracy": 0.6257022619247437, "energy_consumption": 0.9864491333368799, "selected": false, "host_energy_consumption": 0.32585984592, "client_name": "sta1"}
2026-04-27 17:13:29,837 - METRIC - INFO - {"loss": 0.04457438737154007, "accuracy": 0.9872463941574097, "energy_consumption": 1.0914429462441961, "selected": true, "host_energy_consumption": 0.41999485668000003, "client_name": "sta3"}
2026-04-27 17:13:31,985 - METRIC - INFO - {"loss": 0.5668280720710754, "accuracy": 0.8101851940155029, "energy_consumption": 0.9950780324477659, "selected": false, "host_energy_consumption": 0.33605384484, "client_name": "sta2"}
2026-04-27 17:13:32,419 - METRIC - INFO - {"loss": 0.10900770127773285, "accuracy": 0.9640350937843323, "energy_consumption": 1.0174970052533037, "selected": true, "host_energy_consumption": 0.46338950028000003, "client_name": "sta4"}
2026-04-27 17:13:33,401 - METRIC - INFO - {"loss": 0.06462833285331726, "accuracy": 0.9841269850730896, "energy_consumption": 0.9062984486389203, "selected": true, "host_energy_consumption": 0.38959080440000005, "client_name": "sta5"}
2026-04-27 17:13:34,371 - METRIC - INFO - mean_accuracy: 0.8564562996228536

2026-04-27 17:13:34,371 - METRIC - INFO - round: 21
2026-04-27 17:13:34,371 - METRIC - INFO - n_selected: 4
2026-04-27 17:13:34,371 - METRIC - INFO - {"selected_trainers": ["sta0", "sta1", "sta2", "sta5"]}
2026-04-27 17:13:40,449 - EXECUT - INFO - received weights from trainer sta0!
2026-04-27 17:13:48,153 - EXECUT - INFO - received weights from trainer sta1!
2026-04-27 17:14:00,025 - EXECUT - INFO - received weights from trainer sta2!
2026-04-27 17:14:08,476 - EXECUT - INFO - received weights from trainer sta5!
2026-04-27 17:14:09,899 - EXECUT - INFO - sent aggregated weights to trainers!
2026-04-27 17:14:26,024 - METRIC - INFO - {"loss": 0.07004721462726593, "accuracy": 0.9790697693824768, "energy_consumption": 1.0135324379679291, "selected": true, "host_energy_consumption": 0.43471425088000004, "client_name": "sta0"}
2026-04-27 17:14:31,043 - METRIC - INFO - {"loss": 0.1244841068983078, "accuracy": 0.9585674405097961, "energy_consumption": 1.075386368227168, "selected": true, "host_energy_consumption": 0.37075425492, "client_name": "sta1"}
2026-04-27 17:14:37,770 - METRIC - INFO - {"loss": 0.11363710463047028, "accuracy": 0.9704347848892212, "energy_consumption": 1.0914429462441961, "selected": false, "host_energy_consumption": 0.42356154904000004, "client_name": "sta3"}
2026-04-27 17:14:38,332 - METRIC - INFO - {"loss": 0.27764424681663513, "accuracy": 0.9210526347160339, "energy_consumption": 1.0174970052533037, "selected": false, "host_energy_consumption": 0.46626332116, "client_name": "sta4"}
2026-04-27 17:14:39,803 - METRIC - INFO - {"loss": 0.06209982559084892, "accuracy": 0.9823633432388306, "energy_consumption": 0.950572630968952, "selected": true, "host_energy_consumption": 0.40945947392000004, "client_name": "sta5"}
2026-04-27 17:14:40,501 - METRIC - INFO - {"loss": 0.04268947243690491, "accuracy": 0.9870370626449585, "energy_consumption": 1.2136358819039874, "selected": true, "host_energy_consumption": 0.40168667448, "client_name": "sta2"}
2026-04-27 17:14:40,932 - METRIC - INFO - mean_accuracy: 0.9664208392302195

2026-04-27 17:14:40,932 - METRIC - INFO - round: 22
2026-04-27 17:14:40,932 - METRIC - INFO - n_selected: 3
2026-04-27 17:14:40,932 - METRIC - INFO - {"selected_trainers": ["sta0", "sta4", "sta5"]}
2026-04-27 17:14:45,871 - EXECUT - INFO - received weights from trainer sta0!
2026-04-27 17:14:55,938 - EXECUT - INFO - received weights from trainer sta4!
2026-04-27 17:15:02,929 - EXECUT - INFO - received weights from trainer sta5!
2026-04-27 17:15:04,343 - EXECUT - INFO - sent aggregated weights to trainers!
2026-04-27 17:15:20,308 - METRIC - INFO - {"loss": 0.06212596967816353, "accuracy": 0.984883725643158, "energy_consumption": 1.1308777479209207, "selected": true, "host_energy_consumption": 0.4621523858, "client_name": "sta0"}
2026-04-27 17:15:24,162 - METRIC - INFO - {"loss": 0.630032479763031, "accuracy": 0.7703651785850525, "energy_consumption": 1.075386368227168, "selected": false, "host_energy_consumption": 0.374116092, "client_name": "sta1"}
2026-04-27 17:15:31,233 - METRIC - INFO - {"loss": 0.06173653528094292, "accuracy": 0.9823633432388306, "energy_consumption": 1.0288922175658533, "selected": true, "host_energy_consumption": 0.43016503124000005, "client_name": "sta5"}
2026-04-27 17:15:31,409 - METRIC - INFO - {"loss": 0.08130510151386261, "accuracy": 0.9828703999519348, "energy_consumption": 1.2136358819039874, "selected": false, "host_energy_consumption": 0.40620383328000004, "client_name": "sta2"}
2026-04-27 17:15:33,069 - METRIC - INFO - {"loss": 0.16934102773666382, "accuracy": 0.972753643989563, "energy_consumption": 1.0914429462441961, "selected": false, "host_energy_consumption": 0.42703460660000003, "client_name": "sta3"}
2026-04-27 17:15:33,489 - METRIC - INFO - {"loss": 0.10185298323631287, "accuracy": 0.9675438404083252, "energy_consumption": 1.0977921635710994, "selected": true, "host_energy_consumption": 0.50233893192, "client_name": "sta4"}
2026-04-27 17:15:34,374 - METRIC - INFO - mean_accuracy: 0.9434633553028107

2026-04-27 17:15:34,374 - METRIC - INFO - round: 23
2026-04-27 17:15:34,374 - METRIC - INFO - n_selected: 4
2026-04-27 17:15:34,374 - METRIC - INFO - {"selected_trainers": ["sta1", "sta3", "sta4", "sta5"]}
2026-04-27 17:15:43,000 - EXECUT - INFO - received weights from trainer sta1!
2026-04-27 17:15:55,758 - EXECUT - INFO - received weights from trainer sta3!
2026-04-27 17:16:05,529 - EXECUT - INFO - received weights from trainer sta4!
2026-04-27 17:16:13,951 - EXECUT - INFO - received weights from trainer sta5!
2026-04-27 17:16:15,356 - EXECUT - INFO - sent aggregated weights to trainers!
2026-04-27 17:16:28,951 - METRIC - INFO - {"loss": 0.19068880379199982, "accuracy": 0.9372093081474304, "energy_consumption": 1.1308777479209207, "selected": false, "host_energy_consumption": 0.46505975404000005, "client_name": "sta0"}
2026-04-27 17:16:30,372 - METRIC - INFO - {"loss": 0.11498431861400604, "accuracy": 0.9606741666793823, "energy_consumption": 1.1703169526819155, "selected": true, "host_energy_consumption": 0.41935335624000003, "client_name": "sta1"}
2026-04-27 17:16:41,431 - METRIC - INFO - {"loss": 0.03815672919154167, "accuracy": 0.9901449084281921, "energy_consumption": 1.2338463502929602, "selected": true, "host_energy_consumption": 0.47972931328, "client_name": "sta3"}
2026-04-27 17:16:41,542 - METRIC - INFO - {"loss": 0.2557425796985626, "accuracy": 0.9189814925193787, "energy_consumption": 1.2136358819039874, "selected": false, "host_energy_consumption": 0.4111130324, "client_name": "sta2"}
2026-04-27 17:16:45,721 - METRIC - INFO - {"loss": 0.11485246568918228, "accuracy": 0.9657894968986511, "energy_consumption": 1.2098450441107036, "selected": true, "host_energy_consumption": 0.53827057844, "client_name": "sta4"}
2026-04-27 17:16:47,113 - METRIC - INFO - {"loss": 0.05858166515827179, "accuracy": 0.9841269850730896, "energy_consumption": 1.0645689756845647, "selected": true, "host_energy_consumption": 0.45020007032000003, "client_name": "sta5"}
2026-04-27 17:16:47,390 - METRIC - INFO - mean_accuracy: 0.9594877262910207

2026-04-27 17:16:47,390 - METRIC - INFO - round: 24
2026-04-27 17:16:47,390 - METRIC - INFO - n_selected: 3
2026-04-27 17:16:47,390 - METRIC - INFO - {"selected_trainers": ["sta0", "sta1", "sta5"]}
2026-04-27 17:16:52,726 - EXECUT - INFO - received weights from trainer sta0!
2026-04-27 17:17:04,156 - EXECUT - INFO - received weights from trainer sta1!
2026-04-27 17:17:11,077 - EXECUT - INFO - received weights from trainer sta5!
2026-04-27 17:17:12,503 - EXECUT - INFO - sent aggregated weights to trainers!
2026-04-27 17:17:30,402 - METRIC - INFO - {"loss": 0.06080985441803932, "accuracy": 0.9872093200683594, "energy_consumption": 1.2072090304124297, "selected": true, "host_energy_consumption": 0.49276062808000004, "client_name": "sta0"}
2026-04-27 17:17:31,786 - METRIC - INFO - {"loss": 0.10812103748321533, "accuracy": 0.9585674405097961, "energy_consumption": 1.3476970323970294, "selected": true, "host_energy_consumption": 0.46475582776, "client_name": "sta1"}
2026-04-27 17:17:42,257 - METRIC - INFO - {"loss": 0.13444000482559204, "accuracy": 0.9689815044403076, "energy_consumption": 1.2500717524164788, "selected": false, "host_energy_consumption": 0.4156302934, "client_name": "sta2"}
2026-04-27 17:17:42,420 - METRIC - INFO - {"loss": 0.23599128425121307, "accuracy": 0.9315789341926575, "energy_consumption": 1.2441688822600372, "selected": false, "host_energy_consumption": 0.5423607999600001, "client_name": "sta4"}
2026-04-27 17:17:43,588 - METRIC - INFO - {"loss": 0.16357555985450745, "accuracy": 0.9623188376426697, "energy_consumption": 1.2338463502929602, "selected": false, "host_energy_consumption": 0.48385072372000004, "client_name": "sta3"}
2026-04-27 17:17:43,612 - METRIC - INFO - {"loss": 0.059376612305641174, "accuracy": 0.9841269850730896, "energy_consumption": 1.103097749781809, "selected": true, "host_energy_consumption": 0.47105427460000004, "client_name": "sta5"}
2026-04-27 17:17:44,536 - METRIC - INFO - mean_accuracy: 0.9654638369878134

2026-04-27 17:17:44,536 - METRIC - INFO - round: 25
2026-04-27 17:17:44,536 - METRIC - INFO - n_selected: 2
2026-04-27 17:17:44,536 - METRIC - INFO - {"selected_trainers": ["sta0", "sta5"]}
2026-04-27 17:18:20,499 - EXECUT - INFO - received weights from trainer sta0!
2026-04-27 17:18:30,659 - EXECUT - INFO - received weights from trainer sta5!
2026-04-27 17:18:32,085 - EXECUT - INFO - sent aggregated weights to trainers!
2026-04-27 17:18:46,594 - METRIC - INFO - {"loss": 0.05548232048749924, "accuracy": 0.9883720874786377, "energy_consumption": 1.2802202395293074, "selected": true, "host_energy_consumption": 0.52058606964, "client_name": "sta0"}
2026-04-27 17:18:55,088 - METRIC - INFO - {"loss": 0.26945754885673523, "accuracy": 0.8939606547355652, "energy_consumption": 1.3476970323970294, "selected": false, "host_energy_consumption": 0.46820767672, "client_name": "sta1"}
2026-04-27 17:18:59,937 - METRIC - INFO - {"loss": 0.054607804864645004, "accuracy": 0.9823633432388306, "energy_consumption": 1.1756966394629549, "selected": true, "host_energy_consumption": 0.491561112, "client_name": "sta5"}
2026-04-27 17:19:00,935 - METRIC - INFO - {"loss": 0.45618054270744324, "accuracy": 0.831944465637207, "energy_consumption": 1.2884782399878862, "selected": false, "host_energy_consumption": 0.41961669456, "client_name": "sta2"}
2026-04-27 17:19:03,479 - METRIC - INFO - {"loss": 0.601108729839325, "accuracy": 0.7622807025909424, "energy_consumption": 1.2441688822600372, "selected": false, "host_energy_consumption": 0.5452372696400001, "client_name": "sta4"}
2026-04-27 17:19:05,277 - METRIC - INFO - {"loss": 0.5144182443618774, "accuracy": 0.8330434560775757, "energy_consumption": 1.2338463502929602, "selected": false, "host_energy_consumption": 0.48706553728, "client_name": "sta3"}
2026-04-27 17:19:06,120 - METRIC - INFO - mean_accuracy: 0.8819941182931265

2026-04-27 17:19:06,120 - METRIC - INFO - round: 26
2026-04-27 17:19:06,120 - METRIC - INFO - n_selected: 3
2026-04-27 17:19:06,120 - METRIC - INFO - {"selected_trainers": ["sta3", "sta4", "sta5"]}
2026-04-27 17:19:15,015 - EXECUT - INFO - received weights from trainer sta3!
2026-04-27 17:19:27,721 - EXECUT - INFO - received weights from trainer sta4!
2026-04-27 17:19:39,010 - EXECUT - INFO - received weights from trainer sta5!
2026-04-27 17:19:40,413 - EXECUT - INFO - sent aggregated weights to trainers!
2026-04-27 17:19:55,176 - METRIC - INFO - {"loss": 1.126695990562439, "accuracy": 0.5933988690376282, "energy_consumption": 1.3824493494603518, "selected": false, "host_energy_consumption": 0.47192528908000003, "client_name": "sta1"}
2026-04-27 17:19:55,388 - METRIC - INFO - {"loss": 0.09292196482419968, "accuracy": 0.9755814075469971, "energy_consumption": 1.3115063230738366, "selected": false, "host_energy_consumption": 0.5240283482, "client_name": "sta0"}
2026-04-27 17:20:06,148 - METRIC - INFO - {"loss": 0.051508452743291855, "accuracy": 0.9823633432388306, "energy_consumption": 1.281495313922398, "selected": true, "host_energy_consumption": 0.51160684904, "client_name": "sta5"}
2026-04-27 17:20:07,570 - METRIC - INFO - {"loss": 0.036228593438863754, "accuracy": 0.991304337978363, "energy_consumption": 1.351802426849051, "selected": true, "host_energy_consumption": 0.5391603915600001, "client_name": "sta3"}
2026-04-27 17:20:09,225 - METRIC - INFO - {"loss": 0.09155333042144775, "accuracy": 0.9701754450798035, "energy_consumption": 1.3583333198840282, "selected": true, "host_energy_consumption": 0.5808467044800001, "client_name": "sta4"}
2026-04-27 17:20:12,885 - METRIC - INFO - {"loss": 0.7549890875816345, "accuracy": 0.7282407283782959, "energy_consumption": 1.2884782399878862, "selected": false, "host_energy_consumption": 0.42323756160000003, "client_name": "sta2"}
2026-04-27 17:20:13,448 - METRIC - INFO - mean_accuracy: 0.8735106885433197

2026-04-27 17:20:13,448 - METRIC - INFO - round: 27
2026-04-27 17:20:13,448 - METRIC - INFO - n_selected: 3
2026-04-27 17:20:13,448 - METRIC - INFO - {"selected_trainers": ["sta0", "sta2", "sta5"]}
2026-04-27 17:20:19,877 - EXECUT - INFO - received weights from trainer sta0!
2026-04-27 17:20:29,752 - EXECUT - INFO - received weights from trainer sta2!
2026-04-27 17:20:36,064 - EXECUT - INFO - received weights from trainer sta5!
2026-04-27 17:20:37,466 - EXECUT - INFO - sent aggregated weights to trainers!
2026-04-27 17:20:52,974 - METRIC - INFO - {"loss": 1.099928379058838, "accuracy": 0.6720505356788635, "energy_consumption": 1.3824493494603518, "selected": false, "host_energy_consumption": 0.47540349052, "client_name": "sta1"}
2026-04-27 17:20:55,484 - METRIC - INFO - {"loss": 0.05560654029250145, "accuracy": 0.9872093200683594, "energy_consumption": 1.3482266280619948, "selected": true, "host_energy_consumption": 0.5513488201200001, "client_name": "sta0"}
2026-04-27 17:21:04,478 - METRIC - INFO - {"loss": 0.08549503237009048, "accuracy": 0.9791304469108582, "energy_consumption": 1.3914167948862501, "selected": false, "host_energy_consumption": 0.54286921976, "client_name": "sta3"}
2026-04-27 17:21:06,166 - METRIC - INFO - {"loss": 0.05121811851859093, "accuracy": 0.9823633432388306, "energy_consumption": 1.32050954157254, "selected": true, "host_energy_consumption": 0.53187960728, "client_name": "sta5"}
2026-04-27 17:21:06,369 - METRIC - INFO - {"loss": 0.03504059091210365, "accuracy": 0.9884259104728699, "energy_consumption": 1.5011115599279539, "selected": true, "host_energy_consumption": 0.48988839676, "client_name": "sta2"}
2026-04-27 17:21:06,947 - METRIC - INFO - {"loss": 0.2895292043685913, "accuracy": 0.9192982316017151, "energy_consumption": 1.3583333198840282, "selected": false, "host_energy_consumption": 0.58361191952, "client_name": "sta4"}
2026-04-27 17:21:07,498 - METRIC - INFO - mean_accuracy: 0.9214129646619161

2026-04-27 17:21:07,498 - METRIC - INFO - round: 28
2026-04-27 17:21:07,498 - METRIC - INFO - n_selected: 4
2026-04-27 17:21:07,498 - METRIC - INFO - {"selected_trainers": ["sta0", "sta1", "sta4", "sta5"]}
2026-04-27 17:21:12,135 - EXECUT - INFO - received weights from trainer sta0!
2026-04-27 17:21:18,725 - EXECUT - INFO - received weights from trainer sta1!
2026-04-27 17:21:26,603 - EXECUT - INFO - received weights from trainer sta4!
2026-04-27 17:21:34,530 - EXECUT - INFO - received weights from trainer sta5!
2026-04-27 17:21:35,948 - EXECUT - INFO - sent aggregated weights to trainers!
2026-04-27 17:21:51,896 - METRIC - INFO - {"loss": 0.04956236109137535, "accuracy": 0.9872093200683594, "energy_consumption": 1.3834121116550202, "selected": true, "host_energy_consumption": 0.5789154196, "client_name": "sta0"}
2026-04-27 17:21:53,504 - METRIC - INFO - {"loss": 0.05096510425209999, "accuracy": 0.9823633432388306, "energy_consumption": 1.3573448433592779, "selected": true, "host_energy_consumption": 0.55191548356, "client_name": "sta5"}
2026-04-27 17:21:53,879 - METRIC - INFO - {"loss": 0.09976255148649216, "accuracy": 0.9627808928489685, "energy_consumption": 1.520390753738319, "selected": true, "host_energy_consumption": 0.5209764840000001, "client_name": "sta1"}
2026-04-27 17:21:56,605 - METRIC - INFO - {"loss": 0.13368681073188782, "accuracy": 0.9710144996643066, "energy_consumption": 1.3914167948862501, "selected": false, "host_energy_consumption": 0.5465163368, "client_name": "sta3"}
2026-04-27 17:21:57,293 - METRIC - INFO - {"loss": 0.08672697097063065, "accuracy": 0.9719298481941223, "energy_consumption": 1.4782815059548073, "selected": true, "host_energy_consumption": 0.6196422764, "client_name": "sta4"}
2026-04-27 17:21:59,794 - METRIC - INFO - {"loss": 0.05633566901087761, "accuracy": 0.9847221970558167, "energy_consumption": 1.5011115599279539, "selected": false, "host_energy_consumption": 0.49354426380000005, "client_name": "sta2"}
2026-04-27 17:21:59,974 - METRIC - INFO - mean_accuracy: 0.9766700168450674

2026-04-27 17:21:59,974 - METRIC - INFO - round: 29
2026-04-27 17:21:59,974 - METRIC - INFO - n_selected: 3
2026-04-27 17:21:59,974 - METRIC - INFO - {"selected_trainers": ["sta0", "sta3", "sta5"]}
2026-04-27 17:22:09,539 - EXECUT - INFO - received weights from trainer sta0!
2026-04-27 17:22:18,846 - EXECUT - INFO - received weights from trainer sta3!
2026-04-27 17:22:25,784 - EXECUT - INFO - received weights from trainer sta5!
2026-04-27 17:22:27,199 - EXECUT - INFO - sent aggregated weights to trainers!
2026-04-27 17:22:42,144 - METRIC - INFO - {"loss": 0.04910775646567345, "accuracy": 0.9883720874786377, "energy_consumption": 1.4647872384559983, "selected": true, "host_energy_consumption": 0.6060631306800001, "client_name": "sta0"}
2026-04-27 17:22:43,145 - METRIC - INFO - {"loss": 0.2810310423374176, "accuracy": 0.9051966071128845, "energy_consumption": 1.520390753738319, "selected": false, "host_energy_consumption": 0.5243451570000001, "client_name": "sta1"}
2026-04-27 17:22:55,686 - METRIC - INFO - {"loss": 0.2028236836194992, "accuracy": 0.9449074268341064, "energy_consumption": 1.5011115599279539, "selected": false, "host_energy_consumption": 0.49750050168000004, "client_name": "sta2"}
2026-04-27 17:22:56,878 - METRIC - INFO - {"loss": 0.20798057317733765, "accuracy": 0.9438596367835999, "energy_consumption": 1.4782815059548073, "selected": false, "host_energy_consumption": 0.62256061644, "client_name": "sta4"}
2026-04-27 17:22:57,265 - METRIC - INFO - {"loss": 0.051497992128133774, "accuracy": 0.9823633432388306, "energy_consumption": 1.397580543812274, "selected": true, "host_energy_consumption": 0.5716168956400001, "client_name": "sta5"}
2026-04-27 17:22:58,030 - METRIC - INFO - {"loss": 0.03252203390002251, "accuracy": 0.9918840527534485, "energy_consumption": 1.5596560160060622, "selected": true, "host_energy_consumption": 0.59796847824, "client_name": "sta3"}
2026-04-27 17:22:58,230 - METRIC - INFO - mean_accuracy: 0.9594305257002512

2026-04-27 17:22:58,230 - METRIC - INFO - round: 30
2026-04-27 17:22:58,230 - METRIC - INFO - n_selected: 3
2026-04-27 17:22:58,230 - METRIC - INFO - {"selected_trainers": ["sta0", "sta4", "sta5"]}
2026-04-27 17:23:04,582 - EXECUT - INFO - received weights from trainer sta0!
2026-04-27 17:23:14,876 - EXECUT - INFO - received weights from trainer sta4!
2026-04-27 17:23:21,922 - EXECUT - INFO - received weights from trainer sta5!
2026-04-27 17:23:23,338 - EXECUT - INFO - sent aggregated weights to trainers!
2026-04-27 17:23:41,782 - METRIC - INFO - {"loss": 1.1627650260925293, "accuracy": 0.6404494643211365, "energy_consumption": 1.520390753738319, "selected": false, "host_energy_consumption": 0.527773183, "client_name": "sta1"}
2026-04-27 17:23:43,426 - METRIC - INFO - {"loss": 0.04939550533890724, "accuracy": 0.9872093200683594, "energy_consumption": 1.548717254114373, "selected": true, "host_energy_consumption": 0.6334032558, "client_name": "sta0"}
2026-04-27 17:23:50,402 - METRIC - INFO - {"loss": 0.05223589763045311, "accuracy": 0.9895651936531067, "energy_consumption": 1.5596560160060622, "selected": false, "host_energy_consumption": 0.6013555567600001, "client_name": "sta3"}
2026-04-27 17:23:51,500 - METRIC - INFO - {"loss": 0.24191518127918243, "accuracy": 0.9217592477798462, "energy_consumption": 1.5011115599279539, "selected": false, "host_energy_consumption": 0.50153675348, "client_name": "sta2"}
2026-04-27 17:23:52,667 - METRIC - INFO - {"loss": 0.04970701411366463, "accuracy": 0.9841269850730896, "energy_consumption": 1.473752801841541, "selected": true, "host_energy_consumption": 0.59233031424, "client_name": "sta5"}
2026-04-27 17:23:52,682 - METRIC - INFO - {"loss": 0.08417253196239471, "accuracy": 0.9719298481941223, "energy_consumption": 1.5176567070376694, "selected": true, "host_energy_consumption": 0.6587865662000001, "client_name": "sta4"}
2026-04-27 17:23:53,370 - METRIC - INFO - mean_accuracy: 0.9158400098482767

2026-04-27 17:23:53,370 - METRIC - INFO - round: 31
2026-04-27 17:23:53,370 - METRIC - INFO - n_selected: 3
2026-04-27 17:23:53,370 - METRIC - INFO - {"selected_trainers": ["sta2", "sta4", "sta5"]}
2026-04-27 17:24:03,118 - EXECUT - INFO - received weights from trainer sta2!
2026-04-27 17:24:13,228 - EXECUT - INFO - received weights from trainer sta4!
2026-04-27 17:24:21,073 - EXECUT - INFO - received weights from trainer sta5!
2026-04-27 17:24:22,492 - EXECUT - INFO - sent aggregated weights to trainers!
2026-04-27 17:24:42,037 - METRIC - INFO - {"loss": 0.9354965686798096, "accuracy": 0.7148876190185547, "energy_consumption": 1.5571330884539167, "selected": false, "host_energy_consumption": 0.53131359148, "client_name": "sta1"}
2026-04-27 17:24:50,160 - METRIC - INFO - {"loss": 0.1386343389749527, "accuracy": 0.9488372206687927, "energy_consumption": 1.548717254114373, "selected": false, "host_energy_consumption": 0.63633460072, "client_name": "sta0"}
2026-04-27 17:24:51,924 - METRIC - INFO - {"loss": 0.029558632522821426, "accuracy": 0.9916666746139526, "energy_consumption": 1.6801575696282047, "selected": true, "host_energy_consumption": 0.5673184188, "client_name": "sta2"}
2026-04-27 17:24:53,119 - METRIC - INFO - {"loss": 0.284999817609787, "accuracy": 0.9124637842178345, "energy_consumption": 1.5596560160060622, "selected": false, "host_energy_consumption": 0.6049067318, "client_name": "sta3"}
2026-04-27 17:24:53,689 - METRIC - INFO - {"loss": 0.04595270752906799, "accuracy": 0.9841269850730896, "energy_consumption": 1.5089980418054187, "selected": true, "host_energy_consumption": 0.61244581216, "client_name": "sta5"}
2026-04-27 17:24:56,125 - METRIC - INFO - {"loss": 0.08061999082565308, "accuracy": 0.9710526466369629, "energy_consumption": 1.5972304033061593, "selected": true, "host_energy_consumption": 0.69470264388, "client_name": "sta4"}
2026-04-27 17:24:56,528 - METRIC - INFO - mean_accuracy: 0.9205058217048645

2026-04-27 17:24:56,528 - METRIC - INFO - round: 32
2026-04-27 17:24:56,528 - METRIC - INFO - n_selected: 4
2026-04-27 17:24:56,528 - METRIC - INFO - {"selected_trainers": ["sta0", "sta1", "sta3", "sta5"]}
2026-04-27 17:25:00,797 - EXECUT - INFO - received weights from trainer sta0!
2026-04-27 17:25:06,987 - EXECUT - INFO - received weights from trainer sta1!
2026-04-27 17:25:16,962 - EXECUT - INFO - received weights from trainer sta3!
2026-04-27 17:25:25,124 - EXECUT - INFO - received weights from trainer sta5!
2026-04-27 17:25:26,534 - EXECUT - INFO - sent aggregated weights to trainers!
2026-04-27 17:25:49,754 - METRIC - INFO - {"loss": 0.09869629144668579, "accuracy": 0.966292142868042, "energy_consumption": 1.654871212967308, "selected": true, "host_energy_consumption": 0.57611441692, "client_name": "sta1"}
2026-04-27 17:25:50,234 - METRIC - INFO - {"loss": 0.04592323675751686, "accuracy": 0.9872093200683594, "energy_consumption": 1.5855945234935698, "selected": true, "host_energy_consumption": 0.66379710628, "client_name": "sta0"}
2026-04-27 17:25:56,819 - METRIC - INFO - {"loss": 0.27759382128715515, "accuracy": 0.9052631855010986, "energy_consumption": 1.5972304033061593, "selected": false, "host_energy_consumption": 0.69773384464, "client_name": "sta4"}
2026-04-27 17:25:57,436 - METRIC - INFO - {"loss": 0.04907146841287613, "accuracy": 0.9865740537643433, "energy_consumption": 1.6801575696282047, "selected": false, "host_energy_consumption": 0.57163856652, "client_name": "sta2"}
2026-04-27 17:25:57,561 - METRIC - INFO - {"loss": 0.045632559806108475, "accuracy": 0.9841269850730896, "energy_consumption": 1.585056415728885, "selected": true, "host_energy_consumption": 0.63328504624, "client_name": "sta5"}
2026-04-27 17:25:58,108 - METRIC - INFO - {"loss": 0.02977006323635578, "accuracy": 0.9924637675285339, "energy_consumption": 1.7030342724512937, "selected": true, "host_energy_consumption": 0.6569952116000001, "client_name": "sta3"}
2026-04-27 17:25:58,567 - METRIC - INFO - mean_accuracy: 0.9703215758005778

2026-04-27 17:25:58,567 - METRIC - INFO - round: 33
2026-04-27 17:25:58,567 - METRIC - INFO - n_selected: 3
2026-04-27 17:25:58,567 - METRIC - INFO - {"selected_trainers": ["sta0", "sta4", "sta5"]}
2026-04-27 17:26:03,833 - EXECUT - INFO - received weights from trainer sta0!
2026-04-27 17:26:13,798 - EXECUT - INFO - received weights from trainer sta4!
2026-04-27 17:26:23,147 - EXECUT - INFO - received weights from trainer sta5!
2026-04-27 17:26:24,567 - EXECUT - INFO - sent aggregated weights to trainers!
2026-04-27 17:26:42,925 - METRIC - INFO - {"loss": 0.04339339956641197, "accuracy": 0.989534854888916, "energy_consumption": 1.6196294239406166, "selected": true, "host_energy_consumption": 0.6908519172800001, "client_name": "sta0"}
2026-04-27 17:26:44,616 - METRIC - INFO - {"loss": 0.4102764427661896, "accuracy": 0.8595505356788635, "energy_consumption": 1.654871212967308, "selected": false, "host_energy_consumption": 0.57943393984, "client_name": "sta1"}
2026-04-27 17:26:49,528 - METRIC - INFO - {"loss": 0.07687414437532425, "accuracy": 0.9745613932609558, "energy_consumption": 1.6722536613923071, "selected": true, "host_energy_consumption": 0.7337505980000001, "client_name": "sta4"}
2026-04-27 17:26:49,865 - METRIC - INFO - {"loss": 0.08888011425733566, "accuracy": 0.9826086759567261, "energy_consumption": 1.7030342724512937, "selected": false, "host_energy_consumption": 0.66129044212, "client_name": "sta3"}
2026-04-27 17:26:50,096 - METRIC - INFO - {"loss": 0.04433170706033707, "accuracy": 0.9841269850730896, "energy_consumption": 1.6214031086839205, "selected": true, "host_energy_consumption": 0.6540393608, "client_name": "sta5"}
2026-04-27 17:26:50,834 - METRIC - INFO - {"loss": 0.10765879601240158, "accuracy": 0.9685184955596924, "energy_consumption": 1.6801575696282047, "selected": false, "host_energy_consumption": 0.57538275368, "client_name": "sta2"}
2026-04-27 17:26:51,595 - METRIC - INFO - mean_accuracy: 0.9598168234030405

2026-04-27 17:26:51,595 - METRIC - INFO - round: 34
2026-04-27 17:26:51,595 - METRIC - INFO - n_selected: 3
2026-04-27 17:26:51,595 - METRIC - INFO - {"selected_trainers": ["sta0", "sta1", "sta5"]}
2026-04-27 17:27:06,315 - EXECUT - INFO - received weights from trainer sta0!
2026-04-27 17:27:14,470 - EXECUT - INFO - received weights from trainer sta1!
2026-04-27 17:27:25,604 - EXECUT - INFO - received weights from trainer sta5!
2026-04-27 17:27:27,017 - EXECUT - INFO - sent aggregated weights to trainers!
2026-04-27 17:27:39,264 - METRIC - INFO - {"loss": 0.037539780139923096, "accuracy": 0.9918604493141174, "energy_consumption": 1.6958859589104387, "selected": true, "host_energy_consumption": 0.7183349306000001, "client_name": "sta0"}
2026-04-27 17:27:43,755 - METRIC - INFO - {"loss": 0.09031777083873749, "accuracy": 0.971207857131958, "energy_consumption": 1.8397766389919215, "selected": true, "host_energy_consumption": 0.6245567025600001, "client_name": "sta1"}
2026-04-27 17:27:46,395 - METRIC - INFO - {"loss": 0.3059646487236023, "accuracy": 0.8979710340499878, "energy_consumption": 1.7030342724512937, "selected": false, "host_energy_consumption": 0.66479443212, "client_name": "sta3"}
2026-04-27 17:27:47,719 - METRIC - INFO - {"loss": 0.1530674695968628, "accuracy": 0.9552631378173828, "energy_consumption": 1.708862366473976, "selected": false, "host_energy_consumption": 0.7366935640400001, "client_name": "sta4"}
2026-04-27 17:27:53,531 - METRIC - INFO - {"loss": 0.19643406569957733, "accuracy": 0.9370370507240295, "energy_consumption": 1.6801575696282047, "selected": false, "host_energy_consumption": 0.5791637350800001, "client_name": "sta2"}
2026-04-27 17:28:05,125 - METRIC - INFO - {"loss": 0.045605629682540894, "accuracy": 0.9841269850730896, "energy_consumption": 1.7058209034230947, "selected": true, "host_energy_consumption": 0.67383647576, "client_name": "sta5"}
2026-04-27 17:28:06,058 - METRIC - INFO - mean_accuracy: 0.9562444190184275

2026-04-27 17:28:06,058 - METRIC - INFO - round: 35
2026-04-27 17:28:06,058 - METRIC - INFO - n_selected: 5
2026-04-27 17:28:06,058 - METRIC - INFO - {"selected_trainers": ["sta0", "sta2", "sta3", "sta4", "sta5"]}
2026-04-27 17:28:12,298 - EXECUT - INFO - received weights from trainer sta0!
2026-04-27 17:28:23,445 - EXECUT - INFO - received weights from trainer sta2!
2026-04-27 17:28:32,137 - EXECUT - INFO - received weights from trainer sta3!
2026-04-27 17:28:41,483 - EXECUT - INFO - received weights from trainer sta4!
2026-04-27 17:28:48,012 - EXECUT - INFO - received weights from trainer sta5!
2026-04-27 17:28:49,428 - EXECUT - INFO - sent aggregated weights to trainers!
2026-04-27 17:29:02,299 - METRIC - INFO - {"loss": 0.036958400160074234, "accuracy": 0.9930232763290405, "energy_consumption": 1.7752285059708308, "selected": true, "host_energy_consumption": 0.7458919084400001, "client_name": "sta0"}
2026-04-27 17:29:04,722 - METRIC - INFO - {"loss": 0.26302412152290344, "accuracy": 0.8911516666412354, "energy_consumption": 1.8397766389919215, "selected": false, "host_energy_consumption": 0.6277854956800001, "client_name": "sta1"}
2026-04-27 17:29:12,461 - METRIC - INFO - {"loss": 0.02863609418272972, "accuracy": 0.9924637675285339, "energy_consumption": 1.9130912142573027, "selected": true, "host_energy_consumption": 0.71699924268, "client_name": "sta3"}
2026-04-27 17:29:15,739 - METRIC - INFO - {"loss": 0.0265522301197052, "accuracy": 0.9935185313224792, "energy_consumption": 1.859913176893625, "selected": true, "host_energy_consumption": 0.64496447232, "client_name": "sta2"}
2026-04-27 17:29:16,649 - METRIC - INFO - {"loss": 0.07334312051534653, "accuracy": 0.9745613932609558, "energy_consumption": 1.7884563312361936, "selected": true, "host_energy_consumption": 0.77243093312, "client_name": "sta4"}
2026-04-27 17:29:32,806 - METRIC - INFO - {"loss": 0.04195646569132805, "accuracy": 0.9894179701805115, "energy_consumption": 1.7780116669307153, "selected": true, "host_energy_consumption": 0.69395877488, "client_name": "sta5"}
2026-04-27 17:29:33,474 - METRIC - INFO - mean_accuracy: 0.9723561008771261

2026-04-27 17:29:33,474 - METRIC - INFO - round: 36
2026-04-27 17:29:33,474 - METRIC - INFO - n_selected: 3
2026-04-27 17:29:33,474 - METRIC - INFO - {"selected_trainers": ["sta0", "sta4", "sta5"]}
2026-04-27 17:29:40,553 - EXECUT - INFO - received weights from trainer sta0!
2026-04-27 17:29:49,357 - EXECUT - INFO - received weights from trainer sta4!
2026-04-27 17:29:59,010 - EXECUT - INFO - received weights from trainer sta5!
2026-04-27 17:30:00,425 - EXECUT - INFO - sent aggregated weights to trainers!
2026-04-27 17:30:20,795 - METRIC - INFO - {"loss": 1.0186315774917603, "accuracy": 0.6741573214530945, "energy_consumption": 1.8397766389919215, "selected": false, "host_energy_consumption": 0.63136874808, "client_name": "sta1"}
2026-04-27 17:30:27,748 - METRIC - INFO - {"loss": 0.0368802584707737, "accuracy": 0.9918604493141174, "energy_consumption": 1.8088876484772607, "selected": true, "host_energy_consumption": 0.773267341, "client_name": "sta0"}
2026-04-27 17:30:30,426 - METRIC - INFO - {"loss": 0.041930776089429855, "accuracy": 0.9876543283462524, "energy_consumption": 1.8115502014878393, "selected": true, "host_energy_consumption": 0.7137882066000001, "client_name": "sta5"}
2026-04-27 17:30:32,015 - METRIC - INFO - {"loss": 0.07029655575752258, "accuracy": 0.9745613932609558, "energy_consumption": 1.867781978082856, "selected": true, "host_energy_consumption": 0.8081555196400001, "client_name": "sta4"}
2026-04-27 17:30:32,589 - METRIC - INFO - {"loss": 0.08192656934261322, "accuracy": 0.9831883907318115, "energy_consumption": 1.949288429654135, "selected": false, "host_energy_consumption": 0.72051153804, "client_name": "sta3"}
2026-04-27 17:30:33,665 - METRIC - INFO - {"loss": 0.05309465900063515, "accuracy": 0.9851852059364319, "energy_consumption": 1.8983813235405311, "selected": false, "host_energy_consumption": 0.64876934556, "client_name": "sta2"}
2026-04-27 17:30:34,460 - METRIC - INFO - mean_accuracy: 0.9327678481737772

2026-04-27 17:30:34,460 - METRIC - INFO - round: 37
2026-04-27 17:30:34,460 - METRIC - INFO - n_selected: 3
2026-04-27 17:30:34,460 - METRIC - INFO - {"selected_trainers": ["sta0", "sta1", "sta5"]}
2026-04-27 17:30:42,412 - EXECUT - INFO - received weights from trainer sta0!
2026-04-27 17:30:50,640 - EXECUT - INFO - received weights from trainer sta1!
2026-04-27 17:30:57,425 - EXECUT - INFO - received weights from trainer sta5!
2026-04-27 17:30:58,842 - EXECUT - INFO - sent aggregated weights to trainers!
2026-04-27 17:31:12,820 - METRIC - INFO - {"loss": 0.08118753135204315, "accuracy": 0.9726123809814453, "energy_consumption": 1.9294238545316065, "selected": true, "host_energy_consumption": 0.67677612464, "client_name": "sta1"}
2026-04-27 17:31:13,126 - METRIC - INFO - {"loss": 0.03730932995676994, "accuracy": 0.9918604493141174, "energy_consumption": 1.8900629865213086, "selected": true, "host_energy_consumption": 0.8007092531200001, "client_name": "sta0"}
2026-04-27 17:31:24,932 - METRIC - INFO - {"loss": 0.03908398002386093, "accuracy": 0.9894179701805115, "energy_consumption": 1.8537291086079426, "selected": true, "host_energy_consumption": 0.73368909068, "client_name": "sta5"}
2026-04-27 17:31:25,805 - METRIC - INFO - {"loss": 0.13367362320423126, "accuracy": 0.9631578922271729, "energy_consumption": 1.9020671485686012, "selected": false, "host_energy_consumption": 0.8117113258800001, "client_name": "sta4"}
2026-04-27 17:31:26,217 - METRIC - INFO - {"loss": 0.35871565341949463, "accuracy": 0.8649275302886963, "energy_consumption": 1.9845659806267153, "selected": false, "host_energy_consumption": 0.7256525259200001, "client_name": "sta3"}
2026-04-27 17:31:26,233 - METRIC - INFO - {"loss": 0.18166926503181458, "accuracy": 0.9425926208496094, "energy_consumption": 1.8983813235405311, "selected": false, "host_energy_consumption": 0.6543025272, "client_name": "sta2"}
2026-04-27 17:31:26,872 - METRIC - INFO - mean_accuracy: 0.9540948073069254

2026-04-27 17:31:26,872 - METRIC - INFO - round: 38
2026-04-27 17:31:26,872 - METRIC - INFO - n_selected: 4
2026-04-27 17:31:26,872 - METRIC - INFO - {"selected_trainers": ["sta0", "sta2", "sta4", "sta5"]}
2026-04-27 17:31:35,284 - EXECUT - INFO - received weights from trainer sta0!
2026-04-27 17:31:45,456 - EXECUT - INFO - received weights from trainer sta2!
2026-04-27 17:31:55,494 - EXECUT - INFO - received weights from trainer sta4!
2026-04-27 17:32:09,852 - EXECUT - INFO - received weights from trainer sta5!
2026-04-27 17:32:11,274 - EXECUT - INFO - sent aggregated weights to trainers!
2026-04-27 17:32:24,938 - METRIC - INFO - {"loss": 0.23341302573680878, "accuracy": 0.9066011309623718, "energy_consumption": 1.9294238545316065, "selected": false, "host_energy_consumption": 0.6805525946800001, "client_name": "sta1"}
2026-04-27 17:32:25,191 - METRIC - INFO - {"loss": 0.03489210084080696, "accuracy": 0.9918604493141174, "energy_consumption": 1.9259613437649614, "selected": true, "host_energy_consumption": 0.82878418868, "client_name": "sta0"}
2026-04-27 17:32:29,133 - METRIC - INFO - {"loss": 0.0693722739815712, "accuracy": 0.9763157963752747, "energy_consumption": 1.986229836234617, "selected": true, "host_energy_consumption": 0.84771047732, "client_name": "sta4"}
2026-04-27 17:32:29,450 - METRIC - INFO - {"loss": 0.5057576894760132, "accuracy": 0.8365217447280884, "energy_consumption": 2.024623701101223, "selected": false, "host_energy_consumption": 0.7298735696, "client_name": "sta3"}
2026-04-27 17:32:31,256 - METRIC - INFO - {"loss": 0.026067961007356644, "accuracy": 0.9935185313224792, "energy_consumption": 2.080571049578812, "selected": true, "host_energy_consumption": 0.7199661016800001, "client_name": "sta2"}
2026-04-27 17:32:40,311 - METRIC - INFO - {"loss": 0.04007254168391228, "accuracy": 0.9894179701805115, "energy_consumption": 1.8899554177417945, "selected": true, "host_energy_consumption": 0.75293912708, "client_name": "sta5"}
2026-04-27 17:32:41,305 - METRIC - INFO - mean_accuracy: 0.9490392704804739

2026-04-27 17:32:41,305 - METRIC - INFO - round: 39
2026-04-27 17:32:41,305 - METRIC - INFO - n_selected: 3
2026-04-27 17:32:41,305 - METRIC - INFO - {"selected_trainers": ["sta0", "sta1", "sta5"]}
2026-04-27 17:32:47,493 - EXECUT - INFO - received weights from trainer sta0!
2026-04-27 17:32:55,501 - EXECUT - INFO - received weights from trainer sta1!
2026-04-27 17:33:04,743 - EXECUT - INFO - received weights from trainer sta5!
2026-04-27 17:33:06,156 - EXECUT - INFO - sent aggregated weights to trainers!
2026-04-27 17:33:20,167 - METRIC - INFO - {"loss": 0.037807926535606384, "accuracy": 0.989534854888916, "energy_consumption": 1.960862156037721, "selected": true, "host_energy_consumption": 0.8559773247200001, "client_name": "sta0"}
2026-04-27 17:33:25,307 - METRIC - INFO - {"loss": 0.07411599159240723, "accuracy": 0.9740168452262878, "energy_consumption": 2.0229534061812657, "selected": true, "host_energy_consumption": 0.7254763294800001, "client_name": "sta1"}
2026-04-27 17:33:32,893 - METRIC - INFO - {"loss": 0.24284052848815918, "accuracy": 0.9254385828971863, "energy_consumption": 1.986229836234617, "selected": false, "host_energy_consumption": 0.8510420993200001, "client_name": "sta4"}
2026-04-27 17:33:33,266 - METRIC - INFO - {"loss": 0.20867487788200378, "accuracy": 0.9460869431495667, "energy_consumption": 2.0579616934494456, "selected": false, "host_energy_consumption": 0.7342067054, "client_name": "sta3"}
2026-04-27 17:33:33,555 - METRIC - INFO - {"loss": 0.04382545128464699, "accuracy": 0.9865740537643433, "energy_consumption": 2.080571049578812, "selected": false, "host_energy_consumption": 0.7244626844000001, "client_name": "sta2"}
2026-04-27 17:33:34,791 - METRIC - INFO - {"loss": 0.040364090353250504, "accuracy": 0.9876543283462524, "energy_consumption": 1.9327786645852134, "selected": true, "host_energy_consumption": 0.77259301224, "client_name": "sta5"}
2026-04-27 17:33:35,186 - METRIC - INFO - mean_accuracy: 0.9682176013787588

2026-04-27 17:33:35,186 - METRIC - INFO - round: 40
2026-04-27 17:33:35,186 - METRIC - INFO - n_selected: 3
2026-04-27 17:33:35,186 - METRIC - INFO - {"selected_trainers": ["sta0", "sta4", "sta5"]}
2026-04-27 17:33:44,491 - EXECUT - INFO - received weights from trainer sta0!
2026-04-27 17:33:53,009 - EXECUT - INFO - received weights from trainer sta4!
2026-04-27 17:33:58,632 - EXECUT - INFO - received weights from trainer sta5!
2026-04-27 17:34:00,056 - EXECUT - INFO - sent aggregated weights to trainers!
2026-04-27 17:34:17,742 - METRIC - INFO - {"loss": 0.033857930451631546, "accuracy": 0.9906976819038391, "energy_consumption": 2.0374805259823825, "selected": true, "host_energy_consumption": 0.883502396, "client_name": "sta0"}
2026-04-27 17:34:18,438 - METRIC - INFO - {"loss": 0.18737709522247314, "accuracy": 0.9311797618865967, "energy_consumption": 2.0229534061812657, "selected": false, "host_energy_consumption": 0.72883432132, "client_name": "sta1"}
2026-04-27 17:34:30,672 - METRIC - INFO - {"loss": 0.06714929640293121, "accuracy": 0.980701744556427, "energy_consumption": 2.062868776689615, "selected": true, "host_energy_consumption": 0.8881084912, "client_name": "sta4"}
2026-04-27 17:34:30,758 - METRIC - INFO - {"loss": 0.5420160889625549, "accuracy": 0.8191304206848145, "energy_consumption": 2.0579616934494456, "selected": false, "host_energy_consumption": 0.73868939396, "client_name": "sta3"}
2026-04-27 17:34:31,369 - METRIC - INFO - {"loss": 0.03614070266485214, "accuracy": 0.9929453134536743, "energy_consumption": 2.0076679735356526, "selected": true, "host_energy_consumption": 0.79308920236, "client_name": "sta5"}
2026-04-27 17:34:31,512 - METRIC - INFO - {"loss": 0.2820282280445099, "accuracy": 0.9055555462837219, "energy_consumption": 2.080571049578812, "selected": false, "host_energy_consumption": 0.72882641076, "client_name": "sta2"}
2026-04-27 17:34:32,090 - METRIC - INFO - mean_accuracy: 0.9367017447948456

2026-04-27 17:34:32,090 - METRIC - INFO - round: 41
2026-04-27 17:34:32,090 - METRIC - INFO - n_selected: 3
2026-04-27 17:34:32,090 - METRIC - INFO - {"selected_trainers": ["sta0", "sta1", "sta5"]}
2026-04-27 17:34:37,653 - EXECUT - INFO - received weights from trainer sta0!
2026-04-27 17:34:44,191 - EXECUT - INFO - received weights from trainer sta1!
2026-04-27 17:34:53,010 - EXECUT - INFO - received weights from trainer sta5!
2026-04-27 17:34:54,406 - EXECUT - INFO - sent aggregated weights to trainers!
2026-04-27 17:35:11,633 - METRIC - INFO - {"loss": 0.06991494446992874, "accuracy": 0.9747191071510315, "energy_consumption": 2.1176614504908997, "selected": true, "host_energy_consumption": 0.77457975112, "client_name": "sta1"}
2026-04-27 17:35:11,927 - METRIC - INFO - {"loss": 0.0334235355257988, "accuracy": 0.9906976819038391, "energy_consumption": 2.07402273813321, "selected": true, "host_energy_consumption": 0.91237807416, "client_name": "sta0"}
2026-04-27 17:35:21,991 - METRIC - INFO - {"loss": 0.03438679873943329, "accuracy": 0.9911816716194153, "energy_consumption": 2.087022901687539, "selected": true, "host_energy_consumption": 0.81308238872, "client_name": "sta5"}
2026-04-27 17:35:23,108 - METRIC - INFO - {"loss": 0.5131157636642456, "accuracy": 0.8063768148422241, "energy_consumption": 2.0890853492813934, "selected": false, "host_energy_consumption": 0.7423127392800001, "client_name": "sta3"}
2026-04-27 17:35:24,958 - METRIC - INFO - {"loss": 0.13241806626319885, "accuracy": 0.9605262875556946, "energy_consumption": 2.062868776689615, "selected": false, "host_energy_consumption": 0.8913307902800001, "client_name": "sta4"}
2026-04-27 17:35:25,222 - METRIC - INFO - {"loss": 0.18731504678726196, "accuracy": 0.9416666626930237, "energy_consumption": 2.080571049578812, "selected": false, "host_energy_consumption": 0.7331977080400001, "client_name": "sta2"}
2026-04-27 17:35:25,438 - METRIC - INFO - mean_accuracy: 0.9441947042942047

2026-04-27 17:35:25,438 - METRIC - INFO - round: 42
2026-04-27 17:35:25,438 - METRIC - INFO - n_selected: 3
2026-04-27 17:35:25,438 - METRIC - INFO - {"selected_trainers": ["sta0", "sta2", "sta4"]}
2026-04-27 17:35:30,488 - EXECUT - INFO - received weights from trainer sta0!
2026-04-27 17:35:40,910 - EXECUT - INFO - received weights from trainer sta2!
2026-04-27 17:35:51,624 - EXECUT - INFO - received weights from trainer sta4!
2026-04-27 17:35:52,044 - EXECUT - INFO - sent aggregated weights to trainers!
2026-04-27 17:36:11,615 - METRIC - INFO - {"loss": 0.19054530560970306, "accuracy": 0.9248595237731934, "energy_consumption": 2.1176614504908997, "selected": false, "host_energy_consumption": 0.77800868264, "client_name": "sta1"}
2026-04-27 17:36:13,048 - METRIC - INFO - {"loss": 0.032226432114839554, "accuracy": 0.9918604493141174, "energy_consumption": 2.151768125980383, "selected": true, "host_energy_consumption": 0.93963174228, "client_name": "sta0"}
2026-04-27 17:36:14,477 - METRIC - INFO - {"loss": 0.20791463553905487, "accuracy": 0.9188712239265442, "energy_consumption": 2.1219251890730098, "selected": false, "host_energy_consumption": 0.81554866932, "client_name": "sta5"}
2026-04-27 17:36:21,081 - METRIC - INFO - {"loss": 0.06268589943647385, "accuracy": 0.9780701994895935, "energy_consumption": 2.1749410149044297, "selected": true, "host_energy_consumption": 0.9269375082800001, "client_name": "sta4"}
2026-04-27 17:36:21,904 - METRIC - INFO - {"loss": 0.6490488648414612, "accuracy": 0.7762318849563599, "energy_consumption": 2.0890853492813934, "selected": false, "host_energy_consumption": 0.7458125598, "client_name": "sta3"}
2026-04-27 17:36:23,749 - METRIC - INFO - {"loss": 0.02272750250995159, "accuracy": 0.9939814805984497, "energy_consumption": 2.315264872450446, "selected": true, "host_energy_consumption": 0.7986449772, "client_name": "sta2"}
2026-04-27 17:36:24,077 - METRIC - INFO - mean_accuracy: 0.9306457936763763

2026-04-27 17:36:24,077 - METRIC - INFO - round: 43
2026-04-27 17:36:24,077 - METRIC - INFO - n_selected: 4
2026-04-27 17:36:24,077 - METRIC - INFO - {"selected_trainers": ["sta0", "sta1", "sta3", "sta5"]}
2026-04-27 17:36:29,186 - EXECUT - INFO - received weights from trainer sta0!
2026-04-27 17:36:36,186 - EXECUT - INFO - received weights from trainer sta1!
2026-04-27 17:36:46,391 - EXECUT - INFO - received weights from trainer sta3!
2026-04-27 17:36:53,579 - EXECUT - INFO - received weights from trainer sta5!
2026-04-27 17:36:54,992 - EXECUT - INFO - sent aggregated weights to trainers!
2026-04-27 17:37:13,178 - METRIC - INFO - {"loss": 0.06714369356632233, "accuracy": 0.976123571395874, "energy_consumption": 2.2118211454935945, "selected": true, "host_energy_consumption": 0.8228102769600001, "client_name": "sta1"}
2026-04-27 17:37:13,613 - METRIC - INFO - {"loss": 0.03489294275641441, "accuracy": 0.989534854888916, "energy_consumption": 2.2275191344195955, "selected": true, "host_energy_consumption": 0.9669445066400001, "client_name": "sta0"}
2026-04-27 17:37:16,074 - METRIC - INFO - {"loss": 0.034506119787693024, "accuracy": 0.9911816716194153, "energy_consumption": 2.1980754841364023, "selected": true, "host_energy_consumption": 0.8355726682800001, "client_name": "sta5"}
2026-04-27 17:37:20,946 - METRIC - INFO - {"loss": 0.025705747306346893, "accuracy": 0.9924637675285339, "energy_consumption": 2.176829462780805, "selected": true, "host_energy_consumption": 0.7974379232400001, "client_name": "sta3"}
2026-04-27 17:37:21,456 - METRIC - INFO - {"loss": 0.03939972072839737, "accuracy": 0.9893518686294556, "energy_consumption": 2.315264872450446, "selected": false, "host_energy_consumption": 0.80263281364, "client_name": "sta2"}
2026-04-27 17:37:26,615 - METRIC - INFO - {"loss": 0.3137704133987427, "accuracy": 0.8938596248626709, "energy_consumption": 2.1749410149044297, "selected": false, "host_energy_consumption": 0.9298230012400001, "client_name": "sta4"}
2026-04-27 17:37:27,026 - METRIC - INFO - mean_accuracy: 0.9720858931541443

2026-04-27 17:37:27,026 - METRIC - INFO - round: 44
2026-04-27 17:37:27,026 - METRIC - INFO - n_selected: 4
2026-04-27 17:37:27,026 - METRIC - INFO - {"selected_trainers": ["sta1", "sta3", "sta4", "sta5"]}
2026-04-27 17:37:36,464 - EXECUT - INFO - received weights from trainer sta1!
2026-04-27 17:37:47,134 - EXECUT - INFO - received weights from trainer sta3!
2026-04-27 17:37:58,895 - EXECUT - INFO - received weights from trainer sta4!
2026-04-27 17:38:07,462 - EXECUT - INFO - received weights from trainer sta5!
2026-04-27 17:38:08,878 - EXECUT - INFO - sent aggregated weights to trainers!
2026-04-27 17:38:25,150 - METRIC - INFO - {"loss": 0.12893423438072205, "accuracy": 0.960465133190155, "energy_consumption": 2.2275191344195955, "selected": false, "host_energy_consumption": 0.9698265822000001, "client_name": "sta0"}
2026-04-27 17:38:27,002 - METRIC - INFO - {"loss": 0.0691884309053421, "accuracy": 0.9796348214149475, "energy_consumption": 2.3029102694023464, "selected": true, "host_energy_consumption": 0.86835854168, "client_name": "sta1"}
2026-04-27 17:38:35,903 - METRIC - INFO - {"loss": 0.07713960111141205, "accuracy": 0.9787036776542664, "energy_consumption": 2.315264872450446, "selected": false, "host_energy_consumption": 0.80655635816, "client_name": "sta2"}
2026-04-27 17:38:36,679 - METRIC - INFO - {"loss": 0.024326039478182793, "accuracy": 0.9924637675285339, "energy_consumption": 2.3480542039377528, "selected": true, "host_energy_consumption": 0.8496347356, "client_name": "sta3"}
2026-04-27 17:38:37,191 - METRIC - INFO - {"loss": 0.03563999757170677, "accuracy": 0.9929453134536743, "energy_consumption": 2.2725089403409546, "selected": true, "host_energy_consumption": 0.85683056788, "client_name": "sta5"}
2026-04-27 17:38:38,939 - METRIC - INFO - {"loss": 0.0608411505818367, "accuracy": 0.9789473414421082, "energy_consumption": 2.2920717452343555, "selected": true, "host_energy_consumption": 0.9655699751600001, "client_name": "sta4"}
2026-04-27 17:38:39,911 - METRIC - INFO - mean_accuracy: 0.9805266757806143

2026-04-27 17:38:39,911 - METRIC - INFO - round: 45
2026-04-27 17:38:39,911 - METRIC - INFO - n_selected: 3
2026-04-27 17:38:39,911 - METRIC - INFO - {"selected_trainers": ["sta0", "sta4", "sta5"]}
2026-04-27 17:38:45,997 - EXECUT - INFO - received weights from trainer sta0!
2026-04-27 17:38:56,875 - EXECUT - INFO - received weights from trainer sta4!
2026-04-27 17:39:05,634 - EXECUT - INFO - received weights from trainer sta5!
2026-04-27 17:39:07,060 - EXECUT - INFO - sent aggregated weights to trainers!
2026-04-27 17:39:27,756 - METRIC - INFO - {"loss": 0.23501074314117432, "accuracy": 0.9220505356788635, "energy_consumption": 2.3029102694023464, "selected": false, "host_energy_consumption": 0.8719905342400001, "client_name": "sta1"}
2026-04-27 17:39:27,915 - METRIC - INFO - {"loss": 0.03232734650373459, "accuracy": 0.9918604493141174, "energy_consumption": 2.2977767213907194, "selected": true, "host_energy_consumption": 0.99748521012, "client_name": "sta0"}
2026-04-27 17:39:36,090 - METRIC - INFO - {"loss": 0.0813908576965332, "accuracy": 0.979629635810852, "energy_consumption": 2.315264872450446, "selected": false, "host_energy_consumption": 0.8104342898400001, "client_name": "sta2"}
2026-04-27 17:39:38,816 - METRIC - INFO - {"loss": 0.06377427279949188, "accuracy": 0.9754385948181152, "energy_consumption": 2.407802781169653, "selected": true, "host_energy_consumption": 1.0017158079600001, "client_name": "sta4"}
2026-04-27 17:39:38,926 - METRIC - INFO - {"loss": 0.11779417842626572, "accuracy": 0.9768115878105164, "energy_consumption": 2.3480542039377528, "selected": false, "host_energy_consumption": 0.8537422518800001, "client_name": "sta3"}
2026-04-27 17:39:41,201 - METRIC - INFO - {"loss": 0.034233592450618744, "accuracy": 0.9929453134536743, "energy_consumption": 2.3085921953330475, "selected": true, "host_energy_consumption": 0.8764680638000001, "client_name": "sta5"}
2026-04-27 17:39:42,097 - METRIC - INFO - mean_accuracy: 0.9731226861476898

2026-04-27 17:39:42,097 - METRIC - INFO - round: 46
2026-04-27 17:39:42,097 - METRIC - INFO - n_selected: 4
2026-04-27 17:39:42,097 - METRIC - INFO - {"selected_trainers": ["sta0", "sta1", "sta2", "sta5"]}
2026-04-27 17:39:48,168 - EXECUT - INFO - received weights from trainer sta0!
2026-04-27 17:39:57,169 - EXECUT - INFO - received weights from trainer sta1!
2026-04-27 17:40:08,449 - EXECUT - INFO - received weights from trainer sta2!
2026-04-27 17:40:18,258 - EXECUT - INFO - received weights from trainer sta5!
2026-04-27 17:40:19,681 - EXECUT - INFO - sent aggregated weights to trainers!
2026-04-27 17:40:30,459 - METRIC - INFO - {"loss": 0.06310635805130005, "accuracy": 0.9796348214149475, "energy_consumption": 2.434445513505736, "selected": true, "host_energy_consumption": 0.9174764040400001, "client_name": "sta1"}
2026-04-27 17:40:34,619 - METRIC - INFO - {"loss": 0.03077002614736557, "accuracy": 0.9918604493141174, "energy_consumption": 2.3785365672350602, "selected": true, "host_energy_consumption": 1.02461337076, "client_name": "sta0"}
2026-04-27 17:40:43,007 - METRIC - INFO - {"loss": 0.03283078595995903, "accuracy": 0.9929453134536743, "energy_consumption": 2.353061323027304, "selected": true, "host_energy_consumption": 0.89649103768, "client_name": "sta5"}
2026-04-27 17:40:44,689 - METRIC - INFO - {"loss": 0.3469085097312927, "accuracy": 0.8713043332099915, "energy_consumption": 2.3480542039377528, "selected": false, "host_energy_consumption": 0.8571224606000001, "client_name": "sta3"}
2026-04-27 17:40:46,418 - METRIC - INFO - {"loss": 0.1103765070438385, "accuracy": 0.9684210419654846, "energy_consumption": 2.407802781169653, "selected": false, "host_energy_consumption": 1.005193343, "client_name": "sta4"}
2026-04-27 17:40:46,575 - METRIC - INFO - {"loss": 0.02085055038332939, "accuracy": 0.9939814805984497, "energy_consumption": 2.4691660520633336, "selected": true, "host_energy_consumption": 0.8767126701200001, "client_name": "sta2"}
2026-04-27 17:40:46,710 - METRIC - INFO - mean_accuracy: 0.9663579066594442

2026-04-27 17:40:46,710 - METRIC - INFO - round: 47
2026-04-27 17:40:46,710 - METRIC - INFO - n_selected: 3
2026-04-27 17:40:46,710 - METRIC - INFO - {"selected_trainers": ["sta0", "sta3", "sta5"]}
2026-04-27 17:40:53,375 - EXECUT - INFO - received weights from trainer sta0!
2026-04-27 17:41:03,472 - EXECUT - INFO - received weights from trainer sta3!
2026-04-27 17:41:09,903 - EXECUT - INFO - received weights from trainer sta5!
2026-04-27 17:41:11,321 - EXECUT - INFO - sent aggregated weights to trainers!
2026-04-27 17:41:27,520 - METRIC - INFO - {"loss": 0.3127251863479614, "accuracy": 0.8876404762268066, "energy_consumption": 2.434445513505736, "selected": false, "host_energy_consumption": 0.92091400044, "client_name": "sta1"}
2026-04-27 17:41:29,426 - METRIC - INFO - {"loss": 0.030246354639530182, "accuracy": 0.9906976819038391, "energy_consumption": 2.451271151390018, "selected": true, "host_energy_consumption": 1.0520657932400002, "client_name": "sta0"}
2026-04-27 17:41:36,407 - METRIC - INFO - {"loss": 0.2958633303642273, "accuracy": 0.898245632648468, "energy_consumption": 2.407802781169653, "selected": false, "host_energy_consumption": 1.0082874172, "client_name": "sta4"}
2026-04-27 17:41:37,218 - METRIC - INFO - {"loss": 0.022785823792219162, "accuracy": 0.9924637675285339, "energy_consumption": 2.477563236082364, "selected": true, "host_energy_consumption": 0.90907471788, "client_name": "sta3"}
2026-04-27 17:41:38,531 - METRIC - INFO - {"loss": 0.04203985631465912, "accuracy": 0.9893518686294556, "energy_consumption": 2.4691660520633336, "selected": false, "host_energy_consumption": 0.88059923224, "client_name": "sta2"}
2026-04-27 17:41:38,858 - METRIC - INFO - {"loss": 0.03181431442499161, "accuracy": 0.9947090148925781, "energy_consumption": 2.387492213348792, "selected": true, "host_energy_consumption": 0.91649215336, "client_name": "sta5"}
2026-04-27 17:41:39,352 - METRIC - INFO - mean_accuracy: 0.9588514069716135

2026-04-27 17:41:39,352 - METRIC - INFO - round: 48
2026-04-27 17:41:39,352 - METRIC - INFO - n_selected: 3
2026-04-27 17:41:39,352 - METRIC - INFO - {"selected_trainers": ["sta1", "sta4", "sta5"]}
2026-04-27 17:41:47,084 - EXECUT - INFO - received weights from trainer sta1!
2026-04-27 17:41:54,296 - EXECUT - INFO - received weights from trainer sta4!
2026-04-27 17:42:05,808 - EXECUT - INFO - received weights from trainer sta5!
2026-04-27 17:42:07,237 - EXECUT - INFO - sent aggregated weights to trainers!
2026-04-27 17:42:25,075 - METRIC - INFO - {"loss": 0.13313575088977814, "accuracy": 0.960465133190155, "energy_consumption": 2.490390612754397, "selected": false, "host_energy_consumption": 1.05510895672, "client_name": "sta0"}
2026-04-27 17:42:25,676 - METRIC - INFO - {"loss": 0.06071268394589424, "accuracy": 0.978230357170105, "energy_consumption": 2.5249868380956997, "selected": true, "host_energy_consumption": 0.9662213674400001, "client_name": "sta1"}
2026-04-27 17:42:37,833 - METRIC - INFO - {"loss": 0.059106405824422836, "accuracy": 0.980701744556427, "energy_consumption": 2.494143351946977, "selected": true, "host_energy_consumption": 1.04399226484, "client_name": "sta4"}
2026-04-27 17:42:38,231 - METRIC - INFO - {"loss": 0.03845420479774475, "accuracy": 0.9907246232032776, "energy_consumption": 2.477563236082364, "selected": false, "host_energy_consumption": 0.91427770728, "client_name": "sta3"}
2026-04-27 17:42:38,313 - METRIC - INFO - {"loss": 0.14204736053943634, "accuracy": 0.9620370268821716, "energy_consumption": 2.4691660520633336, "selected": false, "host_energy_consumption": 0.88630090192, "client_name": "sta2"}
2026-04-27 17:42:38,552 - METRIC - INFO - {"loss": 0.03139377012848854, "accuracy": 0.9929453134536743, "energy_consumption": 2.418631769560533, "selected": true, "host_energy_consumption": 0.93731841616, "client_name": "sta5"}
2026-04-27 17:42:39,271 - METRIC - INFO - mean_accuracy: 0.9775173664093018

2026-04-27 17:42:39,271 - METRIC - INFO - round: 49
2026-04-27 17:42:39,271 - METRIC - INFO - n_selected: 3
2026-04-27 17:42:39,271 - METRIC - INFO - {"selected_trainers": ["sta2", "sta3", "sta5"]}
2026-04-27 17:42:52,419 - EXECUT - INFO - received weights from trainer sta2!
2026-04-27 17:43:01,283 - EXECUT - INFO - received weights from trainer sta3!
2026-04-27 17:43:09,197 - EXECUT - INFO - received weights from trainer sta5!
2026-04-27 17:43:10,611 - EXECUT - INFO - sent aggregated weights to trainers!
2026-04-27 17:43:24,210 - METRIC - INFO - {"loss": 0.4295967221260071, "accuracy": 0.8569767475128174, "energy_consumption": 2.490390612754397, "selected": false, "host_energy_consumption": 1.05798920304, "client_name": "sta0"}
2026-04-27 17:43:29,136 - METRIC - INFO - {"loss": 0.13946141302585602, "accuracy": 0.9536516666412354, "energy_consumption": 2.5249868380956997, "selected": false, "host_energy_consumption": 0.9696244936, "client_name": "sta1"}
2026-04-27 17:43:37,392 - METRIC - INFO - {"loss": 0.02959333546459675, "accuracy": 0.9947090148925781, "energy_consumption": 2.4960679225995923, "selected": true, "host_energy_consumption": 0.9575007862, "client_name": "sta5"}
2026-04-27 17:43:37,706 - METRIC - INFO - {"loss": 0.1844603568315506, "accuracy": 0.9447368383407593, "energy_consumption": 2.494143351946977, "selected": false, "host_energy_consumption": 1.04742490496, "client_name": "sta4"}
2026-04-27 17:43:38,182 - METRIC - INFO - {"loss": 0.022033534944057465, "accuracy": 0.9924637675285339, "energy_consumption": 2.569188323437874, "selected": true, "host_energy_consumption": 0.9677442404000001, "client_name": "sta3"}
2026-04-27 17:43:39,061 - METRIC - INFO - {"loss": 0.01939660683274269, "accuracy": 0.9944444298744202, "energy_consumption": 2.660466552663327, "selected": true, "host_energy_consumption": 0.95230037672, "client_name": "sta2"}
2026-04-27 17:43:39,642 - METRIC - INFO - mean_accuracy: 0.956163744131724

2026-04-27 17:43:39,642 - METRIC - INFO - round: 50
2026-04-27 17:43:39,642 - METRIC - INFO - n_selected: 4
2026-04-27 17:43:39,642 - METRIC - INFO - {"selected_trainers": ["sta0", "sta1", "sta4", "sta5"]}
2026-04-27 17:43:46,055 - EXECUT - INFO - received weights from trainer sta0!
2026-04-27 17:43:54,350 - EXECUT - INFO - received weights from trainer sta1!
2026-04-27 17:44:01,550 - EXECUT - INFO - received weights from trainer sta4!
2026-04-27 17:44:10,720 - EXECUT - INFO - received weights from trainer sta5!
2026-04-27 17:44:12,143 - EXECUT - INFO - sent aggregated weights to trainers!
2026-04-27 17:44:29,942 - METRIC - INFO - {"loss": 0.06040111184120178, "accuracy": 0.9810393452644348, "energy_consumption": 2.6669464637047895, "selected": true, "host_energy_consumption": 1.01477794964, "client_name": "sta1"}
2026-04-27 17:44:32,811 - METRIC - INFO - {"loss": 0.028884155675768852, "accuracy": 0.9918604493141174, "energy_consumption": 2.52281654354917, "selected": true, "host_energy_consumption": 1.08543094436, "client_name": "sta0"}
2026-04-27 17:44:35,844 - METRIC - INFO - {"loss": 0.030825411900877953, "accuracy": 0.9929453134536743, "energy_consumption": 2.564755460322245, "selected": true, "host_energy_consumption": 0.9774096682000001, "client_name": "sta5"}
2026-04-27 17:44:36,812 - METRIC - INFO - {"loss": 0.03947950154542923, "accuracy": 0.9861111044883728, "energy_consumption": 2.6985919867555497, "selected": false, "host_energy_consumption": 0.9563699023200001, "client_name": "sta2"}
2026-04-27 17:44:37,515 - METRIC - INFO - {"loss": 0.057834792882204056, "accuracy": 0.9833333492279053, "energy_consumption": 2.6167378441242195, "selected": true, "host_energy_consumption": 1.08331035736, "client_name": "sta4"}
2026-04-27 17:44:50,935 - METRIC - INFO - {"loss": 0.044758252799510956, "accuracy": 0.9878261089324951, "energy_consumption": 2.569188323437874, "selected": false, "host_energy_consumption": 0.97121781064, "client_name": "sta3"}
2026-04-27 17:44:51,184 - METRIC - INFO - mean_accuracy: 0.9871859451135

2026-04-27 17:44:51,184 - METRIC - INFO - round: 51
2026-04-27 17:44:51,184 - METRIC - INFO - n_selected: 3
2026-04-27 17:44:51,184 - METRIC - INFO - {"selected_trainers": ["sta0", "sta3", "sta5"]}
2026-04-27 17:44:56,602 - EXECUT - INFO - received weights from trainer sta0!
2026-04-27 17:45:08,162 - EXECUT - INFO - received weights from trainer sta3!
2026-04-27 17:45:14,607 - EXECUT - INFO - received weights from trainer sta5!
2026-04-27 17:45:16,025 - EXECUT - INFO - sent aggregated weights to trainers!
2026-04-27 17:45:27,590 - METRIC - INFO - {"loss": 0.1565503627061844, "accuracy": 0.9480336904525757, "energy_consumption": 2.7021045496225042, "selected": false, "host_energy_consumption": 1.01916240636, "client_name": "sta1"}
2026-04-27 17:45:32,854 - METRIC - INFO - {"loss": 0.026715805754065514, "accuracy": 0.9930232763290405, "energy_consumption": 2.6067585985433945, "selected": true, "host_energy_consumption": 1.11308408652, "client_name": "sta0"}
2026-04-27 17:45:39,224 - METRIC - INFO - {"loss": 0.028732793405652046, "accuracy": 0.9929453134536743, "energy_consumption": 2.647657781804141, "selected": true, "host_energy_consumption": 0.99735802768, "client_name": "sta5"}
2026-04-27 17:45:40,920 - METRIC - INFO - {"loss": 0.14176376163959503, "accuracy": 0.9560185074806213, "energy_consumption": 2.733025800279923, "selected": false, "host_energy_consumption": 0.9603768622000001, "client_name": "sta2"}
2026-04-27 17:45:43,183 - METRIC - INFO - {"loss": 0.02169359102845192, "accuracy": 0.9930434823036194, "energy_consumption": 2.7015963160693164, "selected": true, "host_energy_consumption": 1.02310504128, "client_name": "sta3"}
2026-04-27 17:45:43,391 - METRIC - INFO - {"loss": 0.1424710601568222, "accuracy": 0.9552631378173828, "energy_consumption": 2.6167378441242195, "selected": false, "host_energy_consumption": 1.08675302904, "client_name": "sta4"}
2026-04-27 17:45:44,054 - METRIC - INFO - mean_accuracy: 0.973054567972819

2026-04-27 17:45:44,054 - METRIC - INFO - round: 52
2026-04-27 17:45:44,054 - METRIC - INFO - n_selected: 3
2026-04-27 17:45:44,054 - METRIC - INFO - {"selected_trainers": ["sta0", "sta4", "sta5"]}
2026-04-27 17:45:49,908 - EXECUT - INFO - received weights from trainer sta0!
2026-04-27 17:45:59,727 - EXECUT - INFO - received weights from trainer sta4!
2026-04-27 17:46:06,716 - EXECUT - INFO - received weights from trainer sta5!
2026-04-27 17:46:08,145 - EXECUT - INFO - sent aggregated weights to trainers!
2026-04-27 17:46:23,528 - METRIC - INFO - {"loss": 0.029167624190449715, "accuracy": 0.9918604493141174, "energy_consumption": 2.639815535822877, "selected": true, "host_energy_consumption": 1.1411815632, "client_name": "sta0"}
2026-04-27 17:46:23,528 - METRIC - INFO - {"loss": 0.8193936347961426, "accuracy": 0.7373595237731934, "energy_consumption": 2.7021045496225042, "selected": false, "host_energy_consumption": 1.0232665044, "client_name": "sta1"}
2026-04-27 17:46:32,998 - METRIC - INFO - {"loss": 0.0540388785302639, "accuracy": 0.9824561476707458, "energy_consumption": 2.7333108197140947, "selected": true, "host_energy_consumption": 1.1226284496, "client_name": "sta4"}
2026-04-27 17:46:33,995 - METRIC - INFO - {"loss": 0.034144509583711624, "accuracy": 0.9924637675285339, "energy_consumption": 2.7015963160693164, "selected": false, "host_energy_consumption": 1.02762522492, "client_name": "sta3"}
2026-04-27 17:46:34,070 - METRIC - INFO - {"loss": 0.16071949899196625, "accuracy": 0.9541666507720947, "energy_consumption": 2.733025800279923, "selected": false, "host_energy_consumption": 0.96526721144, "client_name": "sta2"}
2026-04-27 17:46:35,224 - METRIC - INFO - {"loss": 0.030811646953225136, "accuracy": 0.9929453134536743, "energy_consumption": 2.683400457432568, "selected": true, "host_energy_consumption": 1.01709413176, "client_name": "sta5"}
2026-04-27 17:46:36,174 - METRIC - INFO - mean_accuracy: 0.9418753087520599

2026-04-27 17:46:36,174 - METRIC - INFO - round: 53
2026-04-27 17:46:36,174 - METRIC - INFO - n_selected: 2
2026-04-27 17:46:36,174 - METRIC - INFO - {"selected_trainers": ["sta0", "sta5"]}
2026-04-27 17:46:40,707 - EXECUT - INFO - received weights from trainer sta0!
2026-04-27 17:46:51,929 - EXECUT - INFO - received weights from trainer sta5!
2026-04-27 17:46:53,348 - EXECUT - INFO - sent aggregated weights to trainers!
2026-04-27 17:47:06,757 - METRIC - INFO - {"loss": 0.6881467700004578, "accuracy": 0.7808988690376282, "energy_consumption": 2.7021045496225042, "selected": false, "host_energy_consumption": 1.02664860984, "client_name": "sta1"}
2026-04-27 17:47:09,543 - METRIC - INFO - {"loss": 0.025821415707468987, "accuracy": 0.9930232763290405, "energy_consumption": 2.6713866467493554, "selected": true, "host_energy_consumption": 1.16834885916, "client_name": "sta0"}
2026-04-27 17:47:16,494 - METRIC - INFO - {"loss": 0.028196556493639946, "accuracy": 0.9929453134536743, "energy_consumption": 2.762713007885238, "selected": true, "host_energy_consumption": 1.0369607679200001, "client_name": "sta5"}
2026-04-27 17:47:23,629 - METRIC - INFO - {"loss": 0.2502598464488983, "accuracy": 0.9200000166893005, "energy_consumption": 2.7015963160693164, "selected": false, "host_energy_consumption": 1.03192999196, "client_name": "sta3"}
2026-04-27 17:47:23,701 - METRIC - INFO - {"loss": 0.11156367510557175, "accuracy": 0.9684210419654846, "energy_consumption": 2.7333108197140947, "selected": false, "host_energy_consumption": 1.12784362376, "client_name": "sta4"}
2026-04-27 17:47:23,917 - METRIC - INFO - {"loss": 0.14680218696594238, "accuracy": 0.9541666507720947, "energy_consumption": 2.733025800279923, "selected": false, "host_energy_consumption": 0.9704555210000001, "client_name": "sta2"}
2026-04-27 17:47:24,381 - METRIC - INFO - mean_accuracy: 0.9349091947078705

2026-04-27 17:47:24,381 - METRIC - INFO - round: 54
2026-04-27 17:47:24,381 - METRIC - INFO - n_selected: 3
2026-04-27 17:47:24,381 - METRIC - INFO - {"selected_trainers": ["sta0", "sta1", "sta3"]}
2026-04-27 17:47:29,906 - EXECUT - INFO - received weights from trainer sta0!
2026-04-27 17:48:32,760 - EXECUT - INFO - received weights from trainer sta1!
2026-04-27 17:48:41,690 - EXECUT - INFO - received weights from trainer sta3!
2026-04-27 17:48:42,032 - EXECUT - INFO - sent aggregated weights to trainers!
2026-04-27 17:48:59,098 - METRIC - INFO - {"loss": 0.05608966946601868, "accuracy": 0.9796348214149475, "energy_consumption": 2.849231282057417, "selected": true, "host_energy_consumption": 1.0716256824000001, "client_name": "sta1"}
2026-04-27 17:49:07,802 - METRIC - INFO - {"loss": 0.02628493681550026, "accuracy": 0.9918604493141174, "energy_consumption": 2.71144426072327, "selected": true, "host_energy_consumption": 1.1959685393600001, "client_name": "sta0"}
2026-04-27 17:49:07,939 - METRIC - INFO - {"loss": 0.020584650337696075, "accuracy": 0.9924637675285339, "energy_consumption": 2.834353962868821, "selected": true, "host_energy_consumption": 1.0844070258, "client_name": "sta3"}
2026-04-27 17:49:08,509 - METRIC - INFO - {"loss": 0.09056588262319565, "accuracy": 0.9735449552536011, "energy_consumption": 2.762713007885238, "selected": false, "host_energy_consumption": 1.03939717532, "client_name": "sta5"}
2026-04-27 17:49:09,110 - METRIC - INFO - {"loss": 0.569112241268158, "accuracy": 0.7684210538864136, "energy_consumption": 2.7333108197140947, "selected": false, "host_energy_consumption": 1.1308927688800001, "client_name": "sta4"}
2026-04-27 17:49:09,477 - METRIC - INFO - {"loss": 0.5249857902526855, "accuracy": 0.7847222089767456, "energy_consumption": 2.733025800279923, "selected": false, "host_energy_consumption": 0.97463296868, "client_name": "sta2"}
2026-04-27 17:49:10,061 - METRIC - INFO - mean_accuracy: 0.9151078760623932

2026-04-27 17:49:10,061 - METRIC - INFO - round: 55
2026-04-27 17:49:10,061 - METRIC - INFO - n_selected: 4
2026-04-27 17:49:10,061 - METRIC - INFO - {"selected_trainers": ["sta0", "sta2", "sta4", "sta5"]}
2026-04-27 17:49:16,007 - EXECUT - INFO - received weights from trainer sta0!
2026-04-27 17:49:28,559 - EXECUT - INFO - received weights from trainer sta2!
2026-04-27 17:49:40,372 - EXECUT - INFO - received weights from trainer sta4!
2026-04-27 17:49:48,617 - EXECUT - INFO - received weights from trainer sta5!
2026-04-27 17:49:50,022 - EXECUT - INFO - sent aggregated weights to trainers!
2026-04-27 17:50:10,252 - METRIC - INFO - {"loss": 0.2992470860481262, "accuracy": 0.8925561904907227, "energy_consumption": 2.849231282057417, "selected": false, "host_energy_consumption": 1.0749978929200001, "client_name": "sta1"}
2026-04-27 17:50:13,375 - METRIC - INFO - {"loss": 0.02724316343665123, "accuracy": 0.9930232763290405, "energy_consumption": 2.745398276353172, "selected": true, "host_energy_consumption": 1.22319518832, "client_name": "sta0"}
2026-04-27 17:50:20,518 - METRIC - INFO - {"loss": 0.05305066704750061, "accuracy": 0.9895651936531067, "energy_consumption": 2.834353962868821, "selected": false, "host_energy_consumption": 1.0882559735600001, "client_name": "sta3"}
2026-04-27 17:50:20,731 - METRIC - INFO - {"loss": 0.055853649973869324, "accuracy": 0.9833333492279053, "energy_consumption": 2.8128332208455222, "selected": true, "host_energy_consumption": 1.16744007492, "client_name": "sta4"}
2026-04-27 17:50:21,391 - METRIC - INFO - {"loss": 0.027033448219299316, "accuracy": 0.9929453134536743, "energy_consumption": 2.8384433552091357, "selected": true, "host_energy_consumption": 1.0594165772400002, "client_name": "sta5"}
2026-04-27 17:50:21,811 - METRIC - INFO - {"loss": 0.01915181614458561, "accuracy": 0.9944444298744202, "energy_consumption": 2.879912640920641, "selected": true, "host_energy_consumption": 1.0409139636, "client_name": "sta2"}
2026-04-27 17:50:22,056 - METRIC - INFO - mean_accuracy: 0.9743112921714783

2026-04-27 17:50:22,056 - METRIC - INFO - round: 56
2026-04-27 17:50:22,056 - METRIC - INFO - n_selected: 2
2026-04-27 17:50:22,056 - METRIC - INFO - {"selected_trainers": ["sta0", "sta4"]}
2026-04-27 17:50:29,054 - EXECUT - INFO - received weights from trainer sta0!
2026-04-27 17:50:41,019 - EXECUT - INFO - received weights from trainer sta4!
2026-04-27 17:50:41,436 - EXECUT - INFO - sent aggregated weights to trainers!
2026-04-27 17:50:59,536 - METRIC - INFO - {"loss": 0.8628336787223816, "accuracy": 0.7268258333206177, "energy_consumption": 2.849231282057417, "selected": false, "host_energy_consumption": 1.0783504505200001, "client_name": "sta1"}
2026-04-27 17:51:01,238 - METRIC - INFO - {"loss": 0.024690764024853706, "accuracy": 0.9930232763290405, "energy_consumption": 2.777759389614517, "selected": true, "host_energy_consumption": 1.25039432252, "client_name": "sta0"}
2026-04-27 17:51:05,145 - METRIC - INFO - {"loss": 0.3261522948741913, "accuracy": 0.8853615522384644, "energy_consumption": 2.8384433552091357, "selected": false, "host_energy_consumption": 1.0623424537600001, "client_name": "sta5"}
2026-04-27 17:51:05,503 - METRIC - INFO - {"loss": 0.09821245819330215, "accuracy": 0.9768115878105164, "energy_consumption": 2.871350776780932, "selected": false, "host_energy_consumption": 1.0921907976, "client_name": "sta3"}
2026-04-27 17:51:06,902 - METRIC - INFO - {"loss": 0.034959763288497925, "accuracy": 0.989814817905426, "energy_consumption": 2.9184490178886806, "selected": false, "host_energy_consumption": 1.0451035963200002, "client_name": "sta2"}
2026-04-27 17:51:07,057 - METRIC - INFO - {"loss": 0.057832036167383194, "accuracy": 0.980701744556427, "energy_consumption": 2.848843904425084, "selected": true, "host_energy_consumption": 1.20402497936, "client_name": "sta4"}
2026-04-27 17:51:07,462 - METRIC - INFO - mean_accuracy: 0.925423135360082

2026-04-27 17:51:07,462 - METRIC - INFO - round: 57
2026-04-27 17:51:07,462 - METRIC - INFO - n_selected: 4
2026-04-27 17:51:07,462 - METRIC - INFO - {"selected_trainers": ["sta0", "sta1", "sta4", "sta5"]}
2026-04-27 17:51:13,557 - EXECUT - INFO - received weights from trainer sta0!
2026-04-27 17:51:19,223 - EXECUT - INFO - received weights from trainer sta1!
2026-04-27 17:51:31,087 - EXECUT - INFO - received weights from trainer sta4!
2026-04-27 17:51:40,255 - EXECUT - INFO - received weights from trainer sta5!
2026-04-27 17:51:41,658 - EXECUT - INFO - sent aggregated weights to trainers!
2026-04-27 17:51:54,719 - METRIC - INFO - {"loss": 0.02498020976781845, "accuracy": 0.9930232763290405, "energy_consumption": 2.855532198980428, "selected": true, "host_energy_consumption": 1.27774340288, "client_name": "sta0"}
2026-04-27 17:51:56,597 - METRIC - INFO - {"loss": 0.05590696632862091, "accuracy": 0.9810393452644348, "energy_consumption": 2.94755770949628, "selected": true, "host_energy_consumption": 1.12366436308, "client_name": "sta1"}
2026-04-27 17:52:08,089 - METRIC - INFO - {"loss": 0.3059633672237396, "accuracy": 0.8944927453994751, "energy_consumption": 2.9101368483665513, "selected": false, "host_energy_consumption": 1.0957985911600001, "client_name": "sta3"}
2026-04-27 17:52:08,797 - METRIC - INFO - {"loss": 0.05122730880975723, "accuracy": 0.9833333492279053, "energy_consumption": 2.9297996541389923, "selected": true, "host_energy_consumption": 1.2396051054800001, "client_name": "sta4"}
2026-04-27 17:52:09,240 - METRIC - INFO - {"loss": 0.026695752516388893, "accuracy": 0.9929453134536743, "energy_consumption": 2.8736311675091875, "selected": true, "host_energy_consumption": 1.0822924708400001, "client_name": "sta5"}
2026-04-27 17:52:09,960 - METRIC - INFO - {"loss": 0.159730926156044, "accuracy": 0.9481481313705444, "energy_consumption": 2.9184490178886806, "selected": false, "host_energy_consumption": 1.0488670094, "client_name": "sta2"}
2026-04-27 17:52:10,689 - METRIC - INFO - mean_accuracy: 0.9654970268408457

2026-04-27 17:52:10,689 - METRIC - INFO - round: 58
2026-04-27 17:52:10,689 - METRIC - INFO - n_selected: 2
2026-04-27 17:52:10,689 - METRIC - INFO - {"selected_trainers": ["sta0", "sta5"]}
2026-04-27 17:52:16,406 - EXECUT - INFO - received weights from trainer sta0!
2026-04-27 17:52:22,721 - EXECUT - INFO - received weights from trainer sta5!
2026-04-27 17:52:24,143 - EXECUT - INFO - sent aggregated weights to trainers!
2026-04-27 17:52:36,811 - METRIC - INFO - {"loss": 0.026643062010407448, "accuracy": 0.9918604493141174, "energy_consumption": 2.8874354693653723, "selected": true, "host_energy_consumption": 1.30488427832, "client_name": "sta0"}
2026-04-27 17:52:40,756 - METRIC - INFO - {"loss": 0.17312288284301758, "accuracy": 0.9375, "energy_consumption": 2.980839095983768, "selected": false, "host_energy_consumption": 1.12725780104, "client_name": "sta1"}
2026-04-27 17:52:43,925 - METRIC - INFO - {"loss": 0.10925914347171783, "accuracy": 0.9649122953414917, "energy_consumption": 2.9297996541389923, "selected": false, "host_energy_consumption": 1.2427831928400002, "client_name": "sta4"}
2026-04-27 17:52:45,575 - METRIC - INFO - {"loss": 0.42563745379447937, "accuracy": 0.8579710125923157, "energy_consumption": 2.9101368483665513, "selected": false, "host_energy_consumption": 1.0993213803600002, "client_name": "sta3"}
2026-04-27 17:52:53,011 - METRIC - INFO - {"loss": 0.16062255203723907, "accuracy": 0.949999988079071, "energy_consumption": 2.9184490178886806, "selected": false, "host_energy_consumption": 1.05351220464, "client_name": "sta2"}
2026-04-27 17:52:58,185 - METRIC - INFO - {"loss": 0.026065748184919357, "accuracy": 0.9929453134536743, "energy_consumption": 2.948628936982927, "selected": true, "host_energy_consumption": 1.1024287498, "client_name": "sta5"}
2026-04-27 17:52:59,180 - METRIC - INFO - mean_accuracy: 0.9491981764634451

2026-04-27 17:52:59,180 - METRIC - INFO - round: 59
2026-04-27 17:52:59,180 - METRIC - INFO - n_selected: 3
2026-04-27 17:52:59,180 - METRIC - INFO - {"selected_trainers": ["sta0", "sta2", "sta3"]}
2026-04-27 17:53:04,758 - EXECUT - INFO - received weights from trainer sta0!
2026-04-27 17:53:15,843 - EXECUT - INFO - received weights from trainer sta2!
2026-04-27 17:53:24,339 - EXECUT - INFO - received weights from trainer sta3!
2026-04-27 17:53:24,699 - EXECUT - INFO - sent aggregated weights to trainers!
2026-04-27 17:53:41,320 - METRIC - INFO - {"loss": 0.8379610776901245, "accuracy": 0.6748595237731934, "energy_consumption": 3.023779425129945, "selected": false, "host_energy_consumption": 1.1309466859600001, "client_name": "sta1"}
2026-04-27 17:53:43,155 - METRIC - INFO - {"loss": 0.023999083787202835, "accuracy": 0.9930232763290405, "energy_consumption": 2.920412068636737, "selected": true, "host_energy_consumption": 1.3319473269200002, "client_name": "sta0"}
2026-04-27 17:53:45,560 - METRIC - INFO - {"loss": 0.09038303792476654, "accuracy": 0.971781313419342, "energy_consumption": 2.948628936982927, "selected": false, "host_energy_consumption": 1.10494296724, "client_name": "sta5"}
2026-04-27 17:53:47,249 - METRIC - INFO - {"loss": 0.02030027285218239, "accuracy": 0.9936231970787048, "energy_consumption": 3.044369051530768, "selected": true, "host_energy_consumption": 1.1517302426, "client_name": "sta3"}
2026-04-27 17:53:47,341 - METRIC - INFO - {"loss": 0.5191766619682312, "accuracy": 0.7938596606254578, "energy_consumption": 2.9297996541389923, "selected": false, "host_energy_consumption": 1.2464658396400001, "client_name": "sta4"}
2026-04-27 17:53:50,131 - METRIC - INFO - {"loss": 0.018282320350408554, "accuracy": 0.9939814805984497, "energy_consumption": 3.060953325687213, "selected": true, "host_energy_consumption": 1.11927580576, "client_name": "sta2"}
2026-04-27 17:53:50,727 - METRIC - INFO - mean_accuracy: 0.9035214086373647

2026-04-27 17:53:50,727 - METRIC - INFO - round: 60
2026-04-27 17:53:50,727 - METRIC - INFO - n_selected: 3
2026-04-27 17:53:50,727 - METRIC - INFO - {"selected_trainers": ["sta0", "sta4", "sta5"]}
2026-04-27 17:53:57,249 - EXECUT - INFO - received weights from trainer sta0!
2026-04-27 17:54:08,670 - EXECUT - INFO - received weights from trainer sta4!
2026-04-27 17:54:14,984 - EXECUT - INFO - received weights from trainer sta5!
2026-04-27 17:54:16,398 - EXECUT - INFO - sent aggregated weights to trainers!
2026-04-27 17:54:28,120 - METRIC - INFO - {"loss": 0.025279279798269272, "accuracy": 0.9930232763290405, "energy_consumption": 3.0018118050228404, "selected": true, "host_energy_consumption": 1.35914926392, "client_name": "sta0"}
2026-04-27 17:54:32,961 - METRIC - INFO - {"loss": 1.3026597499847412, "accuracy": 0.6327247023582458, "energy_consumption": 3.023779425129945, "selected": false, "host_energy_consumption": 1.1342620730000001, "client_name": "sta1"}
2026-04-27 17:54:42,501 - METRIC - INFO - {"loss": 0.04899222031235695, "accuracy": 0.9860869646072388, "energy_consumption": 3.084110361918295, "selected": false, "host_energy_consumption": 1.1553523405200001, "client_name": "sta3"}
2026-04-27 17:54:43,654 - METRIC - INFO - {"loss": 0.02539861761033535, "accuracy": 0.9929453134536743, "energy_consumption": 2.987096780023662, "selected": true, "host_energy_consumption": 1.12519569596, "client_name": "sta5"}
2026-04-27 17:54:44,711 - METRIC - INFO - {"loss": 0.05098584666848183, "accuracy": 0.9833333492279053, "energy_consumption": 3.010711806960319, "selected": true, "host_energy_consumption": 1.28200616348, "client_name": "sta4"}
2026-04-27 17:54:45,132 - METRIC - INFO - {"loss": 0.05479472875595093, "accuracy": 0.9837962985038757, "energy_consumption": 3.060953325687213, "selected": false, "host_energy_consumption": 1.1235020792800001, "client_name": "sta2"}
2026-04-27 17:54:45,429 - METRIC - INFO - mean_accuracy: 0.9286516507466634

2026-04-27 17:54:45,435 - METRIC - INFO - stop_condition: rounds
