2026-04-26 03:43:30,936 - EXECUT - INFO - starting server...
2026-04-26 03:43:39,474 - EXECUT - INFO - trainer number sta5 just joined the pool
2026-04-26 03:43:39,479 - EXECUT - INFO - trainer number sta0 just joined the pool
2026-04-26 03:43:39,649 - EXECUT - INFO - trainer number sta4 just joined the pool
2026-04-26 03:43:39,977 - EXECUT - INFO - trainer number sta1 just joined the pool
2026-04-26 03:43:40,070 - EXECUT - INFO - trainer number sta2 just joined the pool
2026-04-26 03:43:40,112 - EXECUT - INFO - trainer number sta3 just joined the pool
2026-04-26 03:43:40,957 - EXECUT - INFO - mensagem de data_sz recebida: 
 {'id': 'sta0', 'dataset_sz': 259700928}
2026-04-26 03:43:40,958 - EXECUT - INFO - mensagem de data_sz recebida: 
 {'id': 'sta1', 'dataset_sz': 519401856}
2026-04-26 03:43:40,999 - EXECUT - INFO - mensagem de data_sz recebida: 
 {'id': 'sta2', 'dataset_sz': 649277568}
2026-04-26 03:43:41,000 - EXECUT - INFO - mensagem de data_sz recebida: 
 {'id': 'sta4', 'dataset_sz': 346301568}
2026-04-26 03:43:41,000 - EXECUT - INFO - mensagem de data_sz recebida: 
 {'id': 'sta5', 'dataset_sz': 173150784}
2026-04-26 03:43:41,000 - EXECUT - INFO - mensagem de data_sz recebida: 
 {'id': 'sta3', 'dataset_sz': 649277568}
2026-04-26 03:43:41,957 - METRIC - INFO - round: 1
2026-04-26 03:43:41,957 - METRIC - INFO - n_selected: 3
2026-04-26 03:43:41,957 - METRIC - INFO - {"selected_trainers": ["sta2", "sta4", "sta5"]}
2026-04-26 03:44:04,927 - EXECUT - INFO - received weights from trainer sta2!
2026-04-26 03:44:22,078 - EXECUT - INFO - received weights from trainer sta4!
2026-04-26 03:44:32,710 - EXECUT - INFO - received weights from trainer sta5!
2026-04-26 03:44:34,153 - EXECUT - INFO - sent aggregated weights to trainers!
2026-04-26 03:44:52,278 - METRIC - INFO - {"loss": 2.3123433589935303, "accuracy": 0.14469078183174133, "energy_consumption": 0.0, "selected": false, "host_energy_consumption": 0.0030437789200000002, "client_name": "sta0"}
2026-04-26 03:44:52,779 - METRIC - INFO - {"loss": 2.3095693588256836, "accuracy": 0.12310384958982468, "energy_consumption": 0.03720128551608326, "selected": false, "host_energy_consumption": 0.004016803560000001, "client_name": "sta1"}
2026-04-26 03:44:54,214 - METRIC - INFO - {"loss": 2.303212881088257, "accuracy": 0.12418300658464432, "energy_consumption": 0.0, "selected": false, "host_energy_consumption": 0.0038990890400000004, "client_name": "sta3"}
2026-04-26 03:44:57,239 - METRIC - INFO - {"loss": 0.38260897994041443, "accuracy": 0.9045534133911133, "energy_consumption": 0.24179683551038889, "selected": true, "host_energy_consumption": 0.11624692184, "client_name": "sta4"}
2026-04-26 03:44:59,222 - METRIC - INFO - {"loss": 0.5177080035209656, "accuracy": 0.8809106945991516, "energy_consumption": 0.15198582682512796, "selected": true, "host_energy_consumption": 0.06278965112, "client_name": "sta5"}
2026-04-26 03:45:09,376 - METRIC - INFO - {"loss": 0.2748030722141266, "accuracy": 0.9248365759849548, "energy_consumption": 0.6119028960804833, "selected": true, "host_energy_consumption": 0.21286981408000002, "client_name": "sta2"}
2026-04-26 03:45:10,196 - METRIC - INFO - mean_accuracy: 0.517046386996905

2026-04-26 03:45:10,196 - METRIC - INFO - round: 2
2026-04-26 03:45:10,196 - METRIC - INFO - n_selected: 4
2026-04-26 03:45:10,197 - METRIC - INFO - {"selected_trainers": ["sta0", "sta1", "sta3", "sta5"]}
2026-04-26 03:45:21,627 - EXECUT - INFO - received weights from trainer sta0!
2026-04-26 03:45:39,190 - EXECUT - INFO - received weights from trainer sta1!
2026-04-26 03:46:05,564 - EXECUT - INFO - received weights from trainer sta3!
2026-04-26 03:46:16,613 - EXECUT - INFO - received weights from trainer sta5!
2026-04-26 03:46:18,048 - EXECUT - INFO - sent aggregated weights to trainers!
2026-04-26 03:46:36,190 - METRIC - INFO - {"loss": 0.2847479581832886, "accuracy": 0.9078179597854614, "energy_consumption": 0.5402560501834217, "selected": true, "host_energy_consumption": 0.1775079418, "client_name": "sta1"}
2026-04-26 03:46:39,870 - METRIC - INFO - {"loss": 0.36512064933776855, "accuracy": 0.9066510796546936, "energy_consumption": 0.20454244911582764, "selected": true, "host_energy_consumption": 0.0909773284, "client_name": "sta0"}
2026-04-26 03:46:42,865 - METRIC - INFO - {"loss": 1.4603511095046997, "accuracy": 0.8090569376945496, "energy_consumption": 0.6436091785151721, "selected": false, "host_energy_consumption": 0.2171808016, "client_name": "sta2"}
2026-04-26 03:46:43,731 - METRIC - INFO - {"loss": 0.40517565608024597, "accuracy": 0.900175154209137, "energy_consumption": 0.27246782407692227, "selected": true, "host_energy_consumption": 0.12020168916, "client_name": "sta5"}
2026-04-26 03:46:56,720 - METRIC - INFO - {"loss": 1.4676547050476074, "accuracy": 0.7968476414680481, "energy_consumption": 0.24179683551038889, "selected": false, "host_energy_consumption": 0.11913058668000001, "client_name": "sta4"}
2026-04-26 03:46:57,482 - METRIC - INFO - {"loss": 0.26422733068466187, "accuracy": 0.926237165927887, "energy_consumption": 0.560563028775261, "selected": true, "host_energy_consumption": 0.21488519668, "client_name": "sta3"}
2026-04-26 03:46:58,090 - METRIC - INFO - mean_accuracy: 0.8744643231232961

2026-04-26 03:46:58,090 - METRIC - INFO - round: 3
2026-04-26 03:46:58,090 - METRIC - INFO - n_selected: 3
2026-04-26 03:46:58,090 - METRIC - INFO - {"selected_trainers": ["sta0", "sta4", "sta5"]}
2026-04-26 03:47:10,198 - EXECUT - INFO - received weights from trainer sta0!
2026-04-26 03:47:29,122 - EXECUT - INFO - received weights from trainer sta4!
2026-04-26 03:47:38,609 - EXECUT - INFO - received weights from trainer sta5!
2026-04-26 03:47:40,022 - EXECUT - INFO - sent aggregated weights to trainers!
2026-04-26 03:47:53,600 - METRIC - INFO - {"loss": 0.2913897633552551, "accuracy": 0.9054842591285706, "energy_consumption": 0.5402560501834217, "selected": false, "host_energy_consumption": 0.18126945788, "client_name": "sta1"}
2026-04-26 03:47:55,073 - METRIC - INFO - {"loss": 0.25245600938796997, "accuracy": 0.9218202829360962, "energy_consumption": 0.4129423020756007, "selected": true, "host_energy_consumption": 0.17326997912, "client_name": "sta0"}
2026-04-26 03:48:00,161 - METRIC - INFO - {"loss": 0.2940496802330017, "accuracy": 0.9234360456466675, "energy_consumption": 0.5914059808314778, "selected": false, "host_energy_consumption": 0.2189094516, "client_name": "sta3"}
2026-04-26 03:48:10,016 - METRIC - INFO - {"loss": 0.2518588900566101, "accuracy": 0.9194395542144775, "energy_consumption": 0.3898594427137667, "selected": true, "host_energy_consumption": 0.17800267408, "client_name": "sta5"}
2026-04-26 03:48:10,150 - METRIC - INFO - {"loss": 0.29015952348709106, "accuracy": 0.9239028692245483, "energy_consumption": 0.6436091785151721, "selected": false, "host_energy_consumption": 0.221664772, "client_name": "sta2"}
2026-04-26 03:48:18,108 - METRIC - INFO - {"loss": 0.23479361832141876, "accuracy": 0.9343257546424866, "energy_consumption": 0.47835579057603284, "selected": true, "host_energy_consumption": 0.22927212588, "client_name": "sta4"}
2026-04-26 03:48:19,063 - METRIC - INFO - mean_accuracy: 0.9214014609654745

2026-04-26 03:48:19,063 - METRIC - INFO - round: 4
2026-04-26 03:48:19,063 - METRIC - INFO - n_selected: 3
2026-04-26 03:48:19,063 - METRIC - INFO - {"selected_trainers": ["sta0", "sta4", "sta5"]}
2026-04-26 03:48:30,472 - EXECUT - INFO - received weights from trainer sta0!
2026-04-26 03:48:52,055 - EXECUT - INFO - received weights from trainer sta4!
2026-04-26 03:49:02,947 - EXECUT - INFO - received weights from trainer sta5!
2026-04-26 03:49:04,361 - EXECUT - INFO - sent aggregated weights to trainers!
2026-04-26 03:49:25,672 - METRIC - INFO - {"loss": 0.2166566550731659, "accuracy": 0.9323220252990723, "energy_consumption": 0.5795639206367391, "selected": true, "host_energy_consumption": 0.25792772124, "client_name": "sta0"}
2026-04-26 03:49:25,943 - METRIC - INFO - {"loss": 0.24457618594169617, "accuracy": 0.917736291885376, "energy_consumption": 0.5402560501834217, "selected": false, "host_energy_consumption": 0.18558940064, "client_name": "sta1"}
2026-04-26 03:49:31,369 - METRIC - INFO - {"loss": 0.25078362226486206, "accuracy": 0.9318394064903259, "energy_consumption": 0.5914059808314778, "selected": false, "host_energy_consumption": 0.22321068112, "client_name": "sta3"}
2026-04-26 03:49:31,565 - METRIC - INFO - {"loss": 0.21201272308826447, "accuracy": 0.9316987991333008, "energy_consumption": 0.5077904836823504, "selected": true, "host_energy_consumption": 0.23601957176000002, "client_name": "sta5"}
2026-04-26 03:49:33,896 - METRIC - INFO - {"loss": 0.24180880188941956, "accuracy": 0.9346405267715454, "energy_consumption": 0.6766782107651501, "selected": false, "host_energy_consumption": 0.22557966956, "client_name": "sta2"}
2026-04-26 03:49:47,190 - METRIC - INFO - {"loss": 0.20602548122406006, "accuracy": 0.9439579844474792, "energy_consumption": 0.7539962451076009, "selected": true, "host_energy_consumption": 0.34082899116000004, "client_name": "sta4"}
2026-04-26 03:49:47,405 - METRIC - INFO - mean_accuracy: 0.9320325056711832

2026-04-26 03:49:47,405 - METRIC - INFO - round: 5
2026-04-26 03:49:47,405 - METRIC - INFO - n_selected: 4
2026-04-26 03:49:47,405 - METRIC - INFO - {"selected_trainers": ["sta0", "sta1", "sta3", "sta5"]}
2026-04-26 03:49:58,525 - EXECUT - INFO - received weights from trainer sta0!
2026-04-26 03:50:18,865 - EXECUT - INFO - received weights from trainer sta1!
2026-04-26 03:50:42,943 - EXECUT - INFO - received weights from trainer sta3!
2026-04-26 03:50:55,416 - EXECUT - INFO - received weights from trainer sta5!
2026-04-26 03:50:56,827 - EXECUT - INFO - sent aggregated weights to trainers!
2026-04-26 03:51:13,706 - METRIC - INFO - {"loss": 0.19009633362293243, "accuracy": 0.9439906477928162, "energy_consumption": 0.7895483959412517, "selected": true, "host_energy_consumption": 0.34099814616, "client_name": "sta0"}
2026-04-26 03:51:14,058 - METRIC - INFO - {"loss": 0.16711236536502838, "accuracy": 0.9457409381866455, "energy_consumption": 1.015880256288947, "selected": true, "host_energy_consumption": 0.3542993762, "client_name": "sta1"}
2026-04-26 03:51:15,588 - METRIC - INFO - {"loss": 0.17130959033966064, "accuracy": 0.9519140720367432, "energy_consumption": 1.1001394732325553, "selected": true, "host_energy_consumption": 0.429887493, "client_name": "sta3"}
2026-04-26 03:51:18,784 - METRIC - INFO - {"loss": 0.18330559134483337, "accuracy": 0.9387040138244629, "energy_consumption": 0.6663772221198283, "selected": true, "host_energy_consumption": 0.29356400444, "client_name": "sta5"}
2026-04-26 03:51:19,116 - METRIC - INFO - {"loss": 0.20736634731292725, "accuracy": 0.9435107111930847, "energy_consumption": 0.6766782107651501, "selected": false, "host_energy_consumption": 0.22978099172000002, "client_name": "sta2"}
2026-04-26 03:51:27,584 - METRIC - INFO - {"loss": 0.207044318318367, "accuracy": 0.9404553174972534, "energy_consumption": 0.7539962451076009, "selected": false, "host_energy_consumption": 0.34367770724, "client_name": "sta4"}
2026-04-26 03:51:27,860 - METRIC - INFO - mean_accuracy: 0.9440526167551676

2026-04-26 03:51:27,860 - METRIC - INFO - round: 6
2026-04-26 03:51:27,860 - METRIC - INFO - n_selected: 4
2026-04-26 03:51:27,860 - METRIC - INFO - {"selected_trainers": ["sta0", "sta2", "sta4", "sta5"]}
2026-04-26 03:51:38,700 - EXECUT - INFO - received weights from trainer sta0!
2026-04-26 03:52:01,564 - EXECUT - INFO - received weights from trainer sta2!
2026-04-26 03:52:18,598 - EXECUT - INFO - received weights from trainer sta4!
2026-04-26 03:52:29,053 - EXECUT - INFO - received weights from trainer sta5!
2026-04-26 03:52:30,466 - EXECUT - INFO - sent aggregated weights to trainers!
2026-04-26 03:52:45,390 - METRIC - INFO - {"loss": 0.15478204190731049, "accuracy": 0.9533255696296692, "energy_consumption": 0.9539677777252966, "selected": true, "host_energy_consumption": 0.42352032996, "client_name": "sta0"}
2026-04-26 03:52:50,379 - METRIC - INFO - {"loss": 0.16629350185394287, "accuracy": 0.9480746984481812, "energy_consumption": 1.015880256288947, "selected": false, "host_energy_consumption": 0.35812921732, "client_name": "sta1"}
2026-04-26 03:52:50,543 - METRIC - INFO - {"loss": 0.1479829102754593, "accuracy": 0.9527145624160767, "energy_consumption": 0.7822852350205463, "selected": true, "host_energy_consumption": 0.35230270628000004, "client_name": "sta5"}
2026-04-26 03:52:51,225 - METRIC - INFO - {"loss": 0.1281152367591858, "accuracy": 0.9640522599220276, "energy_consumption": 1.2672427383477274, "selected": true, "host_energy_consumption": 0.4378098634, "client_name": "sta2"}
2026-04-26 03:52:52,183 - METRIC - INFO - {"loss": 0.1781281977891922, "accuracy": 0.9509803652763367, "energy_consumption": 1.1001394732325553, "selected": false, "host_energy_consumption": 0.43379464828000003, "client_name": "sta3"}
2026-04-26 03:53:07,453 - METRIC - INFO - {"loss": 0.1508457362651825, "accuracy": 0.9614710807800293, "energy_consumption": 0.9954451288698892, "selected": true, "host_energy_consumption": 0.45423177744000004, "client_name": "sta4"}
2026-04-26 03:53:07,505 - METRIC - INFO - mean_accuracy: 0.9551030894120535

2026-04-26 03:53:07,505 - METRIC - INFO - round: 7
2026-04-26 03:53:07,505 - METRIC - INFO - n_selected: 4
2026-04-26 03:53:07,505 - METRIC - INFO - {"selected_trainers": ["sta0", "sta1", "sta4", "sta5"]}
2026-04-26 03:53:20,124 - EXECUT - INFO - received weights from trainer sta0!
2026-04-26 03:53:36,403 - EXECUT - INFO - received weights from trainer sta1!
2026-04-26 03:53:54,761 - EXECUT - INFO - received weights from trainer sta4!
2026-04-26 03:54:07,649 - EXECUT - INFO - received weights from trainer sta5!
2026-04-26 03:54:09,069 - EXECUT - INFO - sent aggregated weights to trainers!
2026-04-26 03:54:25,868 - METRIC - INFO - {"loss": 0.11702476441860199, "accuracy": 0.9696615934371948, "energy_consumption": 1.535387592026876, "selected": true, "host_energy_consumption": 0.52688162744, "client_name": "sta1"}
2026-04-26 03:54:26,090 - METRIC - INFO - {"loss": 0.1332373172044754, "accuracy": 0.9614936113357544, "energy_consumption": 1.1581801433494765, "selected": true, "host_energy_consumption": 0.50798553848, "client_name": "sta0"}
2026-04-26 03:54:32,376 - METRIC - INFO - {"loss": 0.15182200074195862, "accuracy": 0.9575163125991821, "energy_consumption": 1.1001394732325553, "selected": false, "host_energy_consumption": 0.43781264828000005, "client_name": "sta3"}
2026-04-26 03:54:33,896 - METRIC - INFO - {"loss": 0.13726788759231567, "accuracy": 0.9621848464012146, "energy_consumption": 1.2672427383477274, "selected": false, "host_energy_consumption": 0.4416622462, "client_name": "sta2"}
2026-04-26 03:54:42,171 - METRIC - INFO - {"loss": 0.12265836447477341, "accuracy": 0.9614710807800293, "energy_consumption": 0.8987004482597183, "selected": true, "host_energy_consumption": 0.40980562784, "client_name": "sta5"}
2026-04-26 03:54:53,886 - METRIC - INFO - {"loss": 0.12994693219661713, "accuracy": 0.9658493995666504, "energy_consumption": 1.2338318010401164, "selected": true, "host_energy_consumption": 0.5644456921600001, "client_name": "sta4"}
2026-04-26 03:54:54,115 - METRIC - INFO - mean_accuracy: 0.9630294740200043

2026-04-26 03:54:54,115 - METRIC - INFO - round: 8
2026-04-26 03:54:54,115 - METRIC - INFO - n_selected: 3
2026-04-26 03:54:54,115 - METRIC - INFO - {"selected_trainers": ["sta0", "sta3", "sta5"]}
2026-04-26 03:55:04,448 - EXECUT - INFO - received weights from trainer sta0!
2026-04-26 03:55:28,025 - EXECUT - INFO - received weights from trainer sta3!
2026-04-26 03:55:40,401 - EXECUT - INFO - received weights from trainer sta5!
2026-04-26 03:55:41,820 - EXECUT - INFO - sent aggregated weights to trainers!
2026-04-26 03:55:55,039 - METRIC - INFO - {"loss": 0.12301266938447952, "accuracy": 0.9638273119926453, "energy_consumption": 1.535387592026876, "selected": false, "host_energy_consumption": 0.53059192536, "client_name": "sta1"}
2026-04-26 03:55:58,745 - METRIC - INFO - {"loss": 0.11906903982162476, "accuracy": 0.9649941921234131, "energy_consumption": 1.3273041793557394, "selected": true, "host_energy_consumption": 0.59120578944, "client_name": "sta0"}
2026-04-26 03:56:02,491 - METRIC - INFO - {"loss": 0.11343826353549957, "accuracy": 0.9682539701461792, "energy_consumption": 1.7023119075312851, "selected": true, "host_energy_consumption": 0.6448971034800001, "client_name": "sta3"}
2026-04-26 03:56:07,248 - METRIC - INFO - {"loss": 0.12171914428472519, "accuracy": 0.9649859666824341, "energy_consumption": 1.3001474322326718, "selected": false, "host_energy_consumption": 0.44573250708, "client_name": "sta2"}
2026-04-26 03:56:07,538 - METRIC - INFO - {"loss": 0.10771872103214264, "accuracy": 0.9719789624214172, "energy_consumption": 1.0589285865752605, "selected": true, "host_energy_consumption": 0.46715940684, "client_name": "sta5"}
2026-04-26 03:56:23,292 - METRIC - INFO - {"loss": 0.12459290027618408, "accuracy": 0.9684763550758362, "energy_consumption": 1.2338318010401164, "selected": false, "host_energy_consumption": 0.5673206579600001, "client_name": "sta4"}
2026-04-26 03:56:23,864 - METRIC - INFO - mean_accuracy: 0.9670861264069875

2026-04-26 03:56:23,864 - METRIC - INFO - round: 9
2026-04-26 03:56:23,864 - METRIC - INFO - n_selected: 4
2026-04-26 03:56:23,864 - METRIC - INFO - {"selected_trainers": ["sta0", "sta2", "sta4", "sta5"]}
2026-04-26 03:56:34,518 - EXECUT - INFO - received weights from trainer sta0!
2026-04-26 03:56:58,287 - EXECUT - INFO - received weights from trainer sta2!
2026-04-26 03:57:17,717 - EXECUT - INFO - received weights from trainer sta4!
2026-04-26 03:57:29,508 - EXECUT - INFO - received weights from trainer sta5!
2026-04-26 03:57:30,947 - EXECUT - INFO - sent aggregated weights to trainers!
2026-04-26 03:57:44,501 - METRIC - INFO - {"loss": 0.1037767231464386, "accuracy": 0.9684947729110718, "energy_consumption": 1.5694539244553316, "selected": false, "host_energy_consumption": 0.53440518936, "client_name": "sta1"}
2026-04-26 03:57:48,912 - METRIC - INFO - {"loss": 0.10574445873498917, "accuracy": 0.9708284735679626, "energy_consumption": 1.5402177866065299, "selected": true, "host_energy_consumption": 0.6743101542800001, "client_name": "sta0"}
2026-04-26 03:57:54,968 - METRIC - INFO - {"loss": 0.0940682515501976, "accuracy": 0.9772329330444336, "energy_consumption": 1.2585161845499837, "selected": true, "host_energy_consumption": 0.5258390807600001, "client_name": "sta5"}
2026-04-26 03:57:55,218 - METRIC - INFO - {"loss": 0.08742707222700119, "accuracy": 0.9747899174690247, "energy_consumption": 1.8489058159026275, "selected": true, "host_energy_consumption": 0.65497272092, "client_name": "sta2"}
2026-04-26 03:57:55,221 - METRIC - INFO - {"loss": 0.11685102432966232, "accuracy": 0.9691876769065857, "energy_consumption": 1.74152276389087, "selected": false, "host_energy_consumption": 0.65074883888, "client_name": "sta3"}
2026-04-26 03:57:57,827 - METRIC - INFO - {"loss": 0.10138784348964691, "accuracy": 0.9746059775352478, "energy_consumption": 1.4715300613156597, "selected": true, "host_energy_consumption": 0.67829937504, "client_name": "sta4"}
2026-04-26 03:57:57,976 - METRIC - INFO - mean_accuracy: 0.9725232919057211

2026-04-26 03:57:57,976 - METRIC - INFO - round: 10
2026-04-26 03:57:57,976 - METRIC - INFO - n_selected: 4
2026-04-26 03:57:57,976 - METRIC - INFO - {"selected_trainers": ["sta0", "sta1", "sta4", "sta5"]}
2026-04-26 03:58:09,543 - EXECUT - INFO - received weights from trainer sta0!
2026-04-26 03:58:25,799 - EXECUT - INFO - received weights from trainer sta1!
2026-04-26 03:58:46,085 - EXECUT - INFO - received weights from trainer sta4!
2026-04-26 03:58:59,732 - EXECUT - INFO - received weights from trainer sta5!
2026-04-26 03:59:01,147 - EXECUT - INFO - sent aggregated weights to trainers!
2026-04-26 03:59:18,188 - METRIC - INFO - {"loss": 0.09586525708436966, "accuracy": 0.9754959344863892, "energy_consumption": 1.7828704036696768, "selected": true, "host_energy_consumption": 0.75811426124, "client_name": "sta0"}
2026-04-26 03:59:19,808 - METRIC - INFO - {"loss": 0.08454500883817673, "accuracy": 0.9760793447494507, "energy_consumption": 2.0280122956866724, "selected": true, "host_energy_consumption": 0.70260788836, "client_name": "sta1"}
2026-04-26 03:59:29,739 - METRIC - INFO - {"loss": 0.10389035940170288, "accuracy": 0.9701213836669922, "energy_consumption": 1.74152276389087, "selected": false, "host_energy_consumption": 0.6550094457200001, "client_name": "sta3"}
2026-04-26 03:59:30,084 - METRIC - INFO - {"loss": 0.08329194039106369, "accuracy": 0.9842382073402405, "energy_consumption": 1.4172235055037892, "selected": true, "host_energy_consumption": 0.58534649908, "client_name": "sta5"}
2026-04-26 03:59:32,176 - METRIC - INFO - {"loss": 0.09432364255189896, "accuracy": 0.9763572812080383, "energy_consumption": 1.7535941309923597, "selected": true, "host_energy_consumption": 0.7887892726000001, "client_name": "sta4"}
2026-04-26 03:59:32,978 - METRIC - INFO - {"loss": 0.09214643388986588, "accuracy": 0.9747899174690247, "energy_consumption": 1.8489058159026275, "selected": false, "host_energy_consumption": 0.6588165931200001, "client_name": "sta2"}
2026-04-26 03:59:33,181 - METRIC - INFO - mean_accuracy: 0.9761803448200226

2026-04-26 03:59:33,181 - METRIC - INFO - round: 11
2026-04-26 03:59:33,181 - METRIC - INFO - n_selected: 3
2026-04-26 03:59:33,181 - METRIC - INFO - {"selected_trainers": ["sta3", "sta4", "sta5"]}
2026-04-26 03:59:58,002 - EXECUT - INFO - received weights from trainer sta3!
2026-04-26 04:00:14,904 - EXECUT - INFO - received weights from trainer sta4!
2026-04-26 04:00:27,236 - EXECUT - INFO - received weights from trainer sta5!
2026-04-26 04:00:28,651 - EXECUT - INFO - sent aggregated weights to trainers!
2026-04-26 04:00:46,775 - METRIC - INFO - {"loss": 0.08726384490728378, "accuracy": 0.9754959344863892, "energy_consumption": 1.7828704036696768, "selected": false, "host_energy_consumption": 0.7611844951200001, "client_name": "sta0"}
2026-04-26 04:00:47,357 - METRIC - INFO - {"loss": 0.08585984259843826, "accuracy": 0.9754959344863892, "energy_consumption": 2.0280122956866724, "selected": false, "host_energy_consumption": 0.70642776624, "client_name": "sta1"}
2026-04-26 04:00:49,370 - METRIC - INFO - {"loss": 0.08689961582422256, "accuracy": 0.974323034286499, "energy_consumption": 2.299324820389795, "selected": true, "host_energy_consumption": 0.8619468090800001, "client_name": "sta3"}
2026-04-26 04:00:49,904 - METRIC - INFO - {"loss": 0.08565790206193924, "accuracy": 0.9771241545677185, "energy_consumption": 1.8878551719742607, "selected": false, "host_energy_consumption": 0.6629984841200001, "client_name": "sta2"}
2026-04-26 04:00:50,961 - METRIC - INFO - {"loss": 0.07896322757005692, "accuracy": 0.9824868440628052, "energy_consumption": 1.5323247620955354, "selected": true, "host_energy_consumption": 0.6429831998800001, "client_name": "sta5"}
2026-04-26 04:00:56,982 - METRIC - INFO - {"loss": 0.08815734833478928, "accuracy": 0.9754816293716431, "energy_consumption": 2.069799412552781, "selected": true, "host_energy_consumption": 0.9001429740800001, "client_name": "sta4"}
2026-04-26 04:00:57,682 - METRIC - INFO - mean_accuracy: 0.976734588543574

2026-04-26 04:00:57,682 - METRIC - INFO - round: 12
2026-04-26 04:00:57,682 - METRIC - INFO - n_selected: 3
2026-04-26 04:00:57,682 - METRIC - INFO - {"selected_trainers": ["sta0", "sta2", "sta5"]}
2026-04-26 04:01:08,755 - EXECUT - INFO - received weights from trainer sta0!
2026-04-26 04:01:34,188 - EXECUT - INFO - received weights from trainer sta2!
2026-04-26 04:01:46,327 - EXECUT - INFO - received weights from trainer sta5!
2026-04-26 04:01:47,742 - EXECUT - INFO - sent aggregated weights to trainers!
2026-04-26 04:02:05,681 - METRIC - INFO - {"loss": 0.07737122476100922, "accuracy": 0.9754959344863892, "energy_consumption": 2.062525042047135, "selected": false, "host_energy_consumption": 0.71035683096, "client_name": "sta1"}
2026-04-26 04:02:08,147 - METRIC - INFO - {"loss": 0.08394379168748856, "accuracy": 0.9719953536987305, "energy_consumption": 1.9452288876819428, "selected": true, "host_energy_consumption": 0.8435735492800001, "client_name": "sta0"}
2026-04-26 04:02:10,067 - METRIC - INFO - {"loss": 0.07302387803792953, "accuracy": 0.985989511013031, "energy_consumption": 1.65171027055552, "selected": true, "host_energy_consumption": 0.70057039136, "client_name": "sta5"}
2026-04-26 04:02:16,217 - METRIC - INFO - {"loss": 0.08859241753816605, "accuracy": 0.9752567410469055, "energy_consumption": 2.299324820389795, "selected": false, "host_energy_consumption": 0.86596549256, "client_name": "sta3"}
2026-04-26 04:02:17,139 - METRIC - INFO - {"loss": 0.06873051077127457, "accuracy": 0.978057861328125, "energy_consumption": 2.4735983588325734, "selected": true, "host_energy_consumption": 0.87124313164, "client_name": "sta2"}
2026-04-26 04:02:21,051 - METRIC - INFO - {"loss": 0.08135715872049332, "accuracy": 0.9772329330444336, "energy_consumption": 2.101765345026285, "selected": false, "host_energy_consumption": 0.9030116678800001, "client_name": "sta4"}
2026-04-26 04:02:21,778 - METRIC - INFO - mean_accuracy: 0.9773380557696024

2026-04-26 04:02:21,778 - METRIC - INFO - round: 13
2026-04-26 04:02:21,779 - METRIC - INFO - n_selected: 3
2026-04-26 04:02:21,779 - METRIC - INFO - {"selected_trainers": ["sta0", "sta1", "sta5"]}
2026-04-26 04:02:32,367 - EXECUT - INFO - received weights from trainer sta0!
2026-04-26 04:02:47,584 - EXECUT - INFO - received weights from trainer sta1!
2026-04-26 04:03:00,180 - EXECUT - INFO - received weights from trainer sta5!
2026-04-26 04:03:01,596 - EXECUT - INFO - sent aggregated weights to trainers!
2026-04-26 04:03:18,055 - METRIC - INFO - {"loss": 0.07638560235500336, "accuracy": 0.9801633358001709, "energy_consumption": 2.1138595175610715, "selected": true, "host_energy_consumption": 0.9264995306, "client_name": "sta0"}
2026-04-26 04:03:18,451 - METRIC - INFO - {"loss": 0.06696709245443344, "accuracy": 0.9807468056678772, "energy_consumption": 2.487633251960887, "selected": true, "host_energy_consumption": 0.8790855203200001, "client_name": "sta1"}
2026-04-26 04:03:27,099 - METRIC - INFO - {"loss": 0.07837360352277756, "accuracy": 0.9775910377502441, "energy_consumption": 2.299324820389795, "selected": false, "host_energy_consumption": 0.8701452474400001, "client_name": "sta3"}
2026-04-26 04:03:27,872 - METRIC - INFO - {"loss": 0.0714968889951706, "accuracy": 0.978057861328125, "energy_consumption": 2.4735983588325734, "selected": false, "host_energy_consumption": 0.87530315544, "client_name": "sta2"}
2026-04-26 04:03:28,491 - METRIC - INFO - {"loss": 0.07526383548974991, "accuracy": 0.9772329330444336, "energy_consumption": 2.1351945543388684, "selected": false, "host_energy_consumption": 0.90608379876, "client_name": "sta4"}
2026-04-26 04:03:29,342 - METRIC - INFO - {"loss": 0.06546571105718613, "accuracy": 0.985989511013031, "energy_consumption": 1.7721402828007353, "selected": true, "host_energy_consumption": 0.7585375742, "client_name": "sta5"}
2026-04-26 04:03:29,624 - METRIC - INFO - mean_accuracy: 0.9799635807673136

2026-04-26 04:03:29,624 - METRIC - INFO - round: 14
2026-04-26 04:03:29,624 - METRIC - INFO - n_selected: 3
2026-04-26 04:03:29,624 - METRIC - INFO - {"selected_trainers": ["sta0", "sta4", "sta5"]}
2026-04-26 04:03:40,463 - EXECUT - INFO - received weights from trainer sta0!
2026-04-26 04:03:59,585 - EXECUT - INFO - received weights from trainer sta4!
2026-04-26 04:04:12,043 - EXECUT - INFO - received weights from trainer sta5!
2026-04-26 04:04:13,457 - EXECUT - INFO - sent aggregated weights to trainers!
2026-04-26 04:04:33,867 - METRIC - INFO - {"loss": 0.07292897254228592, "accuracy": 0.9813302159309387, "energy_consumption": 2.2797389112256714, "selected": true, "host_energy_consumption": 1.00885225196, "client_name": "sta0"}
2026-04-26 04:04:35,198 - METRIC - INFO - {"loss": 0.0664447620511055, "accuracy": 0.9789965152740479, "energy_consumption": 2.5255554384112036, "selected": false, "host_energy_consumption": 0.8829265552800001, "client_name": "sta1"}
2026-04-26 04:04:36,444 - METRIC - INFO - {"loss": 0.06315623968839645, "accuracy": 0.9877408146858215, "energy_consumption": 1.887847805948071, "selected": true, "host_energy_consumption": 0.8163450358000001, "client_name": "sta5"}
2026-04-26 04:04:37,473 - METRIC - INFO - {"loss": 0.07465033233165741, "accuracy": 0.9771241545677185, "energy_consumption": 2.339263981859268, "selected": false, "host_energy_consumption": 0.87497159512, "client_name": "sta3"}
2026-04-26 04:04:40,833 - METRIC - INFO - {"loss": 0.07130999118089676, "accuracy": 0.9789842367172241, "energy_consumption": 2.414325893302939, "selected": true, "host_energy_consumption": 1.01760605716, "client_name": "sta4"}
2026-04-26 04:04:40,946 - METRIC - INFO - {"loss": 0.06870683282613754, "accuracy": 0.9794584512710571, "energy_consumption": 2.4735983588325734, "selected": false, "host_energy_consumption": 0.87983381528, "client_name": "sta2"}
2026-04-26 04:04:41,485 - METRIC - INFO - mean_accuracy: 0.9806057314078013

2026-04-26 04:04:41,485 - METRIC - INFO - round: 15
2026-04-26 04:04:41,485 - METRIC - INFO - n_selected: 2
2026-04-26 04:04:41,485 - METRIC - INFO - {"selected_trainers": ["sta0", "sta5"]}
2026-04-26 04:04:52,549 - EXECUT - INFO - received weights from trainer sta0!
2026-04-26 04:05:06,585 - EXECUT - INFO - received weights from trainer sta5!
2026-04-26 04:05:08,005 - EXECUT - INFO - sent aggregated weights to trainers!
2026-04-26 04:05:24,314 - METRIC - INFO - {"loss": 0.07093621790409088, "accuracy": 0.9824970960617065, "energy_consumption": 2.4729470647794085, "selected": true, "host_energy_consumption": 1.0927039536, "client_name": "sta0"}
2026-04-26 04:05:25,132 - METRIC - INFO - {"loss": 0.06584241986274719, "accuracy": 0.9795799255371094, "energy_consumption": 2.5255554384112036, "selected": false, "host_energy_consumption": 0.8876456985200001, "client_name": "sta1"}
2026-04-26 04:05:32,089 - METRIC - INFO - {"loss": 0.06929340958595276, "accuracy": 0.9798598885536194, "energy_consumption": 2.414325893302939, "selected": false, "host_energy_consumption": 1.02045831048, "client_name": "sta4"}
2026-04-26 04:05:34,552 - METRIC - INFO - {"loss": 0.06284508109092712, "accuracy": 0.985989511013031, "energy_consumption": 2.0457536527044846, "selected": true, "host_energy_consumption": 0.87435424244, "client_name": "sta5"}
2026-04-26 04:05:35,737 - METRIC - INFO - {"loss": 0.07352159172296524, "accuracy": 0.978057861328125, "energy_consumption": 2.339263981859268, "selected": false, "host_energy_consumption": 0.87892014224, "client_name": "sta3"}
2026-04-26 04:05:36,469 - METRIC - INFO - {"loss": 0.06682979315519333, "accuracy": 0.978057861328125, "energy_consumption": 2.4735983588325734, "selected": false, "host_energy_consumption": 0.88356419368, "client_name": "sta2"}
2026-04-26 04:05:37,034 - METRIC - INFO - mean_accuracy: 0.9806736906369528

2026-04-26 04:05:37,034 - METRIC - INFO - round: 16
2026-04-26 04:05:37,034 - METRIC - INFO - n_selected: 2
2026-04-26 04:05:37,034 - METRIC - INFO - {"selected_trainers": ["sta3", "sta5"]}
2026-04-26 04:06:03,240 - EXECUT - INFO - received weights from trainer sta3!
2026-04-26 04:06:15,444 - EXECUT - INFO - received weights from trainer sta5!
2026-04-26 04:06:16,861 - EXECUT - INFO - sent aggregated weights to trainers!
2026-04-26 04:06:32,871 - METRIC - INFO - {"loss": 0.06916682422161102, "accuracy": 0.9824970960617065, "energy_consumption": 2.4729470647794085, "selected": false, "host_energy_consumption": 1.0958928590400001, "client_name": "sta0"}
2026-04-26 04:06:36,794 - METRIC - INFO - {"loss": 0.06307001411914825, "accuracy": 0.9842382073402405, "energy_consumption": 2.202218463760887, "selected": true, "host_energy_consumption": 0.93255635928, "client_name": "sta5"}
2026-04-26 04:06:38,642 - METRIC - INFO - {"loss": 0.06309166550636292, "accuracy": 0.9819136261940002, "energy_consumption": 2.5255554384112036, "selected": false, "host_energy_consumption": 0.8912401962800001, "client_name": "sta1"}
2026-04-26 04:06:41,266 - METRIC - INFO - {"loss": 0.06766007840633392, "accuracy": 0.9803921580314636, "energy_consumption": 2.890414774218527, "selected": true, "host_energy_consumption": 1.08373180776, "client_name": "sta3"}
2026-04-26 04:06:43,736 - METRIC - INFO - {"loss": 0.06761033833026886, "accuracy": 0.9789842367172241, "energy_consumption": 2.414325893302939, "selected": false, "host_energy_consumption": 1.02346802936, "client_name": "sta4"}
2026-04-26 04:06:44,346 - METRIC - INFO - {"loss": 0.06656589359045029, "accuracy": 0.9789915680885315, "energy_consumption": 2.5063558418734555, "selected": false, "host_energy_consumption": 0.8874417328, "client_name": "sta2"}
2026-04-26 04:06:44,890 - METRIC - INFO - mean_accuracy: 0.9811694820721945

2026-04-26 04:06:44,890 - METRIC - INFO - round: 17
2026-04-26 04:06:44,890 - METRIC - INFO - n_selected: 3
2026-04-26 04:06:44,890 - METRIC - INFO - {"selected_trainers": ["sta0", "sta4", "sta5"]}
2026-04-26 04:06:55,300 - EXECUT - INFO - received weights from trainer sta0!
2026-04-26 04:07:13,852 - EXECUT - INFO - received weights from trainer sta4!
2026-04-26 04:07:23,565 - EXECUT - INFO - received weights from trainer sta5!
2026-04-26 04:07:24,977 - EXECUT - INFO - sent aggregated weights to trainers!
2026-04-26 04:07:40,129 - METRIC - INFO - {"loss": 0.0598674938082695, "accuracy": 0.9813302159309387, "energy_consumption": 2.5656110622546042, "selected": false, "host_energy_consumption": 0.8955107666400001, "client_name": "sta1"}
2026-04-26 04:07:40,239 - METRIC - INFO - {"loss": 0.0654904842376709, "accuracy": 0.9813302159309387, "energy_consumption": 2.6829276075097366, "selected": true, "host_energy_consumption": 1.18016859296, "client_name": "sta0"}
2026-04-26 04:07:46,794 - METRIC - INFO - {"loss": 0.060515835881233215, "accuracy": 0.985989511013031, "energy_consumption": 2.318826320679798, "selected": true, "host_energy_consumption": 0.99100125376, "client_name": "sta5"}
2026-04-26 04:07:53,855 - METRIC - INFO - {"loss": 0.06105267256498337, "accuracy": 0.9803921580314636, "energy_consumption": 2.5063558418734555, "selected": false, "host_energy_consumption": 0.8913890493200001, "client_name": "sta2"}
2026-04-26 04:07:54,758 - METRIC - INFO - {"loss": 0.06248242408037186, "accuracy": 0.9807355403900146, "energy_consumption": 2.6538374660802777, "selected": true, "host_energy_consumption": 1.1339289262, "client_name": "sta4"}
2026-04-26 04:07:56,517 - METRIC - INFO - {"loss": 0.0663948655128479, "accuracy": 0.9813258647918701, "energy_consumption": 2.890414774218527, "selected": false, "host_energy_consumption": 1.08752834092, "client_name": "sta3"}
2026-04-26 04:07:57,010 - METRIC - INFO - mean_accuracy: 0.9818505843480428

2026-04-26 04:07:57,010 - METRIC - INFO - round: 18
2026-04-26 04:07:57,010 - METRIC - INFO - n_selected: 3
2026-04-26 04:07:57,010 - METRIC - INFO - {"selected_trainers": ["sta1", "sta2", "sta5"]}
2026-04-26 04:08:17,547 - EXECUT - INFO - received weights from trainer sta1!
2026-04-26 04:08:43,452 - EXECUT - INFO - received weights from trainer sta2!
2026-04-26 04:08:55,616 - EXECUT - INFO - received weights from trainer sta5!
2026-04-26 04:08:57,028 - EXECUT - INFO - sent aggregated weights to trainers!
2026-04-26 04:09:14,278 - METRIC - INFO - {"loss": 0.061225488781929016, "accuracy": 0.9836639165878296, "energy_consumption": 2.719759806473189, "selected": false, "host_energy_consumption": 1.18318278904, "client_name": "sta0"}
2026-04-26 04:09:16,273 - METRIC - INFO - {"loss": 0.05611864849925041, "accuracy": 0.9813302159309387, "energy_consumption": 3.0744869968163973, "selected": true, "host_energy_consumption": 1.0636007928, "client_name": "sta1"}
2026-04-26 04:09:25,493 - METRIC - INFO - {"loss": 0.0574495755136013, "accuracy": 0.985989511013031, "energy_consumption": 2.4445714803458083, "selected": true, "host_energy_consumption": 1.0486174297200002, "client_name": "sta5"}
2026-04-26 04:09:26,652 - METRIC - INFO - {"loss": 0.06060996651649475, "accuracy": 0.9807355403900146, "energy_consumption": 2.6891789539694333, "selected": false, "host_energy_consumption": 1.1377580496800002, "client_name": "sta4"}
2026-04-26 04:09:26,743 - METRIC - INFO - {"loss": 0.05325829237699509, "accuracy": 0.9850606918334961, "energy_consumption": 3.0613449871867555, "selected": true, "host_energy_consumption": 1.09939476444, "client_name": "sta2"}
2026-04-26 04:09:35,807 - METRIC - INFO - {"loss": 0.06454554200172424, "accuracy": 0.9822595715522766, "energy_consumption": 2.890414774218527, "selected": false, "host_energy_consumption": 1.0912630089200002, "client_name": "sta3"}
2026-04-26 04:09:36,068 - METRIC - INFO - mean_accuracy: 0.9831732412179311

2026-04-26 04:09:36,068 - METRIC - INFO - round: 19
2026-04-26 04:09:36,068 - METRIC - INFO - n_selected: 3
2026-04-26 04:09:36,068 - METRIC - INFO - {"selected_trainers": ["sta0", "sta4", "sta5"]}
2026-04-26 04:09:47,130 - EXECUT - INFO - received weights from trainer sta0!
2026-04-26 04:10:04,804 - EXECUT - INFO - received weights from trainer sta4!
2026-04-26 04:10:16,302 - EXECUT - INFO - received weights from trainer sta5!
2026-04-26 04:10:17,724 - EXECUT - INFO - sent aggregated weights to trainers!
2026-04-26 04:10:32,897 - METRIC - INFO - {"loss": 0.0601506307721138, "accuracy": 0.9824970960617065, "energy_consumption": 2.886391494903965, "selected": true, "host_energy_consumption": 1.26519325324, "client_name": "sta0"}
2026-04-26 04:10:34,916 - METRIC - INFO - {"loss": 0.05393785238265991, "accuracy": 0.9824970960617065, "energy_consumption": 3.1074965635852085, "selected": false, "host_energy_consumption": 1.0672570190800001, "client_name": "sta1"}
2026-04-26 04:10:46,176 - METRIC - INFO - {"loss": 0.059349074959754944, "accuracy": 0.9824868440628052, "energy_consumption": 2.9245897547384647, "selected": true, "host_energy_consumption": 1.2477370136000001, "client_name": "sta4"}
2026-04-26 04:10:47,335 - METRIC - INFO - {"loss": 0.05419747903943062, "accuracy": 0.9845938086509705, "energy_consumption": 3.0613449871867555, "selected": false, "host_energy_consumption": 1.1035476883200002, "client_name": "sta2"}
2026-04-26 04:10:47,648 - METRIC - INFO - {"loss": 0.05623273178935051, "accuracy": 0.9877408146858215, "energy_consumption": 2.604791677214032, "selected": true, "host_energy_consumption": 1.1062540104, "client_name": "sta5"}
2026-04-26 04:10:48,761 - METRIC - INFO - {"loss": 0.059355489909648895, "accuracy": 0.9827263951301575, "energy_consumption": 2.927112372326213, "selected": false, "host_energy_consumption": 1.09502213212, "client_name": "sta3"}
2026-04-26 04:10:49,758 - METRIC - INFO - mean_accuracy: 0.9837570091088613

2026-04-26 04:10:49,758 - METRIC - INFO - round: 20
2026-04-26 04:10:49,758 - METRIC - INFO - n_selected: 2
2026-04-26 04:10:49,758 - METRIC - INFO - {"selected_trainers": ["sta0", "sta5"]}
2026-04-26 04:11:00,306 - EXECUT - INFO - received weights from trainer sta0!
2026-04-26 04:11:10,897 - EXECUT - INFO - received weights from trainer sta5!
2026-04-26 04:11:12,313 - EXECUT - INFO - sent aggregated weights to trainers!
2026-04-26 04:11:26,490 - METRIC - INFO - {"loss": 0.05539480224251747, "accuracy": 0.9819136261940002, "energy_consumption": 3.1074965635852085, "selected": false, "host_energy_consumption": 1.07115725332, "client_name": "sta1"}
2026-04-26 04:11:26,778 - METRIC - INFO - {"loss": 0.0613323375582695, "accuracy": 0.9824970960617065, "energy_consumption": 3.0499064990729647, "selected": true, "host_energy_consumption": 1.3478304854, "client_name": "sta0"}
2026-04-26 04:11:36,991 - METRIC - INFO - {"loss": 0.060432739555835724, "accuracy": 0.981792688369751, "energy_consumption": 2.927112372326213, "selected": false, "host_energy_consumption": 1.09900714896, "client_name": "sta3"}
2026-04-26 04:11:38,990 - METRIC - INFO - {"loss": 0.05715443193912506, "accuracy": 0.9807355403900146, "energy_consumption": 2.9245897547384647, "selected": false, "host_energy_consumption": 1.2507065883200001, "client_name": "sta4"}
2026-04-26 04:11:40,654 - METRIC - INFO - {"loss": 0.05499636009335518, "accuracy": 0.9831932783126831, "energy_consumption": 3.0613449871867555, "selected": false, "host_energy_consumption": 1.1075257494000001, "client_name": "sta2"}
2026-04-26 04:11:40,861 - METRIC - INFO - {"loss": 0.053332600742578506, "accuracy": 0.985989511013031, "energy_consumption": 2.722801571540658, "selected": true, "host_energy_consumption": 1.16408411644, "client_name": "sta5"}
2026-04-26 04:11:41,343 - METRIC - INFO - mean_accuracy: 0.9826869567235311

2026-04-26 04:11:41,343 - METRIC - INFO - round: 21
2026-04-26 04:11:41,343 - METRIC - INFO - n_selected: 3
2026-04-26 04:11:41,343 - METRIC - INFO - {"selected_trainers": ["sta3", "sta4", "sta5"]}
2026-04-26 04:12:04,832 - EXECUT - INFO - received weights from trainer sta3!
2026-04-26 04:12:23,500 - EXECUT - INFO - received weights from trainer sta4!
2026-04-26 04:12:33,750 - EXECUT - INFO - received weights from trainer sta5!
2026-04-26 04:12:35,168 - EXECUT - INFO - sent aggregated weights to trainers!
2026-04-26 04:12:47,665 - METRIC - INFO - {"loss": 0.0572027713060379, "accuracy": 0.9836639165878296, "energy_consumption": 3.0824270882318996, "selected": false, "host_energy_consumption": 1.35065522424, "client_name": "sta0"}
2026-04-26 04:12:54,748 - METRIC - INFO - {"loss": 0.053284019231796265, "accuracy": 0.9819136261940002, "energy_consumption": 3.1074965635852085, "selected": false, "host_energy_consumption": 1.07487982168, "client_name": "sta1"}
2026-04-26 04:12:58,165 - METRIC - INFO - {"loss": 0.05335069075226784, "accuracy": 0.985989511013031, "energy_consumption": 2.8382226637235783, "selected": true, "host_energy_consumption": 1.2211671074400001, "client_name": "sta5"}
2026-04-26 04:13:00,177 - METRIC - INFO - {"loss": 0.055906783789396286, "accuracy": 0.9822595715522766, "energy_consumption": 3.4362449526563448, "selected": true, "host_energy_consumption": 1.3045477975600002, "client_name": "sta3"}
2026-04-26 04:13:02,320 - METRIC - INFO - {"loss": 0.057990867644548416, "accuracy": 0.9833624958992004, "energy_consumption": 3.1595193953591636, "selected": true, "host_energy_consumption": 1.36088285424, "client_name": "sta4"}
2026-04-26 04:13:02,879 - METRIC - INFO - {"loss": 0.056067828088998795, "accuracy": 0.9813258647918701, "energy_consumption": 3.100157785652895, "selected": false, "host_energy_consumption": 1.11123083512, "client_name": "sta2"}
2026-04-26 04:13:03,197 - METRIC - INFO - mean_accuracy: 0.983085831006368

2026-04-26 04:13:03,197 - METRIC - INFO - round: 22
2026-04-26 04:13:03,197 - METRIC - INFO - n_selected: 4
2026-04-26 04:13:03,197 - METRIC - INFO - {"selected_trainers": ["sta0", "sta1", "sta2", "sta5"]}
2026-04-26 04:13:14,347 - EXECUT - INFO - received weights from trainer sta0!
2026-04-26 04:13:30,647 - EXECUT - INFO - received weights from trainer sta1!
2026-04-26 04:13:54,003 - EXECUT - INFO - received weights from trainer sta2!
2026-04-26 04:14:04,671 - EXECUT - INFO - received weights from trainer sta5!
2026-04-26 04:14:06,083 - EXECUT - INFO - sent aggregated weights to trainers!
2026-04-26 04:14:24,968 - METRIC - INFO - {"loss": 0.04991805925965309, "accuracy": 0.9842473864555359, "energy_consumption": 3.5677126102108265, "selected": true, "host_energy_consumption": 1.24288909864, "client_name": "sta1"}
2026-04-26 04:14:26,830 - METRIC - INFO - {"loss": 0.05844273418188095, "accuracy": 0.9824970960617065, "energy_consumption": 3.2979610376979562, "selected": true, "host_energy_consumption": 1.43285673496, "client_name": "sta0"}
2026-04-26 04:14:29,473 - METRIC - INFO - {"loss": 0.056061480194330215, "accuracy": 0.9827263951301575, "energy_consumption": 3.4362449526563448, "selected": false, "host_energy_consumption": 1.30854366636, "client_name": "sta3"}
2026-04-26 04:14:33,737 - METRIC - INFO - {"loss": 0.054293807595968246, "accuracy": 0.985989511013031, "energy_consumption": 2.959961115249606, "selected": true, "host_energy_consumption": 1.27833602596, "client_name": "sta5"}
2026-04-26 04:14:35,267 - METRIC - INFO - {"loss": 0.052603572607040405, "accuracy": 0.9807355403900146, "energy_consumption": 3.1595193953591636, "selected": false, "host_energy_consumption": 1.36395741188, "client_name": "sta4"}
2026-04-26 04:14:36,423 - METRIC - INFO - {"loss": 0.049403540790081024, "accuracy": 0.9850606918334961, "energy_consumption": 3.6529458037027407, "selected": true, "host_energy_consumption": 1.31836039048, "client_name": "sta2"}
2026-04-26 04:14:37,116 - METRIC - INFO - mean_accuracy: 0.9835427701473236

2026-04-26 04:14:37,116 - METRIC - INFO - round: 23
2026-04-26 04:14:37,116 - METRIC - INFO - n_selected: 3
2026-04-26 04:14:37,116 - METRIC - INFO - {"selected_trainers": ["sta0", "sta4", "sta5"]}
2026-04-26 04:14:49,657 - EXECUT - INFO - received weights from trainer sta0!
2026-04-26 04:15:09,303 - EXECUT - INFO - received weights from trainer sta4!
2026-04-26 04:15:21,772 - EXECUT - INFO - received weights from trainer sta5!
2026-04-26 04:15:23,178 - EXECUT - INFO - sent aggregated weights to trainers!
2026-04-26 04:15:38,391 - METRIC - INFO - {"loss": 0.04873453825712204, "accuracy": 0.9842473864555359, "energy_consumption": 3.5677126102108265, "selected": false, "host_energy_consumption": 1.24656238028, "client_name": "sta1"}
2026-04-26 04:15:39,047 - METRIC - INFO - {"loss": 0.054842881858348846, "accuracy": 0.9824970960617065, "energy_consumption": 3.508188754001932, "selected": true, "host_energy_consumption": 1.51599620228, "client_name": "sta0"}
2026-04-26 04:15:44,740 - METRIC - INFO - {"loss": 0.0521206334233284, "accuracy": 0.9841269850730896, "energy_consumption": 3.4362449526563448, "selected": false, "host_energy_consumption": 1.3136011361200002, "client_name": "sta3"}
2026-04-26 04:15:44,743 - METRIC - INFO - {"loss": 0.04909547418355942, "accuracy": 0.9873949289321899, "energy_consumption": 3.6529458037027407, "selected": false, "host_energy_consumption": 1.32341815116, "client_name": "sta2"}
2026-04-26 04:15:50,362 - METRIC - INFO - {"loss": 0.05530661717057228, "accuracy": 0.9824868440628052, "energy_consumption": 3.4012152269774294, "selected": true, "host_energy_consumption": 1.4744856081200002, "client_name": "sta4"}
2026-04-26 04:16:06,550 - METRIC - INFO - {"loss": 0.049884214997291565, "accuracy": 0.985989511013031, "energy_consumption": 3.078070975484949, "selected": true, "host_energy_consumption": 1.33536385108, "client_name": "sta5"}
2026-04-26 04:16:07,224 - METRIC - INFO - mean_accuracy: 0.9844571252663931

2026-04-26 04:16:07,224 - METRIC - INFO - round: 24
2026-04-26 04:16:07,224 - METRIC - INFO - n_selected: 3
2026-04-26 04:16:07,225 - METRIC - INFO - {"selected_trainers": ["sta3", "sta4", "sta5"]}
2026-04-26 04:16:31,434 - EXECUT - INFO - received weights from trainer sta3!
2026-04-26 04:16:53,123 - EXECUT - INFO - received weights from trainer sta4!
2026-04-26 04:17:03,985 - EXECUT - INFO - received weights from trainer sta5!
2026-04-26 04:17:05,408 - EXECUT - INFO - sent aggregated weights to trainers!
2026-04-26 04:17:19,067 - METRIC - INFO - {"loss": 0.04860013350844383, "accuracy": 0.9824970960617065, "energy_consumption": 3.6075079291162315, "selected": false, "host_energy_consumption": 1.25058108112, "client_name": "sta1"}
2026-04-26 04:17:19,386 - METRIC - INFO - {"loss": 0.04903801530599594, "accuracy": 0.9859976768493652, "energy_consumption": 3.508188754001932, "selected": false, "host_energy_consumption": 1.5193043432000002, "client_name": "sta0"}
2026-04-26 04:17:24,411 - METRIC - INFO - {"loss": 0.054390326142311096, "accuracy": 0.9833624958992004, "energy_consumption": 3.6788406046179123, "selected": true, "host_energy_consumption": 1.58634272412, "client_name": "sta4"}
2026-04-26 04:17:29,450 - METRIC - INFO - {"loss": 0.05121297389268875, "accuracy": 0.9842382073402405, "energy_consumption": 3.228430031162916, "selected": true, "host_energy_consumption": 1.39272109928, "client_name": "sta5"}
2026-04-26 04:17:30,142 - METRIC - INFO - {"loss": 0.048319533467292786, "accuracy": 0.9859943985939026, "energy_consumption": 3.6529458037027407, "selected": false, "host_energy_consumption": 1.32732014548, "client_name": "sta2"}
2026-04-26 04:17:30,885 - METRIC - INFO - {"loss": 0.05235402658581734, "accuracy": 0.9827263951301575, "energy_consumption": 4.02080111250109, "selected": true, "host_energy_consumption": 1.5191547042, "client_name": "sta3"}
2026-04-26 04:17:31,438 - METRIC - INFO - mean_accuracy: 0.9841360449790955

2026-04-26 04:17:31,438 - METRIC - INFO - round: 25
2026-04-26 04:17:31,438 - METRIC - INFO - n_selected: 3
2026-04-26 04:17:31,439 - METRIC - INFO - {"selected_trainers": ["sta0", "sta1", "sta5"]}
2026-04-26 04:17:42,896 - EXECUT - INFO - received weights from trainer sta0!
2026-04-26 04:18:06,261 - EXECUT - INFO - received weights from trainer sta1!
2026-04-26 04:18:17,485 - EXECUT - INFO - received weights from trainer sta5!
2026-04-26 04:18:18,909 - EXECUT - INFO - sent aggregated weights to trainers!
2026-04-26 04:18:34,751 - METRIC - INFO - {"loss": 0.04638053476810455, "accuracy": 0.9842473864555359, "energy_consumption": 4.320446451316954, "selected": true, "host_energy_consumption": 1.4731219960800002, "client_name": "sta1"}
2026-04-26 04:18:38,142 - METRIC - INFO - {"loss": 0.05311300605535507, "accuracy": 0.9824970960617065, "energy_consumption": 3.7181310534814824, "selected": true, "host_energy_consumption": 1.60180246464, "client_name": "sta0"}
2026-04-26 04:18:49,003 - METRIC - INFO - {"loss": 0.052114129066467285, "accuracy": 0.9841269850730896, "energy_consumption": 4.02080111250109, "selected": false, "host_energy_consumption": 1.5233097986400002, "client_name": "sta3"}
2026-04-26 04:18:49,838 - METRIC - INFO - {"loss": 0.051047082990407944, "accuracy": 0.985989511013031, "energy_consumption": 3.3929297271116576, "selected": true, "host_energy_consumption": 1.45114273416, "client_name": "sta5"}
2026-04-26 04:18:50,058 - METRIC - INFO - {"loss": 0.04651479050517082, "accuracy": 0.9878618121147156, "energy_consumption": 3.68644532248239, "selected": false, "host_energy_consumption": 1.33184484076, "client_name": "sta2"}
2026-04-26 04:18:50,418 - METRIC - INFO - {"loss": 0.048255711793899536, "accuracy": 0.9824868440628052, "energy_consumption": 3.714680535953365, "selected": false, "host_energy_consumption": 1.5896576668, "client_name": "sta4"}
2026-04-26 04:18:50,945 - METRIC - INFO - mean_accuracy: 0.9845349391301473

2026-04-26 04:18:50,945 - METRIC - INFO - round: 26
2026-04-26 04:18:50,945 - METRIC - INFO - n_selected: 4
2026-04-26 04:18:50,946 - METRIC - INFO - {"selected_trainers": ["sta0", "sta2", "sta4", "sta5"]}
2026-04-26 04:19:48,432 - EXECUT - INFO - received weights from trainer sta0!
2026-04-26 04:20:12,192 - EXECUT - INFO - received weights from trainer sta2!
2026-04-26 04:20:32,803 - EXECUT - INFO - received weights from trainer sta4!
2026-04-26 04:20:44,760 - EXECUT - INFO - received weights from trainer sta5!
2026-04-26 04:20:46,181 - EXECUT - INFO - sent aggregated weights to trainers!
2026-04-26 04:21:05,829 - METRIC - INFO - {"loss": 0.05158389359712601, "accuracy": 0.9824970960617065, "energy_consumption": 3.9224573699730283, "selected": true, "host_energy_consumption": 1.68446111064, "client_name": "sta0"}
2026-04-26 04:21:07,131 - METRIC - INFO - {"loss": 0.04505910724401474, "accuracy": 0.9842473864555359, "energy_consumption": 4.360183368157578, "selected": false, "host_energy_consumption": 1.4769938097600002, "client_name": "sta1"}
2026-04-26 04:21:07,564 - METRIC - INFO - {"loss": 0.04926864802837372, "accuracy": 0.9850606918334961, "energy_consumption": 4.056114447673409, "selected": false, "host_energy_consumption": 1.5278483710000001, "client_name": "sta3"}
2026-04-26 04:21:13,563 - METRIC - INFO - {"loss": 0.04491093382239342, "accuracy": 0.9859943985939026, "energy_consumption": 4.266446982816154, "selected": true, "host_energy_consumption": 1.5385250540800002, "client_name": "sta2"}
2026-04-26 04:21:16,827 - METRIC - INFO - {"loss": 0.052157703787088394, "accuracy": 0.9833624958992004, "energy_consumption": 3.9569404583022436, "selected": true, "host_energy_consumption": 1.6997378711600002, "client_name": "sta4"}
2026-04-26 04:21:26,114 - METRIC - INFO - {"loss": 0.04801268130540848, "accuracy": 0.9842382073402405, "energy_consumption": 3.5085038193201976, "selected": true, "host_energy_consumption": 1.50836866404, "client_name": "sta5"}
2026-04-26 04:21:26,223 - METRIC - INFO - mean_accuracy: 0.9842333793640137

2026-04-26 04:21:26,223 - METRIC - INFO - round: 27
2026-04-26 04:21:26,223 - METRIC - INFO - n_selected: 3
2026-04-26 04:21:26,223 - METRIC - INFO - {"selected_trainers": ["sta0", "sta4", "sta5"]}
2026-04-26 04:21:36,672 - EXECUT - INFO - received weights from trainer sta0!
2026-04-26 04:21:57,294 - EXECUT - INFO - received weights from trainer sta4!
2026-04-26 04:22:09,513 - EXECUT - INFO - received weights from trainer sta5!
2026-04-26 04:22:10,935 - EXECUT - INFO - sent aggregated weights to trainers!
2026-04-26 04:22:26,994 - METRIC - INFO - {"loss": 0.051465731114149094, "accuracy": 0.9836639165878296, "energy_consumption": 4.129598374779544, "selected": true, "host_energy_consumption": 1.7660194983200002, "client_name": "sta0"}
2026-04-26 04:22:32,890 - METRIC - INFO - {"loss": 0.04483763128519058, "accuracy": 0.9854142069816589, "energy_consumption": 4.360183368157578, "selected": false, "host_energy_consumption": 1.48078434476, "client_name": "sta1"}
2026-04-26 04:22:41,268 - METRIC - INFO - {"loss": 0.04697602987289429, "accuracy": 0.985989511013031, "energy_consumption": 3.696840796229723, "selected": true, "host_energy_consumption": 1.5654388722, "client_name": "sta5"}
2026-04-26 04:22:42,600 - METRIC - INFO - {"loss": 0.043741706758737564, "accuracy": 0.9873949289321899, "energy_consumption": 4.301291473759624, "selected": false, "host_energy_consumption": 1.5442381402, "client_name": "sta2"}
2026-04-26 04:22:42,612 - METRIC - INFO - {"loss": 0.04878874123096466, "accuracy": 0.9841269850730896, "energy_consumption": 4.0901667744789165, "selected": false, "host_energy_consumption": 1.5336414200800002, "client_name": "sta3"}
2026-04-26 04:22:42,707 - METRIC - INFO - {"loss": 0.05183235928416252, "accuracy": 0.9842382073402405, "energy_consumption": 4.226093964805317, "selected": true, "host_energy_consumption": 1.8102691266800002, "client_name": "sta4"}
2026-04-26 04:22:42,968 - METRIC - INFO - mean_accuracy: 0.98513795932134

2026-04-26 04:22:42,968 - METRIC - INFO - round: 28
2026-04-26 04:22:42,968 - METRIC - INFO - n_selected: 3
2026-04-26 04:22:42,968 - METRIC - INFO - {"selected_trainers": ["sta0", "sta3", "sta5"]}
2026-04-26 04:22:53,716 - EXECUT - INFO - received weights from trainer sta0!
2026-04-26 04:23:20,191 - EXECUT - INFO - received weights from trainer sta3!
2026-04-26 04:23:30,484 - EXECUT - INFO - received weights from trainer sta5!
2026-04-26 04:23:31,899 - EXECUT - INFO - sent aggregated weights to trainers!
2026-04-26 04:23:44,396 - METRIC - INFO - {"loss": 0.044272102415561676, "accuracy": 0.9842473864555359, "energy_consumption": 4.397200886103164, "selected": false, "host_energy_consumption": 1.4847914586400002, "client_name": "sta1"}
2026-04-26 04:23:50,101 - METRIC - INFO - {"loss": 0.05400633066892624, "accuracy": 0.9848307967185974, "energy_consumption": 4.337022524927658, "selected": true, "host_energy_consumption": 1.84784450396, "client_name": "sta0"}
2026-04-26 04:23:56,438 - METRIC - INFO - {"loss": 0.0489032119512558, "accuracy": 0.9833624958992004, "energy_consumption": 4.226093964805317, "selected": false, "host_energy_consumption": 1.81336807148, "client_name": "sta4"}
2026-04-26 04:23:57,944 - METRIC - INFO - {"loss": 0.04804396629333496, "accuracy": 0.9845938086509705, "energy_consumption": 4.5983000962912755, "selected": true, "host_energy_consumption": 1.73830577144, "client_name": "sta3"}
2026-04-26 04:23:57,954 - METRIC - INFO - {"loss": 0.04457465931773186, "accuracy": 0.9859943985939026, "energy_consumption": 4.334996378140877, "selected": false, "host_energy_consumption": 1.54944774348, "client_name": "sta2"}
2026-04-26 04:23:59,412 - METRIC - INFO - {"loss": 0.04896450415253639, "accuracy": 0.9824868440628052, "energy_consumption": 3.8237620594453583, "selected": true, "host_energy_consumption": 1.6224155987200002, "client_name": "sta5"}
2026-04-26 04:23:59,928 - METRIC - INFO - mean_accuracy: 0.9842526217301687

2026-04-26 04:23:59,928 - METRIC - INFO - round: 29
2026-04-26 04:23:59,928 - METRIC - INFO - n_selected: 2
2026-04-26 04:23:59,928 - METRIC - INFO - {"selected_trainers": ["sta4", "sta5"]}
2026-04-26 04:24:18,750 - EXECUT - INFO - received weights from trainer sta4!
2026-04-26 04:24:29,279 - EXECUT - INFO - received weights from trainer sta5!
2026-04-26 04:24:30,703 - EXECUT - INFO - sent aggregated weights to trainers!
2026-04-26 04:24:43,826 - METRIC - INFO - {"loss": 0.045167021453380585, "accuracy": 0.9871645569801331, "energy_consumption": 4.337022524927658, "selected": false, "host_energy_consumption": 1.8508555900800001, "client_name": "sta0"}
2026-04-26 04:24:48,011 - METRIC - INFO - {"loss": 0.04272489249706268, "accuracy": 0.9854142069816589, "energy_consumption": 4.432063610902141, "selected": false, "host_energy_consumption": 1.48843621724, "client_name": "sta1"}
2026-04-26 04:24:54,857 - METRIC - INFO - {"loss": 0.049771811813116074, "accuracy": 0.9833624958992004, "energy_consumption": 4.460388410447779, "selected": true, "host_energy_consumption": 1.92306710484, "client_name": "sta4"}
2026-04-26 04:24:56,719 - METRIC - INFO - {"loss": 0.04373093321919441, "accuracy": 0.9873949289321899, "energy_consumption": 4.374743598516622, "selected": false, "host_energy_consumption": 1.55360917824, "client_name": "sta2"}
2026-04-26 04:24:57,256 - METRIC - INFO - {"loss": 0.04660539701581001, "accuracy": 0.985527515411377, "energy_consumption": 4.5983000962912755, "selected": false, "host_energy_consumption": 1.7423582246, "client_name": "sta3"}
2026-04-26 04:24:57,858 - METRIC - INFO - {"loss": 0.04804607853293419, "accuracy": 0.985989511013031, "energy_consumption": 3.9409535428009486, "selected": true, "host_energy_consumption": 1.6792572647200001, "client_name": "sta5"}
2026-04-26 04:24:58,733 - METRIC - INFO - mean_accuracy: 0.9858088692029318

2026-04-26 04:24:58,733 - METRIC - INFO - round: 30
2026-04-26 04:24:58,733 - METRIC - INFO - n_selected: 2
2026-04-26 04:24:58,733 - METRIC - INFO - {"selected_trainers": ["sta0", "sta5"]}
2026-04-26 04:25:10,419 - EXECUT - INFO - received weights from trainer sta0!
2026-04-26 04:25:22,639 - EXECUT - INFO - received weights from trainer sta5!
2026-04-26 04:25:24,059 - EXECUT - INFO - sent aggregated weights to trainers!
2026-04-26 04:25:41,368 - METRIC - INFO - {"loss": 0.04313572868704796, "accuracy": 0.9854142069816589, "energy_consumption": 4.432063610902141, "selected": false, "host_energy_consumption": 1.4924729646400001, "client_name": "sta1"}
2026-04-26 04:25:46,324 - METRIC - INFO - {"loss": 0.048813845962285995, "accuracy": 0.9836639165878296, "energy_consumption": 4.544629460297497, "selected": true, "host_energy_consumption": 1.93229650264, "client_name": "sta0"}
2026-04-26 04:25:52,209 - METRIC - INFO - {"loss": 0.04938209801912308, "accuracy": 0.9850606918334961, "energy_consumption": 4.5983000962912755, "selected": false, "host_energy_consumption": 1.74671721728, "client_name": "sta3"}
2026-04-26 04:25:52,370 - METRIC - INFO - {"loss": 0.047526851296424866, "accuracy": 0.9833624958992004, "energy_consumption": 4.460388410447779, "selected": false, "host_energy_consumption": 1.9270134646000001, "client_name": "sta4"}
2026-04-26 04:25:53,697 - METRIC - INFO - {"loss": 0.0439874641597271, "accuracy": 0.9869281053543091, "energy_consumption": 4.374743598516622, "selected": false, "host_energy_consumption": 1.5575153084400002, "client_name": "sta2"}
2026-04-26 04:25:55,039 - METRIC - INFO - {"loss": 0.04761572554707527, "accuracy": 0.9877408146858215, "energy_consumption": 4.09634836304926, "selected": true, "host_energy_consumption": 1.7364705654800001, "client_name": "sta5"}
2026-04-26 04:25:55,092 - METRIC - INFO - mean_accuracy: 0.9853617052237192

2026-04-26 04:25:55,092 - METRIC - INFO - round: 31
2026-04-26 04:25:55,092 - METRIC - INFO - n_selected: 2
2026-04-26 04:25:55,092 - METRIC - INFO - {"selected_trainers": ["sta2", "sta5"]}
2026-04-26 04:26:20,558 - EXECUT - INFO - received weights from trainer sta2!
2026-04-26 04:26:31,139 - EXECUT - INFO - received weights from trainer sta5!
2026-04-26 04:26:32,554 - EXECUT - INFO - sent aggregated weights to trainers!
2026-04-26 04:26:46,866 - METRIC - INFO - {"loss": 0.04522794857621193, "accuracy": 0.9871645569801331, "energy_consumption": 4.544629460297497, "selected": false, "host_energy_consumption": 1.9352351622800001, "client_name": "sta0"}
2026-04-26 04:26:47,895 - METRIC - INFO - {"loss": 0.0418802872300148, "accuracy": 0.9854142069816589, "energy_consumption": 4.432063610902141, "selected": false, "host_energy_consumption": 1.49621911712, "client_name": "sta1"}
2026-04-26 04:26:55,593 - METRIC - INFO - {"loss": 0.041102804243564606, "accuracy": 0.9850606918334961, "energy_consumption": 4.922604023219298, "selected": true, "host_energy_consumption": 1.76293547332, "client_name": "sta2"}
2026-04-26 04:26:57,307 - METRIC - INFO - {"loss": 0.04581630975008011, "accuracy": 0.9842382073402405, "energy_consumption": 4.460388410447779, "selected": false, "host_energy_consumption": 1.9300829293200001, "client_name": "sta4"}
2026-04-26 04:26:57,716 - METRIC - INFO - {"loss": 0.04762595519423485, "accuracy": 0.9842382073402405, "energy_consumption": 4.2261364219826385, "selected": true, "host_energy_consumption": 1.79358173792, "client_name": "sta5"}
2026-04-26 04:26:58,297 - METRIC - INFO - {"loss": 0.045789916068315506, "accuracy": 0.9845938086509705, "energy_consumption": 4.5983000962912755, "selected": false, "host_energy_consumption": 1.75031755976, "client_name": "sta3"}
2026-04-26 04:26:58,581 - METRIC - INFO - mean_accuracy: 0.9851182798544565

2026-04-26 04:26:58,581 - METRIC - INFO - round: 32
2026-04-26 04:26:58,581 - METRIC - INFO - n_selected: 3
2026-04-26 04:26:58,581 - METRIC - INFO - {"selected_trainers": ["sta1", "sta4", "sta5"]}
2026-04-26 04:27:15,923 - EXECUT - INFO - received weights from trainer sta1!
2026-04-26 04:27:37,039 - EXECUT - INFO - received weights from trainer sta4!
2026-04-26 04:27:48,486 - EXECUT - INFO - received weights from trainer sta5!
2026-04-26 04:27:49,911 - EXECUT - INFO - sent aggregated weights to trainers!
2026-04-26 04:28:04,305 - METRIC - INFO - {"loss": 0.04118547961115837, "accuracy": 0.9854142069816589, "energy_consumption": 4.896574543559829, "selected": true, "host_energy_consumption": 1.66336742684, "client_name": "sta1"}
2026-04-26 04:28:07,397 - METRIC - INFO - {"loss": 0.041162312030792236, "accuracy": 0.9871645569801331, "energy_consumption": 4.544629460297497, "selected": false, "host_energy_consumption": 1.9382171785200002, "client_name": "sta0"}
2026-04-26 04:28:11,571 - METRIC - INFO - {"loss": 0.04382091388106346, "accuracy": 0.9850606918334961, "energy_consumption": 4.5983000962912755, "selected": false, "host_energy_consumption": 1.7542873152, "client_name": "sta3"}
2026-04-26 04:28:14,098 - METRIC - INFO - {"loss": 0.04732931777834892, "accuracy": 0.985989511013031, "energy_consumption": 4.38500141945086, "selected": true, "host_energy_consumption": 1.85074811012, "client_name": "sta5"}
2026-04-26 04:28:15,609 - METRIC - INFO - {"loss": 0.0411069393157959, "accuracy": 0.985527515411377, "energy_consumption": 4.962202804020242, "selected": false, "host_energy_consumption": 1.766873339, "client_name": "sta2"}
2026-04-26 04:28:15,974 - METRIC - INFO - {"loss": 0.05096571519970894, "accuracy": 0.9816111922264099, "energy_consumption": 4.735103308052063, "selected": true, "host_energy_consumption": 2.039692788, "client_name": "sta4"}
2026-04-26 04:28:16,940 - METRIC - INFO - mean_accuracy: 0.9851279457410177

2026-04-26 04:28:16,940 - METRIC - INFO - round: 33
2026-04-26 04:28:16,940 - METRIC - INFO - n_selected: 3
2026-04-26 04:28:16,940 - METRIC - INFO - {"selected_trainers": ["sta0", "sta3", "sta5"]}
2026-04-26 04:28:30,922 - EXECUT - INFO - received weights from trainer sta0!
2026-04-26 04:28:55,536 - EXECUT - INFO - received weights from trainer sta3!
2026-04-26 04:29:07,100 - EXECUT - INFO - received weights from trainer sta5!
2026-04-26 04:29:08,520 - EXECUT - INFO - sent aggregated weights to trainers!
2026-04-26 04:29:24,177 - METRIC - INFO - {"loss": 0.04038625210523605, "accuracy": 0.9865810871124268, "energy_consumption": 4.935965970882513, "selected": false, "host_energy_consumption": 1.6673326532800001, "client_name": "sta1"}
2026-04-26 04:29:28,262 - METRIC - INFO - {"loss": 0.04014088213443756, "accuracy": 0.9873949289321899, "energy_consumption": 4.962202804020242, "selected": false, "host_energy_consumption": 1.7712127126400001, "client_name": "sta2"}
2026-04-26 04:29:28,398 - METRIC - INFO - {"loss": 0.04662375524640083, "accuracy": 0.9871645569801331, "energy_consumption": 4.710804140371462, "selected": true, "host_energy_consumption": 2.0213575004, "client_name": "sta0"}
2026-04-26 04:29:28,875 - METRIC - INFO - {"loss": 0.04472457990050316, "accuracy": 0.985527515411377, "energy_consumption": 5.11428207478486, "selected": true, "host_energy_consumption": 1.95833857044, "client_name": "sta3"}
2026-04-26 04:29:30,368 - METRIC - INFO - {"loss": 0.04819083958864212, "accuracy": 0.9816111922264099, "energy_consumption": 4.735103308052063, "selected": false, "host_energy_consumption": 2.04262080036, "client_name": "sta4"}
2026-04-26 04:29:33,477 - METRIC - INFO - {"loss": 0.04528602957725525, "accuracy": 0.9842382073402405, "energy_consumption": 4.5035416199762475, "selected": true, "host_energy_consumption": 1.90773180976, "client_name": "sta5"}
2026-04-26 04:29:33,547 - METRIC - INFO - mean_accuracy: 0.9854195813337961

2026-04-26 04:29:33,547 - METRIC - INFO - round: 34
2026-04-26 04:29:33,547 - METRIC - INFO - n_selected: 3
2026-04-26 04:29:33,547 - METRIC - INFO - {"selected_trainers": ["sta0", "sta4", "sta5"]}
2026-04-26 04:29:45,572 - EXECUT - INFO - received weights from trainer sta0!
2026-04-26 04:30:05,823 - EXECUT - INFO - received weights from trainer sta4!
2026-04-26 04:30:17,348 - EXECUT - INFO - received weights from trainer sta5!
2026-04-26 04:30:18,759 - EXECUT - INFO - sent aggregated weights to trainers!
2026-04-26 04:30:37,980 - METRIC - INFO - {"loss": 0.044922325760126114, "accuracy": 0.9859976768493652, "energy_consumption": 4.952043788615139, "selected": true, "host_energy_consumption": 2.10330720992, "client_name": "sta0"}
2026-04-26 04:30:38,214 - METRIC - INFO - {"loss": 0.039025865495204926, "accuracy": 0.9859976768493652, "energy_consumption": 4.969219005958031, "selected": false, "host_energy_consumption": 1.67156559192, "client_name": "sta1"}
2026-04-26 04:30:45,359 - METRIC - INFO - {"loss": 0.04297783970832825, "accuracy": 0.9859943985939026, "energy_consumption": 5.145513769906408, "selected": false, "host_energy_consumption": 1.9624417632400002, "client_name": "sta3"}
2026-04-26 04:30:46,590 - METRIC - INFO - {"loss": 0.039409615099430084, "accuracy": 0.9869281053543091, "energy_consumption": 4.996142674145821, "selected": false, "host_energy_consumption": 1.77513268576, "client_name": "sta2"}
2026-04-26 04:30:47,273 - METRIC - INFO - {"loss": 0.04804185405373573, "accuracy": 0.9824868440628052, "energy_consumption": 4.971966422457202, "selected": true, "host_energy_consumption": 2.15242763596, "client_name": "sta4"}
2026-04-26 04:30:54,744 - METRIC - INFO - {"loss": 0.044720523059368134, "accuracy": 0.985989511013031, "energy_consumption": 4.6182663667649715, "selected": true, "host_energy_consumption": 1.9640767781600001, "client_name": "sta5"}
2026-04-26 04:30:54,796 - METRIC - INFO - mean_accuracy: 0.985565702120463

2026-04-26 04:30:54,796 - METRIC - INFO - round: 35
2026-04-26 04:30:54,796 - METRIC - INFO - n_selected: 1
2026-04-26 04:30:54,796 - METRIC - INFO - {"selected_trainers": ["sta5"]}
2026-04-26 04:31:07,926 - EXECUT - INFO - received weights from trainer sta5!
2026-04-26 04:31:09,349 - EXECUT - INFO - sent aggregated weights to trainers!
2026-04-26 04:31:25,210 - METRIC - INFO - {"loss": 0.03898732364177704, "accuracy": 0.9859976768493652, "energy_consumption": 4.952043788615139, "selected": false, "host_energy_consumption": 2.1062035204000003, "client_name": "sta0"}
2026-04-26 04:31:26,484 - METRIC - INFO - {"loss": 0.03909290209412575, "accuracy": 0.9854142069816589, "energy_consumption": 4.969219005958031, "selected": false, "host_energy_consumption": 1.67515873952, "client_name": "sta1"}
2026-04-26 04:31:27,690 - METRIC - INFO - {"loss": 0.04533226415514946, "accuracy": 0.9842382073402405, "energy_consumption": 4.737373347558376, "selected": true, "host_energy_consumption": 2.02084810256, "client_name": "sta5"}
2026-04-26 04:31:37,363 - METRIC - INFO - {"loss": 0.04432526230812073, "accuracy": 0.985527515411377, "energy_consumption": 5.179538859582273, "selected": false, "host_energy_consumption": 1.96649141388, "client_name": "sta3"}
2026-04-26 04:31:37,778 - METRIC - INFO - {"loss": 0.04403774440288544, "accuracy": 0.9833624958992004, "energy_consumption": 4.971966422457202, "selected": false, "host_energy_consumption": 2.1556178744800003, "client_name": "sta4"}
2026-04-26 04:31:38,127 - METRIC - INFO - {"loss": 0.0403687059879303, "accuracy": 0.9878618121147156, "energy_consumption": 4.996142674145821, "selected": false, "host_energy_consumption": 1.7792751849600001, "client_name": "sta2"}
2026-04-26 04:31:38,379 - METRIC - INFO - mean_accuracy: 0.9854003190994263

2026-04-26 04:31:38,379 - METRIC - INFO - round: 36
2026-04-26 04:31:38,379 - METRIC - INFO - n_selected: 2
2026-04-26 04:31:38,379 - METRIC - INFO - {"selected_trainers": ["sta0", "sta5"]}
2026-04-26 04:31:51,587 - EXECUT - INFO - received weights from trainer sta0!
2026-04-26 04:32:05,430 - EXECUT - INFO - received weights from trainer sta5!
2026-04-26 04:32:06,889 - EXECUT - INFO - sent aggregated weights to trainers!
2026-04-26 04:32:19,741 - METRIC - INFO - {"loss": 0.0396665558218956, "accuracy": 0.9871645569801331, "energy_consumption": 4.969219005958031, "selected": false, "host_energy_consumption": 1.6791752185600002, "client_name": "sta1"}
2026-04-26 04:32:21,337 - METRIC - INFO - {"loss": 0.04660090431571007, "accuracy": 0.9848307967185974, "energy_consumption": 5.117046610857212, "selected": true, "host_energy_consumption": 2.1880550322400003, "client_name": "sta0"}
2026-04-26 04:32:25,558 - METRIC - INFO - {"loss": 0.046075597405433655, "accuracy": 0.9824868440628052, "energy_consumption": 4.8585383458388245, "selected": true, "host_energy_consumption": 2.0778898392, "client_name": "sta5"}
2026-04-26 04:32:29,202 - METRIC - INFO - {"loss": 0.04414096474647522, "accuracy": 0.9850606918334961, "energy_consumption": 5.179538859582273, "selected": false, "host_energy_consumption": 1.97076716228, "client_name": "sta3"}
2026-04-26 04:32:29,393 - METRIC - INFO - {"loss": 0.04525228217244148, "accuracy": 0.9851138591766357, "energy_consumption": 4.971966422457202, "selected": false, "host_energy_consumption": 2.15955895316, "client_name": "sta4"}
2026-04-26 04:32:31,665 - METRIC - INFO - {"loss": 0.04388647899031639, "accuracy": 0.9850606918334961, "energy_consumption": 4.996142674145821, "selected": false, "host_energy_consumption": 1.78288465348, "client_name": "sta2"}
2026-04-26 04:32:31,916 - METRIC - INFO - mean_accuracy: 0.9849529067675272

2026-04-26 04:32:31,916 - METRIC - INFO - round: 37
2026-04-26 04:32:31,916 - METRIC - INFO - n_selected: 4
2026-04-26 04:32:31,916 - METRIC - INFO - {"selected_trainers": ["sta1", "sta2", "sta4", "sta5"]}
2026-04-26 04:32:49,941 - EXECUT - INFO - received weights from trainer sta1!
2026-04-26 04:33:13,774 - EXECUT - INFO - received weights from trainer sta2!
2026-04-26 04:33:29,533 - EXECUT - INFO - received weights from trainer sta4!
2026-04-26 04:33:41,845 - EXECUT - INFO - received weights from trainer sta5!
2026-04-26 04:33:43,265 - EXECUT - INFO - sent aggregated weights to trainers!
2026-04-26 04:34:00,999 - METRIC - INFO - {"loss": 0.03920099511742592, "accuracy": 0.9854142069816589, "energy_consumption": 5.481579730575056, "selected": true, "host_energy_consumption": 1.84655147208, "client_name": "sta1"}
2026-04-26 04:34:04,516 - METRIC - INFO - {"loss": 0.042409639805555344, "accuracy": 0.9871645569801331, "energy_consumption": 5.117046610857212, "selected": false, "host_energy_consumption": 2.19099165824, "client_name": "sta0"}
2026-04-26 04:34:10,778 - METRIC - INFO - {"loss": 0.042517658323049545, "accuracy": 0.9864612221717834, "energy_consumption": 5.179538859582273, "selected": false, "host_energy_consumption": 1.9747768224800002, "client_name": "sta3"}
2026-04-26 04:34:11,945 - METRIC - INFO - {"loss": 0.0408659428358078, "accuracy": 0.9841269850730896, "energy_consumption": 5.604146461067478, "selected": true, "host_energy_consumption": 1.9890636399200001, "client_name": "sta2"}
2026-04-26 04:34:12,124 - METRIC - INFO - {"loss": 0.04772284999489784, "accuracy": 0.9842382073402405, "energy_consumption": 4.975525297187134, "selected": true, "host_energy_consumption": 2.13569771128, "client_name": "sta5"}
2026-04-26 04:34:19,217 - METRIC - INFO - {"loss": 0.04879387095570564, "accuracy": 0.9816111922264099, "energy_consumption": 5.252132494174377, "selected": true, "host_energy_consumption": 2.26981567792, "client_name": "sta4"}
2026-04-26 04:34:19,302 - METRIC - INFO - mean_accuracy: 0.9848360617955526

2026-04-26 04:34:19,302 - METRIC - INFO - round: 38
2026-04-26 04:34:19,302 - METRIC - INFO - n_selected: 4
2026-04-26 04:34:19,302 - METRIC - INFO - {"selected_trainers": ["sta0", "sta3", "sta4", "sta5"]}
2026-04-26 04:34:31,069 - EXECUT - INFO - received weights from trainer sta0!
2026-04-26 04:34:57,023 - EXECUT - INFO - received weights from trainer sta3!
2026-04-26 04:35:15,013 - EXECUT - INFO - received weights from trainer sta4!
2026-04-26 04:35:28,047 - EXECUT - INFO - received weights from trainer sta5!
2026-04-26 04:35:29,462 - EXECUT - INFO - sent aggregated weights to trainers!
2026-04-26 04:35:43,932 - METRIC - INFO - {"loss": 0.046903807669878006, "accuracy": 0.9871645569801331, "energy_consumption": 5.362488793221953, "selected": true, "host_energy_consumption": 2.2728379576, "client_name": "sta0"}
2026-04-26 04:35:44,814 - METRIC - INFO - {"loss": 0.03806649520993233, "accuracy": 0.9842473864555359, "energy_consumption": 5.481579730575056, "selected": false, "host_energy_consumption": 1.85049273892, "client_name": "sta1"}
2026-04-26 04:35:46,099 - METRIC - INFO - {"loss": 0.04463130608201027, "accuracy": 0.985989511013031, "energy_consumption": 5.092696012926795, "selected": true, "host_energy_consumption": 2.19278974292, "client_name": "sta5"}
2026-04-26 04:35:50,227 - METRIC - INFO - {"loss": 0.04395990073680878, "accuracy": 0.9864612221717834, "energy_consumption": 5.74284094376528, "selected": true, "host_energy_consumption": 2.1788460218, "client_name": "sta3"}
2026-04-26 04:35:50,475 - METRIC - INFO - {"loss": 0.04002033919095993, "accuracy": 0.9864612221717834, "energy_consumption": 5.604146461067478, "selected": false, "host_energy_consumption": 1.9937290525600002, "client_name": "sta2"}
2026-04-26 04:35:54,375 - METRIC - INFO - {"loss": 0.048931099474430084, "accuracy": 0.9816111922264099, "energy_consumption": 5.526342046458014, "selected": true, "host_energy_consumption": 2.3793911862000003, "client_name": "sta4"}
2026-04-26 04:35:54,488 - METRIC - INFO - mean_accuracy: 0.9853225151697794

2026-04-26 04:35:54,488 - METRIC - INFO - round: 39
2026-04-26 04:35:54,488 - METRIC - INFO - n_selected: 2
2026-04-26 04:35:54,488 - METRIC - INFO - {"selected_trainers": ["sta0", "sta5"]}
2026-04-26 04:36:06,477 - EXECUT - INFO - received weights from trainer sta0!
2026-04-26 04:36:18,548 - EXECUT - INFO - received weights from trainer sta5!
2026-04-26 04:36:19,957 - EXECUT - INFO - sent aggregated weights to trainers!
2026-04-26 04:36:31,706 - METRIC - INFO - {"loss": 0.04362041503190994, "accuracy": 0.9871645569801331, "energy_consumption": 5.570711842478442, "selected": true, "host_energy_consumption": 2.3549648374000003, "client_name": "sta0"}
2026-04-26 04:36:32,693 - METRIC - INFO - {"loss": 0.03810220584273338, "accuracy": 0.9854142069816589, "energy_consumption": 5.481579730575056, "selected": false, "host_energy_consumption": 1.8540595852800001, "client_name": "sta1"}
2026-04-26 04:36:40,379 - METRIC - INFO - {"loss": 0.041969019919633865, "accuracy": 0.9842382073402405, "energy_consumption": 5.557219070756647, "selected": false, "host_energy_consumption": 2.3825517567600003, "client_name": "sta4"}
2026-04-26 04:36:41,651 - METRIC - INFO - {"loss": 0.04290831461548805, "accuracy": 0.9877408146858215, "energy_consumption": 5.2075056629431495, "selected": true, "host_energy_consumption": 2.2507881998, "client_name": "sta5"}
2026-04-26 04:36:41,812 - METRIC - INFO - {"loss": 0.043080512434244156, "accuracy": 0.985527515411377, "energy_consumption": 5.778345746342119, "selected": false, "host_energy_consumption": 2.18343232576, "client_name": "sta3"}
2026-04-26 04:36:44,308 - METRIC - INFO - {"loss": 0.03855646401643753, "accuracy": 0.9869281053543091, "energy_consumption": 5.604146461067478, "selected": false, "host_energy_consumption": 1.9973491678000002, "client_name": "sta2"}
2026-04-26 04:36:44,983 - METRIC - INFO - mean_accuracy: 0.98616890112559

2026-04-26 04:36:44,983 - METRIC - INFO - round: 40
2026-04-26 04:36:44,983 - METRIC - INFO - n_selected: 2
2026-04-26 04:36:44,984 - METRIC - INFO - {"selected_trainers": ["sta1", "sta5"]}
2026-04-26 04:37:04,720 - EXECUT - INFO - received weights from trainer sta1!
2026-04-26 04:37:17,987 - EXECUT - INFO - received weights from trainer sta5!
2026-04-26 04:37:19,404 - EXECUT - INFO - sent aggregated weights to trainers!
2026-04-26 04:37:33,202 - METRIC - INFO - {"loss": 0.039770420640707016, "accuracy": 0.9883313775062561, "energy_consumption": 5.570711842478442, "selected": false, "host_energy_consumption": 2.3580994312400003, "client_name": "sta0"}
2026-04-26 04:37:34,557 - METRIC - INFO - {"loss": 0.03733745217323303, "accuracy": 0.9865810871124268, "energy_consumption": 5.986762332611697, "selected": true, "host_energy_consumption": 2.02046578776, "client_name": "sta1"}
2026-04-26 04:37:42,467 - METRIC - INFO - {"loss": 0.04045931622385979, "accuracy": 0.9873949289321899, "energy_consumption": 5.778345746342119, "selected": false, "host_energy_consumption": 2.1877438430400002, "client_name": "sta3"}
2026-04-26 04:37:42,711 - METRIC - INFO - {"loss": 0.044388625770807266, "accuracy": 0.985989511013031, "energy_consumption": 5.330513104022331, "selected": true, "host_energy_consumption": 2.30945748348, "client_name": "sta5"}
2026-04-26 04:37:44,462 - METRIC - INFO - {"loss": 0.042234860360622406, "accuracy": 0.9842382073402405, "energy_consumption": 5.557219070756647, "selected": false, "host_energy_consumption": 2.38556902948, "client_name": "sta4"}
2026-04-26 04:37:46,472 - METRIC - INFO - {"loss": 0.039770375937223434, "accuracy": 0.9864612221717834, "energy_consumption": 5.638876400289481, "selected": false, "host_energy_consumption": 2.00106570384, "client_name": "sta2"}
2026-04-26 04:37:47,433 - METRIC - INFO - mean_accuracy: 0.9864993890126547

2026-04-26 04:37:47,433 - METRIC - INFO - round: 41
2026-04-26 04:37:47,433 - METRIC - INFO - n_selected: 4
2026-04-26 04:37:47,433 - METRIC - INFO - {"selected_trainers": ["sta0", "sta2", "sta4", "sta5"]}
2026-04-26 04:38:00,810 - EXECUT - INFO - received weights from trainer sta0!
2026-04-26 04:38:22,656 - EXECUT - INFO - received weights from trainer sta2!
2026-04-26 04:38:40,046 - EXECUT - INFO - received weights from trainer sta4!
2026-04-26 04:38:52,602 - EXECUT - INFO - received weights from trainer sta5!
2026-04-26 04:38:54,029 - EXECUT - INFO - sent aggregated weights to trainers!
2026-04-26 04:39:10,368 - METRIC - INFO - {"loss": 0.041818130761384964, "accuracy": 0.9883313775062561, "energy_consumption": 5.73611105039566, "selected": true, "host_energy_consumption": 2.43969927852, "client_name": "sta0"}
2026-04-26 04:39:12,300 - METRIC - INFO - {"loss": 0.03654027357697487, "accuracy": 0.9865810871124268, "energy_consumption": 5.986762332611697, "selected": false, "host_energy_consumption": 2.02428884448, "client_name": "sta1"}
2026-04-26 04:39:16,616 - METRIC - INFO - {"loss": 0.039138417690992355, "accuracy": 0.9859943985939026, "energy_consumption": 6.241334651982063, "selected": true, "host_energy_consumption": 2.20800698048, "client_name": "sta2"}
2026-04-26 04:39:17,435 - METRIC - INFO - {"loss": 0.04192548245191574, "accuracy": 0.9845938086509705, "energy_consumption": 5.818406663424021, "selected": false, "host_energy_consumption": 2.19186463804, "client_name": "sta3"}
2026-04-26 04:39:18,565 - METRIC - INFO - {"loss": 0.048013605177402496, "accuracy": 0.9798598885536194, "energy_consumption": 5.8001066344893975, "selected": true, "host_energy_consumption": 2.49578730156, "client_name": "sta4"}
2026-04-26 04:39:20,053 - METRIC - INFO - {"loss": 0.04321796074509621, "accuracy": 0.985989511013031, "energy_consumption": 5.445466768275353, "selected": true, "host_energy_consumption": 2.36592288352, "client_name": "sta5"}
2026-04-26 04:39:20,056 - METRIC - INFO - mean_accuracy: 0.9852250119050344

2026-04-26 04:39:20,056 - METRIC - INFO - round: 42
2026-04-26 04:39:20,056 - METRIC - INFO - n_selected: 4
2026-04-26 04:39:20,056 - METRIC - INFO - {"selected_trainers": ["sta0", "sta3", "sta4", "sta5"]}
2026-04-26 04:39:31,264 - EXECUT - INFO - received weights from trainer sta0!
2026-04-26 04:39:56,258 - EXECUT - INFO - received weights from trainer sta3!
2026-04-26 04:40:13,720 - EXECUT - INFO - received weights from trainer sta4!
2026-04-26 04:40:28,282 - EXECUT - INFO - received weights from trainer sta5!
2026-04-26 04:40:29,697 - EXECUT - INFO - sent aggregated weights to trainers!
2026-04-26 04:40:46,325 - METRIC - INFO - {"loss": 0.03649260476231575, "accuracy": 0.9859976768493652, "energy_consumption": 5.986762332611697, "selected": false, "host_energy_consumption": 2.02792437456, "client_name": "sta1"}
2026-04-26 04:40:51,227 - METRIC - INFO - {"loss": 0.04199336841702461, "accuracy": 0.9883313775062561, "energy_consumption": 5.9045232014583, "selected": true, "host_energy_consumption": 2.52128359112, "client_name": "sta0"}
2026-04-26 04:40:55,422 - METRIC - INFO - {"loss": 0.044248856604099274, "accuracy": 0.9877408146858215, "energy_consumption": 5.605379399374628, "selected": true, "host_energy_consumption": 2.42304191724, "client_name": "sta5"}
2026-04-26 04:41:00,523 - METRIC - INFO - {"loss": 0.038045238703489304, "accuracy": 0.9864612221717834, "energy_consumption": 6.274863000631589, "selected": false, "host_energy_consumption": 2.21222698172, "client_name": "sta2"}
2026-04-26 04:41:00,713 - METRIC - INFO - {"loss": 0.049125365912914276, "accuracy": 0.9824868440628052, "energy_consumption": 6.072214186130042, "selected": true, "host_energy_consumption": 2.60736525588, "client_name": "sta4"}
2026-04-26 04:41:01,038 - METRIC - INFO - {"loss": 0.042286813259124756, "accuracy": 0.9850606918334961, "energy_consumption": 6.329085196845732, "selected": true, "host_energy_consumption": 2.3957297680400003, "client_name": "sta3"}
2026-04-26 04:41:01,730 - METRIC - INFO - mean_accuracy: 0.9860131045182546

2026-04-26 04:41:01,730 - METRIC - INFO - round: 43
2026-04-26 04:41:01,730 - METRIC - INFO - n_selected: 3
2026-04-26 04:41:01,730 - METRIC - INFO - {"selected_trainers": ["sta0", "sta1", "sta5"]}
2026-04-26 04:41:13,190 - EXECUT - INFO - received weights from trainer sta0!
2026-04-26 04:41:31,459 - EXECUT - INFO - received weights from trainer sta1!
2026-04-26 04:41:48,882 - EXECUT - INFO - received weights from trainer sta5!
2026-04-26 04:41:50,301 - EXECUT - INFO - sent aggregated weights to trainers!
2026-04-26 04:42:04,722 - METRIC - INFO - {"loss": 0.03582753613591194, "accuracy": 0.9865810871124268, "energy_consumption": 6.460819972197164, "selected": true, "host_energy_consumption": 2.19354403604, "client_name": "sta1"}
2026-04-26 04:42:06,300 - METRIC - INFO - {"loss": 0.04368097335100174, "accuracy": 0.9871645569801331, "energy_consumption": 6.109551188373754, "selected": true, "host_energy_consumption": 2.6020685457200003, "client_name": "sta0"}
2026-04-26 04:42:08,749 - METRIC - INFO - {"loss": 0.03764134645462036, "accuracy": 0.9878618121147156, "energy_consumption": 6.314920978614998, "selected": false, "host_energy_consumption": 2.21616219804, "client_name": "sta2"}
2026-04-26 04:42:10,637 - METRIC - INFO - {"loss": 0.04085446521639824, "accuracy": 0.9851138591766357, "energy_consumption": 6.1122693776128205, "selected": false, "host_energy_consumption": 2.6103500234, "client_name": "sta4"}
2026-04-26 04:42:15,364 - METRIC - INFO - {"loss": 0.041299935430288315, "accuracy": 0.9859943985939026, "energy_consumption": 6.361289352074273, "selected": false, "host_energy_consumption": 2.39948754164, "client_name": "sta3"}
2026-04-26 04:42:16,274 - METRIC - INFO - {"loss": 0.04506993666291237, "accuracy": 0.9842382073402405, "energy_consumption": 5.72633979888623, "selected": true, "host_energy_consumption": 2.4798097548, "client_name": "sta5"}
2026-04-26 04:42:16,329 - METRIC - INFO - mean_accuracy: 0.9861589868863424

2026-04-26 04:42:16,329 - METRIC - INFO - round: 44
2026-04-26 04:42:16,329 - METRIC - INFO - n_selected: 3
2026-04-26 04:42:16,329 - METRIC - INFO - {"selected_trainers": ["sta0", "sta4", "sta5"]}
2026-04-26 04:42:27,545 - EXECUT - INFO - received weights from trainer sta0!
2026-04-26 04:42:44,241 - EXECUT - INFO - received weights from trainer sta4!
2026-04-26 04:42:53,887 - EXECUT - INFO - received weights from trainer sta5!
2026-04-26 04:42:55,291 - EXECUT - INFO - sent aggregated weights to trainers!
2026-04-26 04:43:08,201 - METRIC - INFO - {"loss": 0.041069187223911285, "accuracy": 0.9883313775062561, "energy_consumption": 6.275584394329709, "selected": true, "host_energy_consumption": 2.68270363984, "client_name": "sta0"}
2026-04-26 04:43:10,591 - METRIC - INFO - {"loss": 0.035223815590143204, "accuracy": 0.9877479672431946, "energy_consumption": 6.497090024463226, "selected": false, "host_energy_consumption": 2.19720945612, "client_name": "sta1"}
2026-04-26 04:43:19,381 - METRIC - INFO - {"loss": 0.03913711756467819, "accuracy": 0.9873949289321899, "energy_consumption": 6.314920978614998, "selected": false, "host_energy_consumption": 2.22014871876, "client_name": "sta2"}
2026-04-26 04:43:20,926 - METRIC - INFO - {"loss": 0.04016692191362381, "accuracy": 0.9850606918334961, "energy_consumption": 6.40050188542083, "selected": false, "host_energy_consumption": 2.4040286438000003, "client_name": "sta3"}
2026-04-26 04:43:20,948 - METRIC - INFO - {"loss": 0.04251439869403839, "accuracy": 0.9877408146858215, "energy_consumption": 5.845396457353986, "selected": true, "host_energy_consumption": 2.53681765344, "client_name": "sta5"}
2026-04-26 04:43:22,270 - METRIC - INFO - {"loss": 0.04696931689977646, "accuracy": 0.9824868440628052, "energy_consumption": 6.347460958829901, "selected": true, "host_energy_consumption": 2.71824261352, "client_name": "sta4"}
2026-04-26 04:43:22,320 - METRIC - INFO - mean_accuracy: 0.9864604373772939

2026-04-26 04:43:22,320 - METRIC - INFO - round: 45
2026-04-26 04:43:22,320 - METRIC - INFO - n_selected: 2
2026-04-26 04:43:22,320 - METRIC - INFO - {"selected_trainers": ["sta0", "sta5"]}
2026-04-26 04:43:33,046 - EXECUT - INFO - received weights from trainer sta0!
2026-04-26 04:43:47,266 - EXECUT - INFO - received weights from trainer sta5!
2026-04-26 04:43:48,672 - EXECUT - INFO - sent aggregated weights to trainers!
2026-04-26 04:44:07,383 - METRIC - INFO - {"loss": 0.04180237278342247, "accuracy": 0.9883313775062561, "energy_consumption": 6.518167735140491, "selected": true, "host_energy_consumption": 2.76397356844, "client_name": "sta0"}
2026-04-26 04:44:09,888 - METRIC - INFO - {"loss": 0.03603057563304901, "accuracy": 0.9883313775062561, "energy_consumption": 6.497090024463226, "selected": false, "host_energy_consumption": 2.2008199668, "client_name": "sta1"}
2026-04-26 04:44:17,620 - METRIC - INFO - {"loss": 0.03922732174396515, "accuracy": 0.9873949289321899, "energy_consumption": 6.347666023340187, "selected": false, "host_energy_consumption": 2.22432086856, "client_name": "sta2"}
2026-04-26 04:44:17,797 - METRIC - INFO - {"loss": 0.04279816523194313, "accuracy": 0.9842382073402405, "energy_consumption": 6.347460958829901, "selected": false, "host_energy_consumption": 2.72211859724, "client_name": "sta4"}
2026-04-26 04:44:19,046 - METRIC - INFO - {"loss": 0.041869569569826126, "accuracy": 0.9850606918334961, "energy_consumption": 6.40050188542083, "selected": false, "host_energy_consumption": 2.4077768985200003, "client_name": "sta3"}
2026-04-26 04:44:27,339 - METRIC - INFO - {"loss": 0.04368269816040993, "accuracy": 0.985989511013031, "energy_consumption": 5.95884429857523, "selected": true, "host_energy_consumption": 2.59240619316, "client_name": "sta5"}
2026-04-26 04:44:27,712 - METRIC - INFO - mean_accuracy: 0.986557682355245

2026-04-26 04:44:27,712 - METRIC - INFO - round: 46
2026-04-26 04:44:27,712 - METRIC - INFO - n_selected: 1
2026-04-26 04:44:27,712 - METRIC - INFO - {"selected_trainers": ["sta5"]}
2026-04-26 04:44:40,517 - EXECUT - INFO - received weights from trainer sta5!
2026-04-26 04:44:41,924 - EXECUT - INFO - sent aggregated weights to trainers!
2026-04-26 04:44:57,109 - METRIC - INFO - {"loss": 0.0353255569934845, "accuracy": 0.9871645569801331, "energy_consumption": 6.497090024463226, "selected": false, "host_energy_consumption": 2.2054582754400003, "client_name": "sta1"}
2026-04-26 04:45:01,399 - METRIC - INFO - {"loss": 0.03770424425601959, "accuracy": 0.9883313775062561, "energy_consumption": 6.518167735140491, "selected": false, "host_energy_consumption": 2.76687247676, "client_name": "sta0"}
2026-04-26 04:45:10,037 - METRIC - INFO - {"loss": 0.041240792721509933, "accuracy": 0.9842382073402405, "energy_consumption": 6.383063756259675, "selected": false, "host_energy_consumption": 2.7251191559200003, "client_name": "sta4"}
2026-04-26 04:45:11,149 - METRIC - INFO - {"loss": 0.040157053619623184, "accuracy": 0.9864612221717834, "energy_consumption": 6.347666023340187, "selected": false, "host_energy_consumption": 2.22824005516, "client_name": "sta2"}
2026-04-26 04:45:11,468 - METRIC - INFO - {"loss": 0.044688742607831955, "accuracy": 0.985989511013031, "energy_consumption": 6.112625798542482, "selected": true, "host_energy_consumption": 2.648797543, "client_name": "sta5"}
2026-04-26 04:45:12,757 - METRIC - INFO - {"loss": 0.03963710367679596, "accuracy": 0.9869281053543091, "energy_consumption": 6.40050188542083, "selected": false, "host_energy_consumption": 2.4113993722, "client_name": "sta3"}
2026-04-26 04:45:12,958 - METRIC - INFO - mean_accuracy: 0.9865188300609589

2026-04-26 04:45:12,958 - METRIC - INFO - round: 47
2026-04-26 04:45:12,958 - METRIC - INFO - n_selected: 2
2026-04-26 04:45:12,958 - METRIC - INFO - {"selected_trainers": ["sta2", "sta5"]}
2026-04-26 04:45:38,782 - EXECUT - INFO - received weights from trainer sta2!
2026-04-26 04:45:53,207 - EXECUT - INFO - received weights from trainer sta5!
2026-04-26 04:45:54,623 - EXECUT - INFO - sent aggregated weights to trainers!
2026-04-26 04:46:08,141 - METRIC - INFO - {"loss": 0.03560725599527359, "accuracy": 0.9906651377677917, "energy_consumption": 6.55763997733963, "selected": false, "host_energy_consumption": 2.7705437074000003, "client_name": "sta0"}
2026-04-26 04:46:16,459 - METRIC - INFO - {"loss": 0.03908875584602356, "accuracy": 0.9859943985939026, "energy_consumption": 6.922508066860109, "selected": true, "host_energy_consumption": 2.43235445712, "client_name": "sta2"}
2026-04-26 04:46:16,938 - METRIC - INFO - {"loss": 0.03697211295366287, "accuracy": 0.9865810871124268, "energy_consumption": 6.497090024463226, "selected": false, "host_energy_consumption": 2.20931076072, "client_name": "sta1"}
2026-04-26 04:46:19,879 - METRIC - INFO - {"loss": 0.043136678636074066, "accuracy": 0.985989511013031, "energy_consumption": 6.383063756259675, "selected": false, "host_energy_consumption": 2.7281148610800003, "client_name": "sta4"}
2026-04-26 04:46:20,494 - METRIC - INFO - {"loss": 0.04473639652132988, "accuracy": 0.985989511013031, "energy_consumption": 6.269299806968037, "selected": true, "host_energy_consumption": 2.70478037788, "client_name": "sta5"}
2026-04-26 04:46:28,481 - METRIC - INFO - {"loss": 0.04131901264190674, "accuracy": 0.985527515411377, "energy_consumption": 6.436465937635639, "selected": false, "host_energy_consumption": 2.4150306983600003, "client_name": "sta3"}
2026-04-26 04:46:28,658 - METRIC - INFO - mean_accuracy: 0.98679119348526

2026-04-26 04:46:28,658 - METRIC - INFO - round: 48
2026-04-26 04:46:28,658 - METRIC - INFO - n_selected: 4
2026-04-26 04:46:28,658 - METRIC - INFO - {"selected_trainers": ["sta1", "sta3", "sta4", "sta5"]}
2026-04-26 04:46:45,944 - EXECUT - INFO - received weights from trainer sta1!
2026-04-26 04:47:12,008 - EXECUT - INFO - received weights from trainer sta3!
2026-04-26 04:47:27,645 - EXECUT - INFO - received weights from trainer sta4!
2026-04-26 04:47:37,399 - EXECUT - INFO - received weights from trainer sta5!
2026-04-26 04:47:38,812 - EXECUT - INFO - sent aggregated weights to trainers!
2026-04-26 04:47:55,390 - METRIC - INFO - {"loss": 0.03574487194418907, "accuracy": 0.9871645569801331, "energy_consumption": 6.969148641532676, "selected": true, "host_energy_consumption": 2.3745602916, "client_name": "sta1"}
2026-04-26 04:47:59,637 - METRIC - INFO - {"loss": 0.034853123128414154, "accuracy": 0.9906651377677917, "energy_consumption": 6.55763997733963, "selected": false, "host_energy_consumption": 2.77346925884, "client_name": "sta0"}
2026-04-26 04:48:01,470 - METRIC - INFO - {"loss": 0.04779548570513725, "accuracy": 0.9807355403900146, "energy_consumption": 6.62289540624147, "selected": true, "host_energy_consumption": 2.8365061482800003, "client_name": "sta4"}
2026-04-26 04:48:05,151 - METRIC - INFO - {"loss": 0.03870420157909393, "accuracy": 0.985527515411377, "energy_consumption": 6.922508066860109, "selected": false, "host_energy_consumption": 2.43674932116, "client_name": "sta2"}
2026-04-26 04:48:05,270 - METRIC - INFO - {"loss": 0.042213670909404755, "accuracy": 0.9877408146858215, "energy_consumption": 6.464993045392547, "selected": true, "host_energy_consumption": 2.7621746426400002, "client_name": "sta5"}
2026-04-26 04:48:05,746 - METRIC - INFO - {"loss": 0.04117336496710777, "accuracy": 0.9850606918334961, "energy_consumption": 6.997653512919264, "selected": true, "host_energy_consumption": 2.61827076896, "client_name": "sta3"}
2026-04-26 04:48:05,841 - METRIC - INFO - mean_accuracy: 0.9861490428447723

2026-04-26 04:48:05,841 - METRIC - INFO - round: 49
2026-04-26 04:48:05,841 - METRIC - INFO - n_selected: 3
2026-04-26 04:48:05,841 - METRIC - INFO - {"selected_trainers": ["sta0", "sta4", "sta5"]}
2026-04-26 04:48:16,919 - EXECUT - INFO - received weights from trainer sta0!
2026-04-26 04:48:33,373 - EXECUT - INFO - received weights from trainer sta4!
2026-04-26 04:48:44,126 - EXECUT - INFO - received weights from trainer sta5!
2026-04-26 04:48:45,543 - EXECUT - INFO - sent aggregated weights to trainers!
2026-04-26 04:49:00,984 - METRIC - INFO - {"loss": 0.03504490107297897, "accuracy": 0.9877479672431946, "energy_consumption": 6.969148641532676, "selected": false, "host_energy_consumption": 2.37843678828, "client_name": "sta1"}
2026-04-26 04:49:02,856 - METRIC - INFO - {"loss": 0.03997446596622467, "accuracy": 0.9883313775062561, "energy_consumption": 6.728786156028217, "selected": true, "host_energy_consumption": 2.85502644952, "client_name": "sta0"}
2026-04-26 04:49:10,379 - METRIC - INFO - {"loss": 0.041878122836351395, "accuracy": 0.9877408146858215, "energy_consumption": 6.625213274052002, "selected": true, "host_energy_consumption": 2.8184836022, "client_name": "sta5"}
2026-04-26 04:49:13,516 - METRIC - INFO - {"loss": 0.046442825347185135, "accuracy": 0.9807355403900146, "energy_consumption": 6.8616291861028476, "selected": true, "host_energy_consumption": 2.94426760824, "client_name": "sta4"}
2026-04-26 04:49:14,126 - METRIC - INFO - {"loss": 0.03729500249028206, "accuracy": 0.9873949289321899, "energy_consumption": 6.922508066860109, "selected": false, "host_energy_consumption": 2.4405976534800002, "client_name": "sta2"}
2026-04-26 04:49:19,168 - METRIC - INFO - {"loss": 0.03995203971862793, "accuracy": 0.9845938086509705, "energy_consumption": 7.032838152455348, "selected": false, "host_energy_consumption": 2.62194254672, "client_name": "sta3"}
2026-04-26 04:49:19,577 - METRIC - INFO - mean_accuracy: 0.9860907395680746

2026-04-26 04:49:19,577 - METRIC - INFO - round: 50
2026-04-26 04:49:19,577 - METRIC - INFO - n_selected: 2
2026-04-26 04:49:19,577 - METRIC - INFO - {"selected_trainers": ["sta0", "sta5"]}
2026-04-26 04:49:30,120 - EXECUT - INFO - received weights from trainer sta0!
2026-04-26 04:49:40,864 - EXECUT - INFO - received weights from trainer sta5!
2026-04-26 04:49:42,305 - EXECUT - INFO - sent aggregated weights to trainers!
2026-04-26 04:49:56,441 - METRIC - INFO - {"loss": 0.03566864877939224, "accuracy": 0.9871645569801331, "energy_consumption": 6.969148641532676, "selected": false, "host_energy_consumption": 2.3820595355200003, "client_name": "sta1"}
2026-04-26 04:50:03,073 - METRIC - INFO - {"loss": 0.03984152898192406, "accuracy": 0.9883313775062561, "energy_consumption": 6.934440336237355, "selected": true, "host_energy_consumption": 2.93610203292, "client_name": "sta0"}
2026-04-26 04:50:09,539 - METRIC - INFO - {"loss": 0.042212385684251785, "accuracy": 0.9877408146858215, "energy_consumption": 6.742583225381339, "selected": true, "host_energy_consumption": 2.87460843684, "client_name": "sta5"}
2026-04-26 04:50:10,147 - METRIC - INFO - {"loss": 0.04236007481813431, "accuracy": 0.9833624958992004, "energy_consumption": 6.8616291861028476, "selected": false, "host_energy_consumption": 2.9473178812, "client_name": "sta4"}
2026-04-26 04:50:10,641 - METRIC - INFO - {"loss": 0.03853873908519745, "accuracy": 0.9873949289321899, "energy_consumption": 6.922508066860109, "selected": false, "host_energy_consumption": 2.44601855512, "client_name": "sta2"}
2026-04-26 04:50:10,992 - METRIC - INFO - {"loss": 0.04121601581573486, "accuracy": 0.9864612221717834, "energy_consumption": 7.032838152455348, "selected": false, "host_energy_consumption": 2.62643554068, "client_name": "sta3"}
2026-04-26 04:50:11,335 - METRIC - INFO - mean_accuracy: 0.9867425660292307

2026-04-26 04:50:11,335 - METRIC - INFO - round: 51
2026-04-26 04:50:11,335 - METRIC - INFO - n_selected: 2
2026-04-26 04:50:11,335 - METRIC - INFO - {"selected_trainers": ["sta4", "sta5"]}
2026-04-26 04:51:00,131 - EXECUT - INFO - received weights from trainer sta4!
2026-04-26 04:51:09,374 - EXECUT - INFO - received weights from trainer sta5!
2026-04-26 04:51:10,804 - EXECUT - INFO - sent aggregated weights to trainers!
2026-04-26 04:51:26,445 - METRIC - INFO - {"loss": 0.035964470356702805, "accuracy": 0.9883313775062561, "energy_consumption": 6.934440336237355, "selected": false, "host_energy_consumption": 2.9391398302000002, "client_name": "sta0"}
2026-04-26 04:51:30,555 - METRIC - INFO - {"loss": 0.038974713534116745, "accuracy": 0.9873949289321899, "energy_consumption": 6.9567064059806025, "selected": false, "host_energy_consumption": 2.45015958488, "client_name": "sta2"}
2026-04-26 04:51:33,018 - METRIC - INFO - {"loss": 0.03503427654504776, "accuracy": 0.9877479672431946, "energy_consumption": 6.969148641532676, "selected": false, "host_energy_consumption": 2.38555366448, "client_name": "sta1"}
2026-04-26 04:51:36,237 - METRIC - INFO - {"loss": 0.03899778798222542, "accuracy": 0.9873949289321899, "energy_consumption": 7.032838152455348, "selected": false, "host_energy_consumption": 2.63070513664, "client_name": "sta3"}
2026-04-26 04:51:36,352 - METRIC - INFO - {"loss": 0.042622171342372894, "accuracy": 0.985989511013031, "energy_consumption": 6.8993843764419305, "selected": true, "host_energy_consumption": 2.9312738725200003, "client_name": "sta5"}
2026-04-26 04:51:36,418 - METRIC - INFO - {"loss": 0.04553248733282089, "accuracy": 0.9807355403900146, "energy_consumption": 7.094028658720562, "selected": true, "host_energy_consumption": 3.056699198, "client_name": "sta4"}
2026-04-26 04:51:36,831 - METRIC - INFO - mean_accuracy: 0.9862657090028127

2026-04-26 04:51:36,831 - METRIC - INFO - round: 52
2026-04-26 04:51:36,831 - METRIC - INFO - n_selected: 4
2026-04-26 04:51:36,831 - METRIC - INFO - {"selected_trainers": ["sta0", "sta1", "sta2", "sta5"]}
2026-04-26 04:51:51,466 - EXECUT - INFO - received weights from trainer sta0!
2026-04-26 04:52:09,719 - EXECUT - INFO - received weights from trainer sta1!
2026-04-26 04:52:31,676 - EXECUT - INFO - received weights from trainer sta2!
2026-04-26 04:52:42,511 - EXECUT - INFO - received weights from trainer sta5!
2026-04-26 04:52:43,924 - EXECUT - INFO - sent aggregated weights to trainers!
2026-04-26 04:53:00,497 - METRIC - INFO - {"loss": 0.03437180817127228, "accuracy": 0.9889148473739624, "energy_consumption": 7.446574575418616, "selected": true, "host_energy_consumption": 2.55060650852, "client_name": "sta1"}
2026-04-26 04:53:02,837 - METRIC - INFO - {"loss": 0.03841938450932503, "accuracy": 0.9883313775062561, "energy_consumption": 7.146679824926974, "selected": true, "host_energy_consumption": 3.0200664930800003, "client_name": "sta0"}
2026-04-26 04:53:11,959 - METRIC - INFO - {"loss": 0.0445215106010437, "accuracy": 0.985989511013031, "energy_consumption": 7.017107374062733, "selected": true, "host_energy_consumption": 2.98695579028, "client_name": "sta5"}
2026-04-26 04:53:13,977 - METRIC - INFO - {"loss": 0.0427444726228714, "accuracy": 0.9859943985939026, "energy_consumption": 7.032838152455348, "selected": false, "host_energy_consumption": 2.63441623816, "client_name": "sta3"}
2026-04-26 04:53:14,874 - METRIC - INFO - {"loss": 0.04328441619873047, "accuracy": 0.9824868440628052, "energy_consumption": 7.126705105935999, "selected": false, "host_energy_consumption": 3.06039743044, "client_name": "sta4"}
2026-04-26 04:53:14,969 - METRIC - INFO - {"loss": 0.03808760643005371, "accuracy": 0.985527515411377, "energy_consumption": 7.517278655799876, "selected": true, "host_energy_consumption": 2.65368343156, "client_name": "sta2"}
2026-04-26 04:53:15,957 - METRIC - INFO - mean_accuracy: 0.9862074156602224

2026-04-26 04:53:15,957 - METRIC - INFO - round: 53
2026-04-26 04:53:15,957 - METRIC - INFO - n_selected: 4
2026-04-26 04:53:15,957 - METRIC - INFO - {"selected_trainers": ["sta0", "sta3", "sta4", "sta5"]}
2026-04-26 04:53:26,812 - EXECUT - INFO - received weights from trainer sta0!
2026-04-26 04:53:51,795 - EXECUT - INFO - received weights from trainer sta3!
2026-04-26 04:54:13,004 - EXECUT - INFO - received weights from trainer sta4!
2026-04-26 04:54:24,803 - EXECUT - INFO - received weights from trainer sta5!
2026-04-26 04:54:26,214 - EXECUT - INFO - sent aggregated weights to trainers!
2026-04-26 04:54:39,720 - METRIC - INFO - {"loss": 0.033415019512176514, "accuracy": 0.9894982576370239, "energy_consumption": 7.482351140489932, "selected": false, "host_energy_consumption": 2.55476924248, "client_name": "sta1"}
2026-04-26 04:54:40,900 - METRIC - INFO - {"loss": 0.038681380450725555, "accuracy": 0.9894982576370239, "energy_consumption": 7.313963602191489, "selected": true, "host_energy_consumption": 3.10160245864, "client_name": "sta0"}
2026-04-26 04:54:45,247 - METRIC - INFO - {"loss": 0.0375162735581398, "accuracy": 0.985527515411377, "energy_consumption": 7.517278655799876, "selected": false, "host_energy_consumption": 2.6577925544800003, "client_name": "sta2"}
2026-04-26 04:54:45,730 - METRIC - INFO - {"loss": 0.04670323058962822, "accuracy": 0.9798598885536194, "energy_consumption": 7.366209878570915, "selected": true, "host_energy_consumption": 3.16832835284, "client_name": "sta4"}
2026-04-26 04:54:46,891 - METRIC - INFO - {"loss": 0.04073742777109146, "accuracy": 0.9864612221717834, "energy_consumption": 7.584005310935815, "selected": true, "host_energy_consumption": 2.8354778888800003, "client_name": "sta3"}
2026-04-26 04:54:51,032 - METRIC - INFO - {"loss": 0.04192769154906273, "accuracy": 0.985989511013031, "energy_consumption": 7.136764625942463, "selected": true, "host_energy_consumption": 3.0431197944000004, "client_name": "sta5"}
2026-04-26 04:54:51,240 - METRIC - INFO - mean_accuracy: 0.9861391087373098

2026-04-26 04:54:51,240 - METRIC - INFO - round: 54
2026-04-26 04:54:51,240 - METRIC - INFO - n_selected: 3
2026-04-26 04:54:51,240 - METRIC - INFO - {"selected_trainers": ["sta0", "sta4", "sta5"]}
2026-04-26 04:55:01,365 - EXECUT - INFO - received weights from trainer sta0!
2026-04-26 04:55:16,973 - EXECUT - INFO - received weights from trainer sta4!
2026-04-26 04:55:31,399 - EXECUT - INFO - received weights from trainer sta5!
2026-04-26 04:55:32,802 - EXECUT - INFO - sent aggregated weights to trainers!
2026-04-26 04:55:51,703 - METRIC - INFO - {"loss": 0.03396366909146309, "accuracy": 0.9889148473739624, "energy_consumption": 7.482351140489932, "selected": false, "host_energy_consumption": 2.55907817928, "client_name": "sta1"}
2026-04-26 04:55:51,763 - METRIC - INFO - {"loss": 0.039075013250112534, "accuracy": 0.9883313775062561, "energy_consumption": 7.51186272066715, "selected": true, "host_energy_consumption": 3.1836142727200003, "client_name": "sta0"}
2026-04-26 04:56:01,374 - METRIC - INFO - {"loss": 0.03674393519759178, "accuracy": 0.9869281053543091, "energy_consumption": 7.517278655799876, "selected": false, "host_energy_consumption": 2.6618703860000004, "client_name": "sta2"}
2026-04-26 04:56:01,540 - METRIC - INFO - {"loss": 0.044330645352602005, "accuracy": 0.9824868440628052, "energy_consumption": 7.606494547111142, "selected": true, "host_energy_consumption": 3.2773561842000003, "client_name": "sta4"}
2026-04-26 04:56:06,917 - METRIC - INFO - {"loss": 0.042364995926618576, "accuracy": 0.9877408146858215, "energy_consumption": 7.296436104725573, "selected": true, "host_energy_consumption": 3.0993957372, "client_name": "sta5"}
2026-04-26 04:56:13,044 - METRIC - INFO - {"loss": 0.03959468752145767, "accuracy": 0.9859943985939026, "energy_consumption": 7.584005310935815, "selected": false, "host_energy_consumption": 2.8390317984, "client_name": "sta3"}
2026-04-26 04:56:13,842 - METRIC - INFO - mean_accuracy: 0.9867327312628428

2026-04-26 04:56:13,842 - METRIC - INFO - round: 55
2026-04-26 04:56:13,842 - METRIC - INFO - n_selected: 2
2026-04-26 04:56:13,842 - METRIC - INFO - {"selected_trainers": ["sta1", "sta5"]}
2026-04-26 04:56:33,741 - EXECUT - INFO - received weights from trainer sta1!
2026-04-26 04:56:50,651 - EXECUT - INFO - received weights from trainer sta5!
2026-04-26 04:56:52,068 - EXECUT - INFO - sent aggregated weights to trainers!
2026-04-26 04:57:03,723 - METRIC - INFO - {"loss": 0.03311006724834442, "accuracy": 0.9894982576370239, "energy_consumption": 7.51186272066715, "selected": false, "host_energy_consumption": 3.18647828352, "client_name": "sta0"}
2026-04-26 04:57:05,305 - METRIC - INFO - {"loss": 0.03381717950105667, "accuracy": 0.9883313775062561, "energy_consumption": 7.948073118429583, "selected": true, "host_energy_consumption": 2.72395508392, "client_name": "sta1"}
2026-04-26 04:57:19,256 - METRIC - INFO - {"loss": 0.04050561785697937, "accuracy": 0.9869281053543091, "energy_consumption": 7.584005310935815, "selected": false, "host_energy_consumption": 2.84302901736, "client_name": "sta3"}
2026-04-26 04:57:19,789 - METRIC - INFO - {"loss": 0.037948526442050934, "accuracy": 0.9878618121147156, "energy_consumption": 7.55151816773226, "selected": false, "host_energy_consumption": 2.66602604436, "client_name": "sta2"}
2026-04-26 04:57:20,159 - METRIC - INFO - {"loss": 0.04088864102959633, "accuracy": 0.9833624958992004, "energy_consumption": 7.6419836638989285, "selected": false, "host_energy_consumption": 3.2805372796000003, "client_name": "sta4"}
2026-04-26 04:57:28,722 - METRIC - INFO - {"loss": 0.04318608343601227, "accuracy": 0.985989511013031, "energy_consumption": 7.408426825477918, "selected": true, "host_energy_consumption": 3.1550017083200004, "client_name": "sta5"}
2026-04-26 04:57:29,106 - METRIC - INFO - mean_accuracy: 0.986995259920756

2026-04-26 04:57:29,106 - METRIC - INFO - round: 56
2026-04-26 04:57:29,106 - METRIC - INFO - n_selected: 4
2026-04-26 04:57:29,106 - METRIC - INFO - {"selected_trainers": ["sta0", "sta2", "sta3", "sta5"]}
2026-04-26 04:57:40,350 - EXECUT - INFO - received weights from trainer sta0!
2026-04-26 04:58:03,393 - EXECUT - INFO - received weights from trainer sta2!
2026-04-26 04:58:26,495 - EXECUT - INFO - received weights from trainer sta3!
2026-04-26 04:58:41,399 - EXECUT - INFO - received weights from trainer sta5!
2026-04-26 04:58:42,817 - EXECUT - INFO - sent aggregated weights to trainers!
2026-04-26 04:58:53,960 - METRIC - INFO - {"loss": 0.03744877129793167, "accuracy": 0.9883313775062561, "energy_consumption": 7.677194939710471, "selected": true, "host_energy_consumption": 3.26781665672, "client_name": "sta0"}
2026-04-26 04:58:55,382 - METRIC - INFO - {"loss": 0.033022426068782806, "accuracy": 0.9871645569801331, "energy_consumption": 7.980789983415399, "selected": false, "host_energy_consumption": 2.72771569448, "client_name": "sta1"}
2026-04-26 04:59:06,429 - METRIC - INFO - {"loss": 0.03975498676300049, "accuracy": 0.9869281053543091, "energy_consumption": 8.138681670361443, "selected": true, "host_energy_consumption": 3.0440009639200003, "client_name": "sta3"}
2026-04-26 04:59:06,834 - METRIC - INFO - {"loss": 0.04174139350652695, "accuracy": 0.9833624958992004, "energy_consumption": 7.6419836638989285, "selected": false, "host_energy_consumption": 3.2850004860400004, "client_name": "sta4"}
2026-04-26 04:59:06,948 - METRIC - INFO - {"loss": 0.03913160786032677, "accuracy": 0.9850606918334961, "energy_consumption": 8.141192506122229, "selected": true, "host_energy_consumption": 2.871531026, "client_name": "sta2"}
2026-04-26 04:59:18,336 - METRIC - INFO - {"loss": 0.04123181849718094, "accuracy": 0.985989511013031, "energy_consumption": 7.527643562286927, "selected": true, "host_energy_consumption": 3.2111148874000004, "client_name": "sta5"}
2026-04-26 04:59:18,854 - METRIC - INFO - mean_accuracy: 0.9861394564310709

2026-04-26 04:59:18,854 - METRIC - INFO - round: 57
2026-04-26 04:59:18,854 - METRIC - INFO - n_selected: 3
2026-04-26 04:59:18,854 - METRIC - INFO - {"selected_trainers": ["sta0", "sta4", "sta5"]}
2026-04-26 04:59:30,160 - EXECUT - INFO - received weights from trainer sta0!
2026-04-26 04:59:45,558 - EXECUT - INFO - received weights from trainer sta4!
2026-04-26 04:59:57,806 - EXECUT - INFO - received weights from trainer sta5!
2026-04-26 04:59:59,227 - EXECUT - INFO - sent aggregated weights to trainers!
2026-04-26 05:00:15,405 - METRIC - INFO - {"loss": 0.038192491978406906, "accuracy": 0.9883313775062561, "energy_consumption": 7.885506292265799, "selected": true, "host_energy_consumption": 3.34876707452, "client_name": "sta0"}
2026-04-26 05:00:20,216 - METRIC - INFO - {"loss": 0.033101607114076614, "accuracy": 0.9889148473739624, "energy_consumption": 7.980789983415399, "selected": false, "host_energy_consumption": 2.7311512057200003, "client_name": "sta1"}
2026-04-26 05:00:28,765 - METRIC - INFO - {"loss": 0.03665955737233162, "accuracy": 0.9859943985939026, "energy_consumption": 8.141192506122229, "selected": false, "host_energy_consumption": 2.87531780116, "client_name": "sta2"}
2026-04-26 05:00:29,460 - METRIC - INFO - {"loss": 0.04087228327989578, "accuracy": 0.9877408146858215, "energy_consumption": 7.6445959613453605, "selected": true, "host_energy_consumption": 3.26722676784, "client_name": "sta5"}
2026-04-26 05:00:30,374 - METRIC - INFO - {"loss": 0.03768715634942055, "accuracy": 0.9873949289321899, "energy_consumption": 8.138681670361443, "selected": false, "host_energy_consumption": 3.0478002489200002, "client_name": "sta3"}
2026-04-26 05:00:31,054 - METRIC - INFO - {"loss": 0.04496172443032265, "accuracy": 0.9816111922264099, "energy_consumption": 7.884123248523894, "selected": true, "host_energy_consumption": 3.39360433664, "client_name": "sta4"}
2026-04-26 05:00:31,260 - METRIC - INFO - mean_accuracy: 0.9866645932197571

2026-04-26 05:00:31,260 - METRIC - INFO - round: 58
2026-04-26 05:00:31,260 - METRIC - INFO - n_selected: 3
2026-04-26 05:00:31,260 - METRIC - INFO - {"selected_trainers": ["sta0", "sta4", "sta5"]}
2026-04-26 05:00:41,852 - EXECUT - INFO - received weights from trainer sta0!
2026-04-26 05:00:57,388 - EXECUT - INFO - received weights from trainer sta4!
2026-04-26 05:01:09,478 - EXECUT - INFO - received weights from trainer sta5!
2026-04-26 05:01:10,900 - EXECUT - INFO - sent aggregated weights to trainers!
2026-04-26 05:01:27,436 - METRIC - INFO - {"loss": 0.03295331448316574, "accuracy": 0.9889148473739624, "energy_consumption": 7.980789983415399, "selected": false, "host_energy_consumption": 2.73557126024, "client_name": "sta1"}
2026-04-26 05:01:29,555 - METRIC - INFO - {"loss": 0.03801702335476875, "accuracy": 0.9883313775062561, "energy_consumption": 8.133450696559631, "selected": true, "host_energy_consumption": 3.42984898116, "client_name": "sta0"}
2026-04-26 05:01:32,111 - METRIC - INFO - {"loss": 0.039698854088783264, "accuracy": 0.9869281053543091, "energy_consumption": 8.171964624156196, "selected": false, "host_energy_consumption": 3.05179078568, "client_name": "sta3"}
2026-04-26 05:01:37,857 - METRIC - INFO - {"loss": 0.0420277900993824, "accuracy": 0.985989511013031, "energy_consumption": 7.76476330497522, "selected": true, "host_energy_consumption": 3.3234847315600002, "client_name": "sta5"}
2026-04-26 05:01:38,095 - METRIC - INFO - {"loss": 0.044783394783735275, "accuracy": 0.9816111922264099, "energy_consumption": 8.12411980752316, "selected": true, "host_energy_consumption": 3.50227258164, "client_name": "sta4"}
2026-04-26 05:01:39,225 - METRIC - INFO - {"loss": 0.03730069845914841, "accuracy": 0.9864612221717834, "energy_consumption": 8.141192506122229, "selected": false, "host_energy_consumption": 2.8789138543200004, "client_name": "sta2"}
2026-04-26 05:01:39,931 - METRIC - INFO - mean_accuracy: 0.986372709274292

2026-04-26 05:01:39,931 - METRIC - INFO - round: 59
2026-04-26 05:01:39,931 - METRIC - INFO - n_selected: 2
2026-04-26 05:01:39,931 - METRIC - INFO - {"selected_trainers": ["sta1", "sta5"]}
2026-04-26 05:01:58,865 - EXECUT - INFO - received weights from trainer sta1!
2026-04-26 05:02:12,095 - EXECUT - INFO - received weights from trainer sta5!
2026-04-26 05:02:13,514 - EXECUT - INFO - sent aggregated weights to trainers!
2026-04-26 05:02:27,317 - METRIC - INFO - {"loss": 0.03198360651731491, "accuracy": 0.9918319582939148, "energy_consumption": 8.133450696559631, "selected": false, "host_energy_consumption": 3.4326485298000002, "client_name": "sta0"}
2026-04-26 05:02:31,311 - METRIC - INFO - {"loss": 0.03490791469812393, "accuracy": 0.9877479672431946, "energy_consumption": 8.469946139155418, "selected": true, "host_energy_consumption": 2.9012954255600003, "client_name": "sta1"}
2026-04-26 05:02:42,686 - METRIC - INFO - {"loss": 0.042685266584157944, "accuracy": 0.985989511013031, "energy_consumption": 7.885154735393145, "selected": true, "host_energy_consumption": 3.38028786004, "client_name": "sta5"}
2026-04-26 05:02:42,721 - METRIC - INFO - {"loss": 0.04140442982316017, "accuracy": 0.9842382073402405, "energy_consumption": 8.12411980752316, "selected": false, "host_energy_consumption": 3.50591467464, "client_name": "sta4"}
2026-04-26 05:02:44,071 - METRIC - INFO - {"loss": 0.03754432126879692, "accuracy": 0.9873949289321899, "energy_consumption": 8.141192506122229, "selected": false, "host_energy_consumption": 2.88264402776, "client_name": "sta2"}
2026-04-26 05:02:44,569 - METRIC - INFO - {"loss": 0.04016651213169098, "accuracy": 0.9864612221717834, "energy_consumption": 8.171964624156196, "selected": false, "host_energy_consumption": 3.05576959884, "client_name": "sta3"}
2026-04-26 05:02:45,547 - METRIC - INFO - mean_accuracy: 0.9872772991657257

2026-04-26 05:02:45,547 - METRIC - INFO - round: 60
2026-04-26 05:02:45,547 - METRIC - INFO - n_selected: 4
2026-04-26 05:02:45,547 - METRIC - INFO - {"selected_trainers": ["sta0", "sta2", "sta4", "sta5"]}
2026-04-26 05:02:56,356 - EXECUT - INFO - received weights from trainer sta0!
2026-04-26 05:03:18,542 - EXECUT - INFO - received weights from trainer sta2!
2026-04-26 05:03:34,357 - EXECUT - INFO - received weights from trainer sta4!
2026-04-26 05:03:43,736 - EXECUT - INFO - received weights from trainer sta5!
2026-04-26 05:03:45,150 - EXECUT - INFO - sent aggregated weights to trainers!
2026-04-26 05:04:01,794 - METRIC - INFO - {"loss": 0.033834829926490784, "accuracy": 0.9883313775062561, "energy_consumption": 8.469946139155418, "selected": false, "host_energy_consumption": 2.90499425608, "client_name": "sta1"}
2026-04-26 05:04:02,261 - METRIC - INFO - {"loss": 0.03690405189990997, "accuracy": 0.9883313775062561, "energy_consumption": 8.382427175860382, "selected": true, "host_energy_consumption": 3.51450909936, "client_name": "sta0"}
2026-04-26 05:04:12,011 - METRIC - INFO - {"loss": 0.03950261324644089, "accuracy": 0.9864612221717834, "energy_consumption": 8.171964624156196, "selected": false, "host_energy_consumption": 3.05980009132, "client_name": "sta3"}
2026-04-26 05:04:12,573 - METRIC - INFO - {"loss": 0.03986094519495964, "accuracy": 0.9845938086509705, "energy_consumption": 8.77385385429958, "selected": true, "host_energy_consumption": 3.0879158021600004, "client_name": "sta2"}
2026-04-26 05:04:12,658 - METRIC - INFO - {"loss": 0.040554847568273544, "accuracy": 0.985989511013031, "energy_consumption": 8.003062664143172, "selected": true, "host_energy_consumption": 3.43739318748, "client_name": "sta5"}
2026-04-26 05:04:12,955 - METRIC - INFO - {"loss": 0.045526668429374695, "accuracy": 0.9816111922264099, "energy_consumption": 8.398185051501331, "selected": true, "host_energy_consumption": 3.61476143952, "client_name": "sta4"}
2026-04-26 05:04:13,180 - METRIC - INFO - mean_accuracy: 0.9858864148457845

2026-04-26 05:04:13,186 - METRIC - INFO - stop_condition: rounds
