2025-12-11 08:42:04,333 - EXECUT - INFO - starting server...
2025-12-11 08:42:14,467 - EXECUT - INFO - trainer number sta5 just joined the pool
2025-12-11 08:42:14,644 - EXECUT - INFO - trainer number sta0 just joined the pool
2025-12-11 08:42:15,153 - EXECUT - INFO - trainer number sta1 just joined the pool
2025-12-11 08:42:15,418 - EXECUT - INFO - trainer number sta2 just joined the pool
2025-12-11 08:42:15,464 - EXECUT - INFO - trainer number sta3 just joined the pool
2025-12-11 08:42:15,464 - EXECUT - INFO - trainer number sta4 just joined the pool
2025-12-11 08:42:16,358 - EXECUT - INFO - mensagem de data_sz recebida: 
 {'id': 'sta0', 'dataset_sz': 259700928}
2025-12-11 08:42:16,360 - EXECUT - INFO - mensagem de data_sz recebida: 
 {'id': 'sta1', 'dataset_sz': 519401856}
2025-12-11 08:42:16,402 - EXECUT - INFO - mensagem de data_sz recebida: 
 {'id': 'sta2', 'dataset_sz': 649277568}
2025-12-11 08:42:16,402 - EXECUT - INFO - mensagem de data_sz recebida: 
 {'id': 'sta3', 'dataset_sz': 649277568}
2025-12-11 08:42:16,403 - EXECUT - INFO - mensagem de data_sz recebida: 
 {'id': 'sta5', 'dataset_sz': 173150784}
2025-12-11 08:42:16,403 - EXECUT - INFO - mensagem de data_sz recebida: 
 {'id': 'sta4', 'dataset_sz': 346301568}
2025-12-11 08:42:17,359 - METRIC - INFO - round: 1
2025-12-11 08:42:17,360 - METRIC - INFO - n_selected: 6
2025-12-11 08:42:17,360 - METRIC - INFO - {"selected_trainers": ["sta0", "sta1", "sta2", "sta3", "sta4", "sta5"]}
2025-12-11 08:42:24,691 - EXECUT - INFO - received weights from trainer sta0!
2025-12-11 08:42:30,544 - EXECUT - INFO - received weights from trainer sta1!
2025-12-11 08:42:38,613 - EXECUT - INFO - received weights from trainer sta2!
2025-12-11 08:42:45,876 - EXECUT - INFO - received weights from trainer sta3!
2025-12-11 08:42:52,079 - EXECUT - INFO - received weights from trainer sta4!
2025-12-11 08:42:59,005 - EXECUT - INFO - received weights from trainer sta5!
2025-12-11 08:43:00,634 - EXECUT - INFO - sent aggregated weights to trainers!
2025-12-11 08:43:17,226 - METRIC - INFO - {"loss": 1.2724719047546387, "accuracy": 0.7065344452857971, "energy_consumption": 0.03433244880187225, "selected": true, "host_energy_consumption": 0.02620819936, "client_name": "sta1"}
2025-12-11 08:43:23,457 - METRIC - INFO - {"loss": 1.8551464080810547, "accuracy": 0.5740956664085388, "energy_consumption": 0.028609852360588883, "selected": true, "host_energy_consumption": 0.0179442046, "client_name": "sta0"}
2025-12-11 08:43:30,281 - METRIC - INFO - {"loss": 2.1408851146698, "accuracy": 0.40280210971832275, "energy_consumption": 0.0, "selected": true, "host_energy_consumption": 0.01563086084, "client_name": "sta5"}
2025-12-11 08:43:37,352 - METRIC - INFO - {"loss": 1.044346570968628, "accuracy": 0.7712418437004089, "energy_consumption": 0.06675714768677787, "selected": true, "host_energy_consumption": 0.03048124772, "client_name": "sta2"}
2025-12-11 08:43:38,759 - METRIC - INFO - {"loss": 1.5548955202102661, "accuracy": 0.6725043654441833, "energy_consumption": 0.038143505812500034, "selected": true, "host_energy_consumption": 0.020145302520000002, "client_name": "sta4"}
2025-12-11 08:43:44,194 - METRIC - INFO - {"loss": 0.9885396361351013, "accuracy": 0.7861811518669128, "energy_consumption": 0.0762940962988723, "selected": true, "host_energy_consumption": 0.03024484456, "client_name": "sta3"}
2025-12-11 08:43:44,685 - METRIC - INFO - mean_accuracy: 0.652226597070694

2025-12-11 08:43:44,685 - METRIC - INFO - round: 2
2025-12-11 08:43:44,685 - METRIC - INFO - n_selected: 6
2025-12-11 08:43:44,685 - METRIC - INFO - {"selected_trainers": ["sta0", "sta1", "sta2", "sta3", "sta4", "sta5"]}
2025-12-11 08:43:49,924 - EXECUT - INFO - received weights from trainer sta0!
2025-12-11 08:43:54,261 - EXECUT - INFO - received weights from trainer sta1!
2025-12-11 08:44:01,913 - EXECUT - INFO - received weights from trainer sta2!
2025-12-11 08:44:08,760 - EXECUT - INFO - received weights from trainer sta3!
2025-12-11 08:44:16,257 - EXECUT - INFO - received weights from trainer sta4!
2025-12-11 08:44:23,568 - EXECUT - INFO - received weights from trainer sta5!
2025-12-11 08:44:25,167 - EXECUT - INFO - sent aggregated weights to trainers!
2025-12-11 08:44:42,834 - METRIC - INFO - {"loss": 2.27980899810791, "accuracy": 0.2246207743883133, "energy_consumption": 0.0686664045076778, "selected": true, "host_energy_consumption": 0.047146588440000005, "client_name": "sta1"}
2025-12-11 08:44:43,944 - METRIC - INFO - {"loss": 2.2793660163879395, "accuracy": 0.23337222635746002, "energy_consumption": 0.057220342135183344, "selected": true, "host_energy_consumption": 0.038298207640000005, "client_name": "sta0"}
2025-12-11 08:44:50,805 - METRIC - INFO - {"loss": 2.2851428985595703, "accuracy": 0.1348511427640915, "energy_consumption": 0.04005586863581101, "selected": true, "host_energy_consumption": 0.03084679836, "client_name": "sta5"}
2025-12-11 08:44:54,209 - METRIC - INFO - {"loss": 2.272867441177368, "accuracy": 0.2994745969772339, "energy_consumption": 0.14496053736645587, "selected": true, "host_energy_consumption": 0.04556463688, "client_name": "sta4"}
2025-12-11 08:44:56,900 - METRIC - INFO - {"loss": 2.273383140563965, "accuracy": 0.2740429639816284, "energy_consumption": 0.11444094177926667, "selected": true, "host_energy_consumption": 0.055153808920000005, "client_name": "sta3"}
2025-12-11 08:45:01,358 - METRIC - INFO - {"loss": 2.2736029624938965, "accuracy": 0.3870214819908142, "energy_consumption": 0.10490919897981121, "selected": true, "host_energy_consumption": 0.055512199400000004, "client_name": "sta2"}
2025-12-11 08:45:02,206 - METRIC - INFO - mean_accuracy: 0.25889719774325687

2025-12-11 08:45:02,206 - METRIC - INFO - round: 3
2025-12-11 08:45:02,206 - METRIC - INFO - n_selected: 6
2025-12-11 08:45:02,206 - METRIC - INFO - {"selected_trainers": ["sta0", "sta1", "sta2", "sta3", "sta4", "sta5"]}
2025-12-11 08:45:08,059 - EXECUT - INFO - received weights from trainer sta0!
2025-12-11 08:45:12,268 - EXECUT - INFO - received weights from trainer sta1!
2025-12-11 08:45:21,633 - EXECUT - INFO - received weights from trainer sta2!
2025-12-11 08:45:28,015 - EXECUT - INFO - received weights from trainer sta3!
2025-12-11 08:45:36,821 - EXECUT - INFO - received weights from trainer sta4!
2025-12-11 08:45:44,608 - EXECUT - INFO - received weights from trainer sta5!
2025-12-11 08:45:46,184 - EXECUT - INFO - sent aggregated weights to trainers!
2025-12-11 08:46:06,226 - METRIC - INFO - {"loss": 2.2307140827178955, "accuracy": 0.4970828592777252, "energy_consumption": 0.08583062049814982, "selected": true, "host_energy_consumption": 0.05896403128, "client_name": "sta0"}
2025-12-11 08:46:08,107 - METRIC - INFO - {"loss": 2.230947971343994, "accuracy": 0.5192531943321228, "energy_consumption": 0.1030062288731054, "selected": true, "host_energy_consumption": 0.06849357704, "client_name": "sta1"}
2025-12-11 08:46:08,717 - METRIC - INFO - {"loss": 2.2523369789123535, "accuracy": 0.38879159092903137, "energy_consumption": 0.10871883492280565, "selected": true, "host_energy_consumption": 0.04697461328, "client_name": "sta5"}
2025-12-11 08:46:08,827 - METRIC - INFO - {"loss": 2.2068891525268555, "accuracy": 0.573762834072113, "energy_consumption": 0.15258560002357235, "selected": true, "host_energy_consumption": 0.08121650628, "client_name": "sta3"}
2025-12-11 08:46:12,388 - METRIC - INFO - {"loss": 2.2007834911346436, "accuracy": 0.5078809261322021, "energy_consumption": 0.21172719698692288, "selected": true, "host_energy_consumption": 0.0713087802, "client_name": "sta4"}
2025-12-11 08:46:28,907 - METRIC - INFO - {"loss": 2.2069101333618164, "accuracy": 0.5891690254211426, "energy_consumption": 0.14306123914591695, "selected": true, "host_energy_consumption": 0.08061062128, "client_name": "sta2"}
2025-12-11 08:46:29,229 - METRIC - INFO - mean_accuracy: 0.5126567383607229

2025-12-11 08:46:29,229 - METRIC - INFO - round: 4
2025-12-11 08:46:29,230 - METRIC - INFO - n_selected: 6
2025-12-11 08:46:29,230 - METRIC - INFO - {"selected_trainers": ["sta0", "sta1", "sta2", "sta3", "sta4", "sta5"]}
2025-12-11 08:46:36,789 - EXECUT - INFO - received weights from trainer sta0!
2025-12-11 08:46:42,008 - EXECUT - INFO - received weights from trainer sta1!
2025-12-11 08:46:51,011 - EXECUT - INFO - received weights from trainer sta2!
2025-12-11 08:46:58,474 - EXECUT - INFO - received weights from trainer sta3!
2025-12-11 08:47:05,835 - EXECUT - INFO - received weights from trainer sta4!
2025-12-11 08:47:13,298 - EXECUT - INFO - received weights from trainer sta5!
2025-12-11 08:47:14,875 - EXECUT - INFO - sent aggregated weights to trainers!
2025-12-11 08:47:27,995 - METRIC - INFO - {"loss": 2.0078771114349365, "accuracy": 0.6056009531021118, "energy_consumption": 0.1373444906999607, "selected": true, "host_energy_consumption": 0.08944163872000001, "client_name": "sta1"}
2025-12-11 08:47:32,463 - METRIC - INFO - {"loss": 2.007338285446167, "accuracy": 0.5880979895591736, "energy_consumption": 0.11445646225395523, "selected": true, "host_energy_consumption": 0.07937511428, "client_name": "sta0"}
2025-12-11 08:47:38,404 - METRIC - INFO - {"loss": 1.8770105838775635, "accuracy": 0.5516637563705444, "energy_consumption": 0.2784853333807117, "selected": true, "host_energy_consumption": 0.09686939612, "client_name": "sta4"}
2025-12-11 08:47:40,494 - METRIC - INFO - {"loss": 1.9021793603897095, "accuracy": 0.595704972743988, "energy_consumption": 0.2193625472835503, "selected": true, "host_energy_consumption": 0.10644899832, "client_name": "sta3"}
2025-12-11 08:47:41,727 - METRIC - INFO - {"loss": 2.1134982109069824, "accuracy": 0.6182136535644531, "energy_consumption": 0.14877223020152774, "selected": true, "host_energy_consumption": 0.06268039568, "client_name": "sta5"}
2025-12-11 08:47:51,298 - METRIC - INFO - {"loss": 1.9002938270568848, "accuracy": 0.6162465214729309, "energy_consumption": 0.18120808303674996, "selected": true, "host_energy_consumption": 0.10536131704, "client_name": "sta2"}
2025-12-11 08:47:51,914 - METRIC - INFO - mean_accuracy: 0.5959213078022003

2025-12-11 08:47:51,914 - METRIC - INFO - round: 5
2025-12-11 08:47:51,914 - METRIC - INFO - n_selected: 6
2025-12-11 08:47:51,914 - METRIC - INFO - {"selected_trainers": ["sta0", "sta1", "sta2", "sta3", "sta4", "sta5"]}
2025-12-11 08:47:58,306 - EXECUT - INFO - received weights from trainer sta0!
2025-12-11 08:48:03,089 - EXECUT - INFO - received weights from trainer sta1!
2025-12-11 08:48:09,795 - EXECUT - INFO - received weights from trainer sta2!
2025-12-11 08:48:17,393 - EXECUT - INFO - received weights from trainer sta3!
2025-12-11 08:48:24,485 - EXECUT - INFO - received weights from trainer sta4!
2025-12-11 08:48:34,113 - EXECUT - INFO - received weights from trainer sta5!
2025-12-11 08:48:35,684 - EXECUT - INFO - sent aggregated weights to trainers!
2025-12-11 08:48:54,954 - METRIC - INFO - {"loss": 1.447766900062561, "accuracy": 0.6452742218971252, "energy_consumption": 0.14306798683283306, "selected": true, "host_energy_consumption": 0.10066992796, "client_name": "sta0"}
2025-12-11 08:48:55,554 - METRIC - INFO - {"loss": 1.453921914100647, "accuracy": 0.6476079225540161, "energy_consumption": 0.1716768139265049, "selected": true, "host_energy_consumption": 0.11064086908000001, "client_name": "sta1"}
2025-12-11 08:48:59,284 - METRIC - INFO - {"loss": 1.6143524646759033, "accuracy": 0.6427320241928101, "energy_consumption": 0.18883609909841104, "selected": true, "host_energy_consumption": 0.07775407808000001, "client_name": "sta5"}
2025-12-11 08:49:04,576 - METRIC - INFO - {"loss": 1.3347727060317993, "accuracy": 0.66246497631073, "energy_consumption": 0.25750979333334456, "selected": true, "host_energy_consumption": 0.13144378772, "client_name": "sta3"}
2025-12-11 08:49:04,953 - METRIC - INFO - {"loss": 1.3162580728530884, "accuracy": 0.6777583360671997, "energy_consumption": 0.3166347078528341, "selected": true, "host_energy_consumption": 0.12279043560000001, "client_name": "sta4"}
2025-12-11 08:49:16,430 - METRIC - INFO - {"loss": 1.3222274780273438, "accuracy": 0.6904761791229248, "energy_consumption": 0.25750549198097805, "selected": true, "host_energy_consumption": 0.1302944636, "client_name": "sta2"}
2025-12-11 08:49:16,727 - METRIC - INFO - mean_accuracy: 0.661052276690801

2025-12-11 08:49:16,727 - METRIC - INFO - round: 6
2025-12-11 08:49:16,727 - METRIC - INFO - n_selected: 6
2025-12-11 08:49:16,727 - METRIC - INFO - {"selected_trainers": ["sta0", "sta1", "sta2", "sta3", "sta4", "sta5"]}
2025-12-11 08:49:23,387 - EXECUT - INFO - received weights from trainer sta0!
2025-12-11 08:49:28,206 - EXECUT - INFO - received weights from trainer sta1!
2025-12-11 08:49:37,349 - EXECUT - INFO - received weights from trainer sta2!
2025-12-11 08:49:45,692 - EXECUT - INFO - received weights from trainer sta3!
2025-12-11 08:49:55,899 - EXECUT - INFO - received weights from trainer sta4!
2025-12-11 08:50:03,415 - EXECUT - INFO - received weights from trainer sta5!
2025-12-11 08:50:04,987 - EXECUT - INFO - sent aggregated weights to trainers!
2025-12-11 08:50:23,725 - METRIC - INFO - {"loss": 1.012183666229248, "accuracy": 0.7456242442131042, "energy_consumption": 0.17167808557539432, "selected": true, "host_energy_consumption": 0.12059478928, "client_name": "sta0"}
2025-12-11 08:50:27,124 - METRIC - INFO - {"loss": 1.0187984704971313, "accuracy": 0.7561260461807251, "energy_consumption": 0.2060111829181993, "selected": true, "host_energy_consumption": 0.13150278092, "client_name": "sta1"}
2025-12-11 08:50:34,825 - METRIC - INFO - {"loss": 0.9468104243278503, "accuracy": 0.7651727199554443, "energy_consumption": 0.36241931340449973, "selected": true, "host_energy_consumption": 0.15699238940000002, "client_name": "sta3"}
2025-12-11 08:50:34,904 - METRIC - INFO - {"loss": 1.1117541790008545, "accuracy": 0.7460595369338989, "energy_consumption": 0.25746130218208885, "selected": true, "host_energy_consumption": 0.09374086820000001, "client_name": "sta5"}
2025-12-11 08:50:35,658 - METRIC - INFO - {"loss": 0.9400190114974976, "accuracy": 0.7548161149024963, "energy_consumption": 0.35479828664304536, "selected": true, "host_energy_consumption": 0.1475200258, "client_name": "sta4"}
2025-12-11 08:50:46,185 - METRIC - INFO - {"loss": 0.928690493106842, "accuracy": 0.7745097875595093, "energy_consumption": 0.36243374185070576, "selected": true, "host_energy_consumption": 0.15521376752000002, "client_name": "sta2"}
2025-12-11 08:50:47,031 - METRIC - INFO - mean_accuracy: 0.757051408290863

2025-12-11 08:50:47,031 - METRIC - INFO - round: 7
2025-12-11 08:50:47,031 - METRIC - INFO - n_selected: 6
2025-12-11 08:50:47,031 - METRIC - INFO - {"selected_trainers": ["sta0", "sta1", "sta2", "sta3", "sta4", "sta5"]}
2025-12-11 08:50:52,195 - EXECUT - INFO - received weights from trainer sta0!
2025-12-11 08:50:57,169 - EXECUT - INFO - received weights from trainer sta1!
2025-12-11 08:51:06,362 - EXECUT - INFO - received weights from trainer sta2!
2025-12-11 08:51:13,339 - EXECUT - INFO - received weights from trainer sta3!
2025-12-11 08:51:20,793 - EXECUT - INFO - received weights from trainer sta4!
2025-12-11 08:51:28,378 - EXECUT - INFO - received weights from trainer sta5!
2025-12-11 08:51:29,952 - EXECUT - INFO - sent aggregated weights to trainers!
2025-12-11 08:51:44,907 - METRIC - INFO - {"loss": 0.7822670936584473, "accuracy": 0.7963827252388, "energy_consumption": 0.24034928102026087, "selected": true, "host_energy_consumption": 0.15224595316, "client_name": "sta1"}
2025-12-11 08:51:47,736 - METRIC - INFO - {"loss": 0.7735378742218018, "accuracy": 0.8004667162895203, "energy_consumption": 0.22891174823268878, "selected": true, "host_energy_consumption": 0.14048075412, "client_name": "sta0"}
2025-12-11 08:51:59,781 - METRIC - INFO - {"loss": 0.7377981543540955, "accuracy": 0.8113912343978882, "energy_consumption": 0.43872594180317215, "selected": true, "host_energy_consumption": 0.18180652252, "client_name": "sta3"}
2025-12-11 08:52:01,547 - METRIC - INFO - {"loss": 0.8261426687240601, "accuracy": 0.8056042194366455, "energy_consumption": 0.29751573385465635, "selected": true, "host_energy_consumption": 0.10878811216, "client_name": "sta5"}
2025-12-11 08:52:01,900 - METRIC - INFO - {"loss": 0.7425300478935242, "accuracy": 0.7994745969772339, "energy_consumption": 0.3929458569633061, "selected": true, "host_energy_consumption": 0.17303224316000002, "client_name": "sta4"}
2025-12-11 08:52:04,356 - METRIC - INFO - {"loss": 0.7255975008010864, "accuracy": 0.8188608884811401, "energy_consumption": 0.4673344430368165, "selected": true, "host_energy_consumption": 0.18037899348, "client_name": "sta2"}
2025-12-11 08:52:04,991 - METRIC - INFO - mean_accuracy: 0.805363396803538

2025-12-11 08:52:04,991 - METRIC - INFO - round: 8
2025-12-11 08:52:04,991 - METRIC - INFO - n_selected: 6
2025-12-11 08:52:04,991 - METRIC - INFO - {"selected_trainers": ["sta0", "sta1", "sta2", "sta3", "sta4", "sta5"]}
2025-12-11 08:52:11,430 - EXECUT - INFO - received weights from trainer sta0!
2025-12-11 08:52:15,842 - EXECUT - INFO - received weights from trainer sta1!
2025-12-11 08:52:22,025 - EXECUT - INFO - received weights from trainer sta2!
2025-12-11 08:52:29,858 - EXECUT - INFO - received weights from trainer sta3!
2025-12-11 08:52:37,784 - EXECUT - INFO - received weights from trainer sta4!
2025-12-11 08:52:44,780 - EXECUT - INFO - received weights from trainer sta5!
2025-12-11 08:52:46,330 - EXECUT - INFO - sent aggregated weights to trainers!
2025-12-11 08:53:00,379 - METRIC - INFO - {"loss": 0.6427348256111145, "accuracy": 0.8343057036399841, "energy_consumption": 0.2861356684699339, "selected": true, "host_energy_consumption": 0.16067370284000002, "client_name": "sta0"}
2025-12-11 08:53:04,310 - METRIC - INFO - {"loss": 0.6520275473594666, "accuracy": 0.8197199702262878, "energy_consumption": 0.2746884759194893, "selected": true, "host_energy_consumption": 0.17242333304000002, "client_name": "sta1"}
2025-12-11 08:53:15,693 - METRIC - INFO - {"loss": 0.6770367622375488, "accuracy": 0.8371278643608093, "energy_consumption": 0.36618603437661656, "selected": true, "host_energy_consumption": 0.12409722332, "client_name": "sta5"}
2025-12-11 08:53:16,653 - METRIC - INFO - {"loss": 0.6182341575622559, "accuracy": 0.8403361439704895, "energy_consumption": 0.47687606813770067, "selected": true, "host_energy_consumption": 0.206531122, "client_name": "sta3"}
2025-12-11 08:53:18,308 - METRIC - INFO - {"loss": 0.6294630765914917, "accuracy": 0.8266199827194214, "energy_consumption": 0.4310944159905782, "selected": true, "host_energy_consumption": 0.19839929956000002, "client_name": "sta4"}
2025-12-11 08:53:18,748 - METRIC - INFO - {"loss": 0.6100152730941772, "accuracy": 0.8389355540275574, "energy_consumption": 0.505482744555189, "selected": true, "host_energy_consumption": 0.20583736124000002, "client_name": "sta2"}
2025-12-11 08:53:19,364 - METRIC - INFO - mean_accuracy: 0.8328408698240916

2025-12-11 08:53:19,364 - METRIC - INFO - round: 9
2025-12-11 08:53:19,364 - METRIC - INFO - n_selected: 6
2025-12-11 08:53:19,364 - METRIC - INFO - {"selected_trainers": ["sta0", "sta1", "sta2", "sta3", "sta4", "sta5"]}
2025-12-11 08:53:25,441 - EXECUT - INFO - received weights from trainer sta0!
2025-12-11 08:53:30,132 - EXECUT - INFO - received weights from trainer sta1!
2025-12-11 08:53:36,545 - EXECUT - INFO - received weights from trainer sta2!
2025-12-11 08:53:43,243 - EXECUT - INFO - received weights from trainer sta3!
2025-12-11 08:53:52,021 - EXECUT - INFO - received weights from trainer sta4!
2025-12-11 08:54:00,627 - EXECUT - INFO - received weights from trainer sta5!
2025-12-11 08:54:02,197 - EXECUT - INFO - sent aggregated weights to trainers!
2025-12-11 08:54:16,685 - METRIC - INFO - {"loss": 0.5552377700805664, "accuracy": 0.8494749069213867, "energy_consumption": 0.3147491625150285, "selected": true, "host_energy_consumption": 0.18098004232, "client_name": "sta0"}
2025-12-11 08:54:22,534 - METRIC - INFO - {"loss": 0.5673321485519409, "accuracy": 0.8436406254768372, "energy_consumption": 0.30902167658376756, "selected": true, "host_energy_consumption": 0.19284735344, "client_name": "sta1"}
2025-12-11 08:54:26,223 - METRIC - INFO - {"loss": 0.5878499150276184, "accuracy": 0.8388791680335999, "energy_consumption": 0.4348520875912887, "selected": true, "host_energy_consumption": 0.13915745564, "client_name": "sta5"}
2025-12-11 08:54:27,354 - METRIC - INFO - {"loss": 0.5363901257514954, "accuracy": 0.8580765724182129, "energy_consumption": 0.5150296756110624, "selected": true, "host_energy_consumption": 0.23142313376, "client_name": "sta3"}
2025-12-11 08:54:28,371 - METRIC - INFO - {"loss": 0.5337572693824768, "accuracy": 0.8557422757148743, "energy_consumption": 0.5817776133807613, "selected": true, "host_energy_consumption": 0.23108109780000002, "client_name": "sta2"}
2025-12-11 08:54:28,868 - METRIC - INFO - {"loss": 0.557502806186676, "accuracy": 0.8441330790519714, "energy_consumption": 0.509300140735529, "selected": true, "host_energy_consumption": 0.22343865908000002, "client_name": "sta4"}
2025-12-11 08:54:29,227 - METRIC - INFO - mean_accuracy: 0.8483244379361471

2025-12-11 08:54:29,227 - METRIC - INFO - round: 10
2025-12-11 08:54:29,227 - METRIC - INFO - n_selected: 6
2025-12-11 08:54:29,227 - METRIC - INFO - {"selected_trainers": ["sta0", "sta1", "sta2", "sta3", "sta4", "sta5"]}
2025-12-11 08:54:35,702 - EXECUT - INFO - received weights from trainer sta0!
2025-12-11 08:54:40,038 - EXECUT - INFO - received weights from trainer sta1!
2025-12-11 08:54:51,640 - EXECUT - INFO - received weights from trainer sta2!
2025-12-11 08:54:57,998 - EXECUT - INFO - received weights from trainer sta3!
2025-12-11 08:55:05,318 - EXECUT - INFO - received weights from trainer sta4!
2025-12-11 08:55:12,880 - EXECUT - INFO - received weights from trainer sta5!
2025-12-11 08:55:14,456 - EXECUT - INFO - sent aggregated weights to trainers!
2025-12-11 08:55:32,515 - METRIC - INFO - {"loss": 0.49447277188301086, "accuracy": 0.868144690990448, "energy_consumption": 0.37197494571789536, "selected": true, "host_energy_consumption": 0.20123824, "client_name": "sta0"}
2025-12-11 08:55:35,465 - METRIC - INFO - {"loss": 0.5056485533714294, "accuracy": 0.8593932390213013, "energy_consumption": 0.37196373295381713, "selected": true, "host_energy_consumption": 0.21339284764000002, "client_name": "sta1"}
2025-12-11 08:55:39,060 - METRIC - INFO - {"loss": 0.482058048248291, "accuracy": 0.8758170008659363, "energy_consumption": 0.5531774446264617, "selected": true, "host_energy_consumption": 0.2565982888, "client_name": "sta3"}
2025-12-11 08:55:44,134 - METRIC - INFO - {"loss": 0.5276935696601868, "accuracy": 0.8528896570205688, "energy_consumption": 0.4749090927632946, "selected": true, "host_energy_consumption": 0.15421427000000001, "client_name": "sta5"}
2025-12-11 08:55:46,469 - METRIC - INFO - {"loss": 0.47786206007003784, "accuracy": 0.8786181211471558, "energy_consumption": 0.6199254714115832, "selected": true, "host_energy_consumption": 0.25672039456, "client_name": "sta2"}
2025-12-11 08:56:20,712 - METRIC - INFO - {"loss": 0.5026867985725403, "accuracy": 0.8590192794799805, "energy_consumption": 1.0339611006419385, "selected": true, "host_energy_consumption": 0.40138346696000005, "client_name": "sta4"}
2025-12-11 08:56:21,525 - METRIC - INFO - mean_accuracy: 0.8656469980875651

2025-12-11 08:56:21,525 - METRIC - INFO - round: 11
2025-12-11 08:56:21,525 - METRIC - INFO - n_selected: 6
2025-12-11 08:56:21,525 - METRIC - INFO - {"selected_trainers": ["sta0", "sta1", "sta2", "sta3", "sta4", "sta5"]}
2025-12-11 08:56:29,335 - EXECUT - INFO - received weights from trainer sta0!
2025-12-11 08:56:34,901 - EXECUT - INFO - received weights from trainer sta1!
2025-12-11 08:56:44,613 - EXECUT - INFO - received weights from trainer sta2!
2025-12-11 08:56:51,349 - EXECUT - INFO - received weights from trainer sta3!
2025-12-11 08:56:58,786 - EXECUT - INFO - received weights from trainer sta4!
2025-12-11 08:57:05,434 - EXECUT - INFO - received weights from trainer sta5!
2025-12-11 08:57:07,004 - EXECUT - INFO - sent aggregated weights to trainers!
2025-12-11 08:57:24,492 - METRIC - INFO - {"loss": 0.4607057273387909, "accuracy": 0.8698949813842773, "energy_consumption": 0.40630914939523366, "selected": true, "host_energy_consumption": 0.23365275444000003, "client_name": "sta1"}
2025-12-11 08:57:25,940 - METRIC - INFO - {"loss": 0.44866061210632324, "accuracy": 0.8809801340103149, "energy_consumption": 0.4005900436301517, "selected": true, "host_energy_consumption": 0.221324019, "client_name": "sta0"}
2025-12-11 08:57:32,417 - METRIC - INFO - {"loss": 0.436693012714386, "accuracy": 0.8865545988082886, "energy_consumption": 0.5913241549941617, "selected": true, "host_energy_consumption": 0.28153428912, "client_name": "sta3"}
2025-12-11 08:57:35,436 - METRIC - INFO - {"loss": 0.48578229546546936, "accuracy": 0.8686515092849731, "energy_consumption": 0.5149632192401286, "selected": true, "host_energy_consumption": 0.16947180432, "client_name": "sta5"}
2025-12-11 08:57:37,412 - METRIC - INFO - {"loss": 0.4618392288684845, "accuracy": 0.8704028129577637, "energy_consumption": 1.0721085851258993, "selected": true, "host_energy_consumption": 0.42604221940000003, "client_name": "sta4"}
2025-12-11 08:57:37,702 - METRIC - INFO - {"loss": 0.4354455769062042, "accuracy": 0.8898226022720337, "energy_consumption": 0.686691662111522, "selected": true, "host_energy_consumption": 0.28228572652, "client_name": "sta2"}
2025-12-11 08:57:38,037 - METRIC - INFO - mean_accuracy: 0.8777177731196085

2025-12-11 08:57:38,037 - METRIC - INFO - round: 12
2025-12-11 08:57:38,037 - METRIC - INFO - n_selected: 6
2025-12-11 08:57:38,037 - METRIC - INFO - {"selected_trainers": ["sta0", "sta1", "sta2", "sta3", "sta4", "sta5"]}
2025-12-11 08:57:44,675 - EXECUT - INFO - received weights from trainer sta0!
2025-12-11 08:57:49,129 - EXECUT - INFO - received weights from trainer sta1!
2025-12-11 08:57:57,868 - EXECUT - INFO - received weights from trainer sta2!
2025-12-11 08:58:05,052 - EXECUT - INFO - received weights from trainer sta3!
2025-12-11 08:58:12,397 - EXECUT - INFO - received weights from trainer sta4!
2025-12-11 08:58:18,556 - EXECUT - INFO - received weights from trainer sta5!
2025-12-11 08:58:20,123 - EXECUT - INFO - sent aggregated weights to trainers!
2025-12-11 08:58:37,973 - METRIC - INFO - {"loss": 0.4249000549316406, "accuracy": 0.8768961429595947, "energy_consumption": 0.44066447833973876, "selected": true, "host_energy_consumption": 0.25378047156, "client_name": "sta1"}
2025-12-11 08:58:42,792 - METRIC - INFO - {"loss": 0.4141079783439636, "accuracy": 0.8821470141410828, "energy_consumption": 0.45783601584869027, "selected": true, "host_energy_consumption": 0.24121218856, "client_name": "sta0"}
2025-12-11 08:58:47,202 - METRIC - INFO - {"loss": 0.40467599034309387, "accuracy": 0.8963585495948792, "energy_consumption": 0.7534606742824324, "selected": true, "host_energy_consumption": 0.30693041428, "client_name": "sta2"}
2025-12-11 08:58:50,272 - METRIC - INFO - {"loss": 0.4045479893684387, "accuracy": 0.8958916664123535, "energy_consumption": 0.6294800816371833, "selected": true, "host_energy_consumption": 0.30604152376, "client_name": "sta3"}
2025-12-11 08:58:51,619 - METRIC - INFO - {"loss": 0.4522295594215393, "accuracy": 0.8791593909263611, "energy_consumption": 0.5149632192401286, "selected": true, "host_energy_consumption": 0.18391801736000002, "client_name": "sta5"}
2025-12-11 08:58:51,987 - METRIC - INFO - {"loss": 0.43197670578956604, "accuracy": 0.8756567239761353, "energy_consumption": 1.1789270790760784, "selected": true, "host_energy_consumption": 0.45026559284, "client_name": "sta4"}
2025-12-11 08:58:52,156 - METRIC - INFO - mean_accuracy: 0.8843515813350677

2025-12-11 08:58:52,156 - METRIC - INFO - round: 13
2025-12-11 08:58:52,156 - METRIC - INFO - n_selected: 6
2025-12-11 08:58:52,156 - METRIC - INFO - {"selected_trainers": ["sta0", "sta1", "sta2", "sta3", "sta4", "sta5"]}
2025-12-11 08:58:59,193 - EXECUT - INFO - received weights from trainer sta0!
2025-12-11 08:59:03,642 - EXECUT - INFO - received weights from trainer sta1!
2025-12-11 08:59:11,319 - EXECUT - INFO - received weights from trainer sta2!
2025-12-11 08:59:20,287 - EXECUT - INFO - received weights from trainer sta3!
2025-12-11 08:59:29,025 - EXECUT - INFO - received weights from trainer sta4!
2025-12-11 08:59:36,466 - EXECUT - INFO - received weights from trainer sta5!
2025-12-11 08:59:38,037 - EXECUT - INFO - sent aggregated weights to trainers!
2025-12-11 08:59:53,032 - METRIC - INFO - {"loss": 0.3849585950374603, "accuracy": 0.890315055847168, "energy_consumption": 0.48646295758078617, "selected": true, "host_energy_consumption": 0.26180476504, "client_name": "sta0"}
2025-12-11 08:59:55,398 - METRIC - INFO - {"loss": 0.3985530138015747, "accuracy": 0.8833138942718506, "energy_consumption": 0.4749967554690121, "selected": true, "host_energy_consumption": 0.27466393388, "client_name": "sta1"}
2025-12-11 09:00:00,622 - METRIC - INFO - {"loss": 0.4290443956851959, "accuracy": 0.8844133019447327, "energy_consumption": 0.5550174156576504, "selected": true, "host_energy_consumption": 0.1992723824, "client_name": "sta5"}
2025-12-11 09:00:06,629 - METRIC - INFO - {"loss": 0.3795209527015686, "accuracy": 0.898692786693573, "energy_consumption": 0.6676388615424003, "selected": true, "host_energy_consumption": 0.33152783272, "client_name": "sta3"}
2025-12-11 09:00:08,594 - METRIC - INFO - {"loss": 0.40719902515411377, "accuracy": 0.8826619982719421, "energy_consumption": 1.2170739436312057, "selected": true, "host_energy_consumption": 0.47626832148000003, "client_name": "sta4"}
2025-12-11 09:00:08,721 - METRIC - INFO - {"loss": 0.3774246573448181, "accuracy": 0.906162440776825, "energy_consumption": 0.7916078440332932, "selected": true, "host_energy_consumption": 0.33331443348, "client_name": "sta2"}
2025-12-11 09:00:09,070 - METRIC - INFO - mean_accuracy: 0.8909265796343485

2025-12-11 09:00:09,070 - METRIC - INFO - round: 14
2025-12-11 09:00:09,070 - METRIC - INFO - n_selected: 6
2025-12-11 09:00:09,070 - METRIC - INFO - {"selected_trainers": ["sta0", "sta1", "sta2", "sta3", "sta4", "sta5"]}
2025-12-11 09:00:14,719 - EXECUT - INFO - received weights from trainer sta0!
2025-12-11 09:00:19,866 - EXECUT - INFO - received weights from trainer sta1!
2025-12-11 09:00:28,685 - EXECUT - INFO - received weights from trainer sta2!
2025-12-11 09:00:35,814 - EXECUT - INFO - received weights from trainer sta3!
2025-12-11 09:00:44,101 - EXECUT - INFO - received weights from trainer sta4!
2025-12-11 09:00:52,230 - EXECUT - INFO - received weights from trainer sta5!
2025-12-11 09:00:53,804 - EXECUT - INFO - sent aggregated weights to trainers!
2025-12-11 09:01:12,451 - METRIC - INFO - {"loss": 0.36345505714416504, "accuracy": 0.8949825167655945, "energy_consumption": 0.5150747428476863, "selected": true, "host_energy_consumption": 0.28176754844, "client_name": "sta0"}
2025-12-11 09:01:17,434 - METRIC - INFO - {"loss": 0.37652620673179626, "accuracy": 0.8891481757164001, "energy_consumption": 0.5093293902495345, "selected": true, "host_energy_consumption": 0.29474224416, "client_name": "sta1"}
2025-12-11 09:01:17,800 - METRIC - INFO - {"loss": 0.4088905453681946, "accuracy": 0.8931698799133301, "energy_consumption": 0.5550174156576504, "selected": true, "host_energy_consumption": 0.21444798816000002, "client_name": "sta5"}
2025-12-11 09:01:20,895 - METRIC - INFO - {"loss": 0.38987818360328674, "accuracy": 0.889667272567749, "energy_consumption": 1.2552258677593495, "selected": true, "host_energy_consumption": 0.50084523104, "client_name": "sta4"}
2025-12-11 09:01:22,764 - METRIC - INFO - {"loss": 0.3588290810585022, "accuracy": 0.9019607901573181, "energy_consumption": 0.7057862474735721, "selected": true, "host_energy_consumption": 0.35612444672000004, "client_name": "sta3"}
2025-12-11 09:01:25,875 - METRIC - INFO - {"loss": 0.35674071311950684, "accuracy": 0.9089635610580444, "energy_consumption": 0.8679128971769032, "selected": true, "host_energy_consumption": 0.35780367252, "client_name": "sta2"}
2025-12-11 09:01:26,839 - METRIC - INFO - mean_accuracy: 0.8963153660297394

2025-12-11 09:01:26,839 - METRIC - INFO - round: 15
2025-12-11 09:01:26,839 - METRIC - INFO - n_selected: 6
2025-12-11 09:01:26,839 - METRIC - INFO - {"selected_trainers": ["sta0", "sta1", "sta2", "sta3", "sta4", "sta5"]}
2025-12-11 09:01:31,964 - EXECUT - INFO - received weights from trainer sta0!
2025-12-11 09:01:36,409 - EXECUT - INFO - received weights from trainer sta1!
2025-12-11 09:01:45,769 - EXECUT - INFO - received weights from trainer sta2!
2025-12-11 09:01:53,137 - EXECUT - INFO - received weights from trainer sta3!
2025-12-11 09:02:03,933 - EXECUT - INFO - received weights from trainer sta4!
2025-12-11 09:02:13,141 - EXECUT - INFO - received weights from trainer sta5!
2025-12-11 09:02:14,714 - EXECUT - INFO - sent aggregated weights to trainers!
2025-12-11 09:02:29,882 - METRIC - INFO - {"loss": 0.3579891622066498, "accuracy": 0.8926487565040588, "energy_consumption": 0.5436703463824747, "selected": true, "host_energy_consumption": 0.31496014424, "client_name": "sta1"}
2025-12-11 09:02:35,647 - METRIC - INFO - {"loss": 0.345202773809433, "accuracy": 0.8984830975532532, "energy_consumption": 0.543693065979435, "selected": true, "host_energy_consumption": 0.30124612644000004, "client_name": "sta0"}
2025-12-11 09:02:39,886 - METRIC - INFO - {"loss": 0.3391339182853699, "accuracy": 0.913165271282196, "energy_consumption": 0.9346725293477001, "selected": true, "host_energy_consumption": 0.38288996088000005, "client_name": "sta2"}
2025-12-11 09:02:40,196 - METRIC - INFO - {"loss": 0.3906886577606201, "accuracy": 0.8949211835861206, "energy_consumption": 0.6237061201181562, "selected": true, "host_energy_consumption": 0.22965420156000002, "client_name": "sta5"}
2025-12-11 09:02:45,847 - METRIC - INFO - {"loss": 0.3725627660751343, "accuracy": 0.8905429244041443, "energy_consumption": 1.3219893593845202, "selected": true, "host_energy_consumption": 0.5251792098, "client_name": "sta4"}
2025-12-11 09:02:46,304 - METRIC - INFO - {"loss": 0.34083792567253113, "accuracy": 0.902427613735199, "energy_consumption": 0.7439374912695627, "selected": true, "host_energy_consumption": 0.38105737096000003, "client_name": "sta3"}
2025-12-11 09:02:46,747 - METRIC - INFO - mean_accuracy: 0.8986981411774954

2025-12-11 09:02:46,747 - METRIC - INFO - round: 16
2025-12-11 09:02:46,747 - METRIC - INFO - n_selected: 6
2025-12-11 09:02:46,747 - METRIC - INFO - {"selected_trainers": ["sta0", "sta1", "sta2", "sta3", "sta4", "sta5"]}
2025-12-11 09:02:52,108 - EXECUT - INFO - received weights from trainer sta0!
2025-12-11 09:02:57,427 - EXECUT - INFO - received weights from trainer sta1!
2025-12-11 09:03:03,255 - EXECUT - INFO - received weights from trainer sta2!
2025-12-11 09:03:11,758 - EXECUT - INFO - received weights from trainer sta3!
2025-12-11 09:03:17,252 - EXECUT - INFO - received weights from trainer sta4!
2025-12-11 09:03:26,490 - EXECUT - INFO - received weights from trainer sta5!
2025-12-11 09:03:28,056 - EXECUT - INFO - sent aggregated weights to trainers!
2025-12-11 09:03:44,101 - METRIC - INFO - {"loss": 0.3436442017555237, "accuracy": 0.8990665078163147, "energy_consumption": 0.5780163604988692, "selected": true, "host_energy_consumption": 0.33532804144, "client_name": "sta1"}
2025-12-11 09:03:44,636 - METRIC - INFO - {"loss": 0.3299766778945923, "accuracy": 0.8973162174224854, "energy_consumption": 0.543693065979435, "selected": true, "host_energy_consumption": 0.32111284828000003, "client_name": "sta0"}
2025-12-11 09:03:50,785 - METRIC - INFO - {"loss": 0.37890195846557617, "accuracy": 0.8931698799133301, "energy_consumption": 0.6523175032260959, "selected": true, "host_energy_consumption": 0.24456838476, "client_name": "sta5"}
2025-12-11 09:03:54,311 - METRIC - INFO - {"loss": 0.32356759905815125, "accuracy": 0.916900098323822, "energy_consumption": 1.0014236716726004, "selected": true, "host_energy_consumption": 0.40794704272000004, "client_name": "sta2"}
2025-12-11 09:03:55,223 - METRIC - INFO - {"loss": 0.3263416588306427, "accuracy": 0.9098972678184509, "energy_consumption": 0.7820858229895968, "selected": true, "host_energy_consumption": 0.40568478104, "client_name": "sta3"}
2025-12-11 09:03:55,845 - METRIC - INFO - {"loss": 0.3574831187725067, "accuracy": 0.8922942280769348, "energy_consumption": 1.3601364194556633, "selected": true, "host_energy_consumption": 0.54961613728, "client_name": "sta4"}
2025-12-11 09:03:56,086 - METRIC - INFO - mean_accuracy: 0.901440699895223

2025-12-11 09:03:56,086 - METRIC - INFO - round: 17
2025-12-11 09:03:56,086 - METRIC - INFO - n_selected: 6
2025-12-11 09:03:56,086 - METRIC - INFO - {"selected_trainers": ["sta0", "sta1", "sta2", "sta3", "sta4", "sta5"]}
2025-12-11 09:04:01,506 - EXECUT - INFO - received weights from trainer sta0!
2025-12-11 09:04:06,224 - EXECUT - INFO - received weights from trainer sta1!
2025-12-11 09:04:14,970 - EXECUT - INFO - received weights from trainer sta2!
2025-12-11 09:04:21,270 - EXECUT - INFO - received weights from trainer sta3!
2025-12-11 09:04:32,768 - EXECUT - INFO - received weights from trainer sta4!
2025-12-11 09:04:41,348 - EXECUT - INFO - received weights from trainer sta5!
2025-12-11 09:04:42,922 - EXECUT - INFO - sent aggregated weights to trainers!
2025-12-11 09:05:00,506 - METRIC - INFO - {"loss": 0.3297012746334076, "accuracy": 0.9014002084732056, "energy_consumption": 0.6123688711515255, "selected": true, "host_energy_consumption": 0.35640463572000003, "client_name": "sta1"}
2025-12-11 09:05:00,587 - METRIC - INFO - {"loss": 0.3162692189216614, "accuracy": 0.9019836783409119, "energy_consumption": 0.6009594004758072, "selected": true, "host_energy_consumption": 0.34230990864, "client_name": "sta0"}
2025-12-11 09:05:08,928 - METRIC - INFO - {"loss": 0.3675713837146759, "accuracy": 0.8984237909317017, "energy_consumption": 0.6523175032260959, "selected": true, "host_energy_consumption": 0.25976772864000003, "client_name": "sta5"}
2025-12-11 09:05:09,685 - METRIC - INFO - {"loss": 0.3147878348827362, "accuracy": 0.9112978577613831, "energy_consumption": 0.8488730578890866, "selected": true, "host_energy_consumption": 0.43022870772000005, "client_name": "sta3"}
2025-12-11 09:05:11,634 - METRIC - INFO - {"loss": 0.30918529629707336, "accuracy": 0.9183006286621094, "energy_consumption": 1.068181730177897, "selected": true, "host_energy_consumption": 0.43280484044, "client_name": "sta2"}
2025-12-11 09:05:12,206 - METRIC - INFO - {"loss": 0.34535691142082214, "accuracy": 0.8966724872589111, "energy_consumption": 1.426895722587307, "selected": true, "host_energy_consumption": 0.57441253128, "client_name": "sta4"}
2025-12-11 09:05:12,953 - METRIC - INFO - mean_accuracy: 0.9046797752380371

2025-12-11 09:05:12,953 - METRIC - INFO - round: 18
2025-12-11 09:05:12,953 - METRIC - INFO - n_selected: 6
2025-12-11 09:05:12,953 - METRIC - INFO - {"selected_trainers": ["sta0", "sta1", "sta2", "sta3", "sta4", "sta5"]}
2025-12-11 09:05:19,360 - EXECUT - INFO - received weights from trainer sta0!
2025-12-11 09:05:24,655 - EXECUT - INFO - received weights from trainer sta1!
2025-12-11 09:05:32,017 - EXECUT - INFO - received weights from trainer sta2!
2025-12-11 09:05:40,295 - EXECUT - INFO - received weights from trainer sta3!
2025-12-11 09:05:48,812 - EXECUT - INFO - received weights from trainer sta4!
2025-12-11 09:05:55,840 - EXECUT - INFO - received weights from trainer sta5!
2025-12-11 09:05:57,405 - EXECUT - INFO - sent aggregated weights to trainers!
2025-12-11 09:06:15,878 - METRIC - INFO - {"loss": 0.3186120390892029, "accuracy": 0.9043173789978027, "energy_consumption": 0.6753341748528262, "selected": true, "host_energy_consumption": 0.37661070916, "client_name": "sta1"}
2025-12-11 09:06:17,082 - METRIC - INFO - {"loss": 0.30471575260162354, "accuracy": 0.9078179597854614, "energy_consumption": 0.6295767190049362, "selected": true, "host_energy_consumption": 0.36225360276, "client_name": "sta0"}
2025-12-11 09:06:29,691 - METRIC - INFO - {"loss": 0.35284125804901123, "accuracy": 0.900175154209137, "energy_consumption": 0.6923744670695116, "selected": true, "host_energy_consumption": 0.27419608272, "client_name": "sta5"}
2025-12-11 09:06:31,465 - METRIC - INFO - {"loss": 0.3016446530818939, "accuracy": 0.913165271282196, "energy_consumption": 0.8870240330492472, "selected": true, "host_energy_consumption": 0.45464552028000005, "client_name": "sta3"}
2025-12-11 09:06:32,660 - METRIC - INFO - {"loss": 0.33092761039733887, "accuracy": 0.9028021097183228, "energy_consumption": 1.4650392967509336, "selected": true, "host_energy_consumption": 0.5989337452, "client_name": "sta4"}
2025-12-11 09:06:33,268 - METRIC - INFO - {"loss": 0.3007168769836426, "accuracy": 0.9197012186050415, "energy_consumption": 1.1063285995017076, "selected": true, "host_energy_consumption": 0.45773431256, "client_name": "sta2"}
2025-12-11 09:06:33,443 - METRIC - INFO - mean_accuracy: 0.9079965154329935

2025-12-11 09:06:33,443 - METRIC - INFO - round: 19
2025-12-11 09:06:33,443 - METRIC - INFO - n_selected: 6
2025-12-11 09:06:33,443 - METRIC - INFO - {"selected_trainers": ["sta0", "sta1", "sta2", "sta3", "sta4", "sta5"]}
2025-12-11 09:06:39,418 - EXECUT - INFO - received weights from trainer sta0!
2025-12-11 09:06:44,100 - EXECUT - INFO - received weights from trainer sta1!
2025-12-11 09:06:52,992 - EXECUT - INFO - received weights from trainer sta2!
2025-12-11 09:07:01,488 - EXECUT - INFO - received weights from trainer sta3!
2025-12-11 09:07:09,729 - EXECUT - INFO - received weights from trainer sta4!
2025-12-11 09:07:15,768 - EXECUT - INFO - received weights from trainer sta5!
2025-12-11 09:07:17,345 - EXECUT - INFO - sent aggregated weights to trainers!
2025-12-11 09:07:33,274 - METRIC - INFO - {"loss": 0.3084287643432617, "accuracy": 0.9084014296531677, "energy_consumption": 0.7382862820177797, "selected": true, "host_energy_consumption": 0.39702635476000003, "client_name": "sta1"}
2025-12-11 09:07:33,876 - METRIC - INFO - {"loss": 0.29476213455200195, "accuracy": 0.9078179597854614, "energy_consumption": 0.6581831871899184, "selected": true, "host_energy_consumption": 0.38191880132, "client_name": "sta0"}
2025-12-11 09:07:39,511 - METRIC - INFO - {"loss": 0.2920570969581604, "accuracy": 0.916900098323822, "energy_consumption": 0.9251801329544307, "selected": true, "host_energy_consumption": 0.47953573752, "client_name": "sta3"}
2025-12-11 09:07:43,590 - METRIC - INFO - {"loss": 0.34421306848526, "accuracy": 0.8966724872589111, "energy_consumption": 0.7324285855985395, "selected": true, "host_energy_consumption": 0.28884539068000004, "client_name": "sta5"}
2025-12-11 09:07:44,724 - METRIC - INFO - {"loss": 0.28715115785598755, "accuracy": 0.9201680421829224, "energy_consumption": 1.1444755514826952, "selected": true, "host_energy_consumption": 0.48244182224000004, "client_name": "sta2"}
2025-12-11 09:07:46,094 - METRIC - INFO - {"loss": 0.32175466418266296, "accuracy": 0.9098073840141296, "energy_consumption": 1.543260026952772, "selected": true, "host_energy_consumption": 0.6231161711600001, "client_name": "sta4"}
2025-12-11 09:07:46,376 - METRIC - INFO - mean_accuracy: 0.9099612335364023

2025-12-11 09:07:46,376 - METRIC - INFO - round: 20
2025-12-11 09:07:46,376 - METRIC - INFO - n_selected: 6
2025-12-11 09:07:46,376 - METRIC - INFO - {"selected_trainers": ["sta0", "sta1", "sta2", "sta3", "sta4", "sta5"]}
2025-12-11 09:07:52,571 - EXECUT - INFO - received weights from trainer sta0!
2025-12-11 09:07:57,027 - EXECUT - INFO - received weights from trainer sta1!
2025-12-11 09:08:03,569 - EXECUT - INFO - received weights from trainer sta2!
2025-12-11 09:08:09,374 - EXECUT - INFO - received weights from trainer sta3!
2025-12-11 09:08:18,925 - EXECUT - INFO - received weights from trainer sta4!
2025-12-11 09:08:25,535 - EXECUT - INFO - received weights from trainer sta5!
2025-12-11 09:08:27,102 - EXECUT - INFO - sent aggregated weights to trainers!
2025-12-11 09:08:45,461 - METRIC - INFO - {"loss": 0.2987131178379059, "accuracy": 0.9107351303100586, "energy_consumption": 0.7726250652206813, "selected": true, "host_energy_consumption": 0.41746127780000003, "client_name": "sta1"}
2025-12-11 09:08:45,642 - METRIC - INFO - {"loss": 0.2817637324333191, "accuracy": 0.9113185405731201, "energy_consumption": 0.6868039137380699, "selected": true, "host_energy_consumption": 0.40210012920000004, "client_name": "sta0"}
2025-12-11 09:08:58,518 - METRIC - INFO - {"loss": 0.3340810239315033, "accuracy": 0.9019264578819275, "energy_consumption": 0.7324285855985395, "selected": true, "host_energy_consumption": 0.30346169840000004, "client_name": "sta5"}
2025-12-11 09:09:00,368 - METRIC - INFO - {"loss": 0.28009214997291565, "accuracy": 0.922502338886261, "energy_consumption": 0.9633273456234406, "selected": true, "host_energy_consumption": 0.5040749988400001, "client_name": "sta3"}
2025-12-11 09:09:01,119 - METRIC - INFO - {"loss": 0.27951693534851074, "accuracy": 0.924369752407074, "energy_consumption": 1.1826223127163502, "selected": true, "host_energy_consumption": 0.5072687046000001, "client_name": "sta2"}
2025-12-11 09:09:01,266 - METRIC - INFO - {"loss": 0.3097342848777771, "accuracy": 0.9106830358505249, "energy_consumption": 1.5814067945446726, "selected": true, "host_energy_consumption": 0.6484677444, "client_name": "sta4"}
2025-12-11 09:09:02,139 - METRIC - INFO - mean_accuracy: 0.913589209318161

2025-12-11 09:09:02,139 - METRIC - INFO - round: 21
2025-12-11 09:09:02,139 - METRIC - INFO - n_selected: 6
2025-12-11 09:09:02,139 - METRIC - INFO - {"selected_trainers": ["sta0", "sta1", "sta2", "sta3", "sta4", "sta5"]}
2025-12-11 09:09:08,583 - EXECUT - INFO - received weights from trainer sta0!
2025-12-11 09:09:13,263 - EXECUT - INFO - received weights from trainer sta1!
2025-12-11 09:09:19,702 - EXECUT - INFO - received weights from trainer sta2!
2025-12-11 09:09:26,095 - EXECUT - INFO - received weights from trainer sta3!
2025-12-11 09:09:33,320 - EXECUT - INFO - received weights from trainer sta4!
2025-12-11 09:09:41,074 - EXECUT - INFO - received weights from trainer sta5!
2025-12-11 09:09:42,645 - EXECUT - INFO - sent aggregated weights to trainers!
2025-12-11 09:09:58,773 - METRIC - INFO - {"loss": 0.2728525698184967, "accuracy": 0.9171528816223145, "energy_consumption": 0.7154182788626522, "selected": true, "host_energy_consumption": 0.42188526408000004, "client_name": "sta0"}
2025-12-11 09:09:59,986 - METRIC - INFO - {"loss": 0.2886885404586792, "accuracy": 0.9142357110977173, "energy_consumption": 0.8069568909145962, "selected": true, "host_energy_consumption": 0.43782910612000003, "client_name": "sta1"}
2025-12-11 09:10:06,220 - METRIC - INFO - {"loss": 0.325893372297287, "accuracy": 0.9019264578819275, "energy_consumption": 0.7324285855985395, "selected": true, "host_energy_consumption": 0.31828282724, "client_name": "sta5"}
2025-12-11 09:10:06,971 - METRIC - INFO - {"loss": 0.30087971687316895, "accuracy": 0.9124343395233154, "energy_consumption": 1.6195546557546154, "selected": true, "host_energy_consumption": 0.6725491180800001, "client_name": "sta4"}
2025-12-11 09:10:08,313 - METRIC - INFO - {"loss": 0.27157533168792725, "accuracy": 0.9239028692245483, "energy_consumption": 1.0300854963232808, "selected": true, "host_energy_consumption": 0.5285646478, "client_name": "sta3"}
2025-12-11 09:10:10,310 - METRIC - INFO - {"loss": 0.2700173258781433, "accuracy": 0.926237165927887, "energy_consumption": 1.2493860046262235, "selected": true, "host_energy_consumption": 0.5314586841200001, "client_name": "sta2"}
2025-12-11 09:10:10,675 - METRIC - INFO - mean_accuracy: 0.9159815708796183

2025-12-11 09:10:10,675 - METRIC - INFO - round: 22
2025-12-11 09:10:10,675 - METRIC - INFO - n_selected: 6
2025-12-11 09:10:10,675 - METRIC - INFO - {"selected_trainers": ["sta0", "sta1", "sta2", "sta3", "sta4", "sta5"]}
2025-12-11 09:10:17,098 - EXECUT - INFO - received weights from trainer sta0!
2025-12-11 09:10:21,539 - EXECUT - INFO - received weights from trainer sta1!
2025-12-11 09:10:31,266 - EXECUT - INFO - received weights from trainer sta2!
2025-12-11 09:10:38,878 - EXECUT - INFO - received weights from trainer sta3!
2025-12-11 09:10:47,773 - EXECUT - INFO - received weights from trainer sta4!
2025-12-11 09:10:56,570 - EXECUT - INFO - received weights from trainer sta5!
2025-12-11 09:10:58,146 - EXECUT - INFO - sent aggregated weights to trainers!
2025-12-11 09:11:14,430 - METRIC - INFO - {"loss": 0.2651679813861847, "accuracy": 0.9206534624099731, "energy_consumption": 0.7726560982222517, "selected": true, "host_energy_consumption": 0.44158783816, "client_name": "sta0"}
2025-12-11 09:11:15,735 - METRIC - INFO - {"loss": 0.2802012264728546, "accuracy": 0.9142357110977173, "energy_consumption": 0.8413007050784115, "selected": true, "host_energy_consumption": 0.45760074024, "client_name": "sta1"}
2025-12-11 09:11:22,370 - METRIC - INFO - {"loss": 0.2628389596939087, "accuracy": 0.9304388165473938, "energy_consumption": 1.2875325767021082, "selected": true, "host_energy_consumption": 0.55597193428, "client_name": "sta2"}
2025-12-11 09:11:27,532 - METRIC - INFO - {"loss": 0.2661057412624359, "accuracy": 0.9253034591674805, "energy_consumption": 1.0968495903921145, "selected": true, "host_energy_consumption": 0.55346518696, "client_name": "sta3"}
2025-12-11 09:11:29,090 - METRIC - INFO - {"loss": 0.31706273555755615, "accuracy": 0.9089316725730896, "energy_consumption": 0.7724818187420284, "selected": true, "host_energy_consumption": 0.33271063476, "client_name": "sta5"}
2025-12-11 09:11:29,957 - METRIC - INFO - {"loss": 0.2922462821006775, "accuracy": 0.9133099913597107, "energy_consumption": 1.6977609765849837, "selected": true, "host_energy_consumption": 0.6966223916400001, "client_name": "sta4"}
2025-12-11 09:11:30,180 - METRIC - INFO - mean_accuracy: 0.9188121855258942

2025-12-11 09:11:30,180 - METRIC - INFO - round: 23
2025-12-11 09:11:30,180 - METRIC - INFO - n_selected: 6
2025-12-11 09:11:30,180 - METRIC - INFO - {"selected_trainers": ["sta0", "sta1", "sta2", "sta3", "sta4", "sta5"]}
2025-12-11 09:11:37,246 - EXECUT - INFO - received weights from trainer sta0!
2025-12-11 09:11:42,149 - EXECUT - INFO - received weights from trainer sta1!
2025-12-11 09:11:49,981 - EXECUT - INFO - received weights from trainer sta2!
2025-12-11 09:11:58,443 - EXECUT - INFO - received weights from trainer sta3!
2025-12-11 09:12:05,633 - EXECUT - INFO - received weights from trainer sta4!
2025-12-11 09:12:14,341 - EXECUT - INFO - received weights from trainer sta5!
2025-12-11 09:12:15,917 - EXECUT - INFO - sent aggregated weights to trainers!
2025-12-11 09:12:32,772 - METRIC - INFO - {"loss": 0.26993322372436523, "accuracy": 0.917736291885376, "energy_consumption": 0.8756327962290354, "selected": true, "host_energy_consumption": 0.47756391648, "client_name": "sta1"}
2025-12-11 09:12:34,965 - METRIC - INFO - {"loss": 0.25737735629081726, "accuracy": 0.9206534624099731, "energy_consumption": 0.8012802916031867, "selected": true, "host_energy_consumption": 0.46103169000000005, "client_name": "sta0"}
2025-12-11 09:12:42,487 - METRIC - INFO - {"loss": 0.25445693731307983, "accuracy": 0.9285714030265808, "energy_consumption": 1.1350023617563316, "selected": true, "host_energy_consumption": 0.5779489744, "client_name": "sta3"}
2025-12-11 09:12:42,893 - METRIC - INFO - {"loss": 0.30756455659866333, "accuracy": 0.9071803689002991, "energy_consumption": 0.7724818187420284, "selected": true, "host_energy_consumption": 0.34748322896, "client_name": "sta5"}
2025-12-11 09:12:43,721 - METRIC - INFO - {"loss": 0.25309619307518005, "accuracy": 0.9313725233078003, "energy_consumption": 1.3256866578646787, "selected": true, "host_energy_consumption": 0.58057140232, "client_name": "sta2"}
2025-12-11 09:12:43,778 - METRIC - INFO - {"loss": 0.28194066882133484, "accuracy": 0.917688250541687, "energy_consumption": 1.735912576442661, "selected": true, "host_energy_consumption": 0.7217848148, "client_name": "sta4"}
2025-12-11 09:12:43,947 - METRIC - INFO - mean_accuracy: 0.9205337166786194

2025-12-11 09:12:43,947 - METRIC - INFO - round: 24
2025-12-11 09:12:43,947 - METRIC - INFO - n_selected: 6
2025-12-11 09:12:43,947 - METRIC - INFO - {"selected_trainers": ["sta0", "sta1", "sta2", "sta3", "sta4", "sta5"]}
2025-12-11 09:12:51,008 - EXECUT - INFO - received weights from trainer sta0!
2025-12-11 09:12:56,731 - EXECUT - INFO - received weights from trainer sta1!
2025-12-11 09:13:04,794 - EXECUT - INFO - received weights from trainer sta2!
2025-12-11 09:13:13,047 - EXECUT - INFO - received weights from trainer sta3!
2025-12-11 09:13:21,226 - EXECUT - INFO - received weights from trainer sta4!
2025-12-11 09:13:27,818 - EXECUT - INFO - received weights from trainer sta5!
2025-12-11 09:13:29,396 - EXECUT - INFO - sent aggregated weights to trainers!
2025-12-11 09:13:45,866 - METRIC - INFO - {"loss": 0.2492843121290207, "accuracy": 0.9276546239852905, "energy_consumption": 0.8298972795036037, "selected": true, "host_energy_consumption": 0.48080539192000005, "client_name": "sta0"}
2025-12-11 09:13:47,192 - METRIC - INFO - {"loss": 0.26355883479118347, "accuracy": 0.9194865822792053, "energy_consumption": 0.9385882971069618, "selected": true, "host_energy_consumption": 0.49771255128, "client_name": "sta1"}
2025-12-11 09:13:54,917 - METRIC - INFO - {"loss": 0.24556466937065125, "accuracy": 0.9285714030265808, "energy_consumption": 1.2017644672842138, "selected": true, "host_energy_consumption": 0.60236277892, "client_name": "sta3"}
2025-12-11 09:13:56,139 - METRIC - INFO - {"loss": 0.2963458001613617, "accuracy": 0.9124343395233154, "energy_consumption": 0.8411539663340037, "selected": true, "host_energy_consumption": 0.36239590772, "client_name": "sta5"}
2025-12-11 09:13:58,517 - METRIC - INFO - {"loss": 0.2720174491405487, "accuracy": 0.9211909174919128, "energy_consumption": 1.774064360689429, "selected": true, "host_energy_consumption": 0.74593386392, "client_name": "sta4"}
2025-12-11 09:13:59,418 - METRIC - INFO - {"loss": 0.24503885209560394, "accuracy": 0.9327731132507324, "energy_consumption": 1.3924699395256852, "selected": true, "host_energy_consumption": 0.6046860498000001, "client_name": "sta2"}
2025-12-11 09:13:59,428 - METRIC - INFO - mean_accuracy: 0.9236851632595062

2025-12-11 09:13:59,428 - METRIC - INFO - round: 25
2025-12-11 09:13:59,428 - METRIC - INFO - n_selected: 6
2025-12-11 09:13:59,428 - METRIC - INFO - {"selected_trainers": ["sta0", "sta1", "sta2", "sta3", "sta4", "sta5"]}
2025-12-11 09:14:05,228 - EXECUT - INFO - received weights from trainer sta0!
2025-12-11 09:14:10,116 - EXECUT - INFO - received weights from trainer sta1!
2025-12-11 09:14:18,674 - EXECUT - INFO - received weights from trainer sta2!
2025-12-11 09:14:27,988 - EXECUT - INFO - received weights from trainer sta3!
2025-12-11 09:14:35,947 - EXECUT - INFO - received weights from trainer sta4!
2025-12-11 09:14:44,713 - EXECUT - INFO - received weights from trainer sta5!
2025-12-11 09:14:46,285 - EXECUT - INFO - sent aggregated weights to trainers!
2025-12-11 09:15:04,906 - METRIC - INFO - {"loss": 0.2549262046813965, "accuracy": 0.9235705733299255, "energy_consumption": 0.9729278687321722, "selected": true, "host_energy_consumption": 0.5178488302400001, "client_name": "sta1"}
2025-12-11 09:15:06,409 - METRIC - INFO - {"loss": 0.24189092218875885, "accuracy": 0.9276546239852905, "energy_consumption": 0.8585163926472235, "selected": true, "host_energy_consumption": 0.5002435524800001, "client_name": "sta0"}
2025-12-11 09:15:17,236 - METRIC - INFO - {"loss": 0.2890356183052063, "accuracy": 0.914185643196106, "energy_consumption": 0.8697833067138121, "selected": true, "host_energy_consumption": 0.37704745456, "client_name": "sta5"}
2025-12-11 09:15:18,175 - METRIC - INFO - {"loss": 0.24054045975208282, "accuracy": 0.9299719929695129, "energy_consumption": 1.239911433571251, "selected": true, "host_energy_consumption": 0.62674563392, "client_name": "sta3"}
2025-12-11 09:15:20,125 - METRIC - INFO - {"loss": 0.26743972301483154, "accuracy": 0.9168125987052917, "energy_consumption": 1.8122118070239206, "selected": true, "host_energy_consumption": 0.77082062876, "client_name": "sta4"}
2025-12-11 09:15:20,781 - METRIC - INFO - {"loss": 0.2386268973350525, "accuracy": 0.9360410571098328, "energy_consumption": 1.4592563081143652, "selected": true, "host_energy_consumption": 0.62913208596, "client_name": "sta2"}
2025-12-11 09:15:21,323 - METRIC - INFO - mean_accuracy: 0.9247060815493265

2025-12-11 09:15:21,323 - METRIC - INFO - round: 26
2025-12-11 09:15:21,323 - METRIC - INFO - n_selected: 6
2025-12-11 09:15:21,323 - METRIC - INFO - {"selected_trainers": ["sta0", "sta1", "sta2", "sta3", "sta4", "sta5"]}
2025-12-11 09:15:26,865 - EXECUT - INFO - received weights from trainer sta0!
2025-12-11 09:15:32,824 - EXECUT - INFO - received weights from trainer sta1!
2025-12-11 09:15:41,051 - EXECUT - INFO - received weights from trainer sta2!
2025-12-11 09:15:47,888 - EXECUT - INFO - received weights from trainer sta3!
2025-12-11 09:15:56,559 - EXECUT - INFO - received weights from trainer sta4!
2025-12-11 09:16:03,537 - EXECUT - INFO - received weights from trainer sta5!
2025-12-11 09:16:05,112 - EXECUT - INFO - sent aggregated weights to trainers!
2025-12-11 09:16:21,855 - METRIC - INFO - {"loss": 0.23613682389259338, "accuracy": 0.9311552047729492, "energy_consumption": 0.8871407561111924, "selected": true, "host_energy_consumption": 0.51971890068, "client_name": "sta0"}
2025-12-11 09:16:26,419 - METRIC - INFO - {"loss": 0.24805116653442383, "accuracy": 0.9247374534606934, "energy_consumption": 1.0072623219706087, "selected": true, "host_energy_consumption": 0.53781725368, "client_name": "sta1"}
2025-12-11 09:16:36,072 - METRIC - INFO - {"loss": 0.2804027497768402, "accuracy": 0.917688250541687, "energy_consumption": 0.9098370850767652, "selected": true, "host_energy_consumption": 0.39162013212, "client_name": "sta5"}
2025-12-11 09:16:39,130 - METRIC - INFO - {"loss": 0.2321479171514511, "accuracy": 0.9318394064903259, "energy_consumption": 1.2780583601192603, "selected": true, "host_energy_consumption": 0.6509647858000001, "client_name": "sta3"}
2025-12-11 09:16:39,981 - METRIC - INFO - {"loss": 0.2580488324165344, "accuracy": 0.9229422211647034, "energy_consumption": 1.8904132304165056, "selected": true, "host_energy_consumption": 0.795175696, "client_name": "sta4"}
2025-12-11 09:16:40,669 - METRIC - INFO - {"loss": 0.23349463939666748, "accuracy": 0.9341736435890198, "energy_consumption": 1.497404318743054, "selected": true, "host_energy_consumption": 0.65316372856, "client_name": "sta2"}
2025-12-11 09:16:41,150 - METRIC - INFO - mean_accuracy: 0.9270893633365631

2025-12-11 09:16:41,150 - METRIC - INFO - round: 27
2025-12-11 09:16:41,150 - METRIC - INFO - n_selected: 6
2025-12-11 09:16:41,150 - METRIC - INFO - {"selected_trainers": ["sta0", "sta1", "sta2", "sta3", "sta4", "sta5"]}
2025-12-11 09:16:47,386 - EXECUT - INFO - received weights from trainer sta0!
2025-12-11 09:16:51,846 - EXECUT - INFO - received weights from trainer sta1!
2025-12-11 09:17:00,499 - EXECUT - INFO - received weights from trainer sta2!
2025-12-11 09:17:07,134 - EXECUT - INFO - received weights from trainer sta3!
2025-12-11 09:17:17,651 - EXECUT - INFO - received weights from trainer sta4!
2025-12-11 09:17:25,093 - EXECUT - INFO - received weights from trainer sta5!
2025-12-11 09:17:26,667 - EXECUT - INFO - sent aggregated weights to trainers!
2025-12-11 09:17:44,114 - METRIC - INFO - {"loss": 0.2285006046295166, "accuracy": 0.9311552047729492, "energy_consumption": 0.9443835333118984, "selected": true, "host_energy_consumption": 0.53919207804, "client_name": "sta0"}
2025-12-11 09:17:49,677 - METRIC - INFO - {"loss": 0.27703091502189636, "accuracy": 0.9159369468688965, "energy_consumption": 0.9499145812810554, "selected": true, "host_energy_consumption": 0.40616028740000004, "client_name": "sta5"}
2025-12-11 09:17:50,169 - METRIC - INFO - {"loss": 0.24182583391666412, "accuracy": 0.9276546239852905, "energy_consumption": 1.0702042972730381, "selected": true, "host_energy_consumption": 0.55794235616, "client_name": "sta1"}
2025-12-11 09:17:54,308 - METRIC - INFO - {"loss": 0.22598668932914734, "accuracy": 0.9351073503494263, "energy_consumption": 1.3162039625628665, "selected": true, "host_energy_consumption": 0.67550944692, "client_name": "sta3"}
2025-12-11 09:17:56,442 - METRIC - INFO - {"loss": 0.24778376519680023, "accuracy": 0.9273204803466797, "energy_consumption": 1.9686147873322208, "selected": true, "host_energy_consumption": 0.81959925936, "client_name": "sta4"}
2025-12-11 09:17:57,300 - METRIC - INFO - {"loss": 0.225046768784523, "accuracy": 0.9393090605735779, "energy_consumption": 1.535559927473851, "selected": true, "host_energy_consumption": 0.67709830104, "client_name": "sta2"}
2025-12-11 09:17:57,700 - METRIC - INFO - mean_accuracy: 0.9294139444828033

2025-12-11 09:17:57,700 - METRIC - INFO - round: 28
2025-12-11 09:17:57,700 - METRIC - INFO - n_selected: 6
2025-12-11 09:17:57,700 - METRIC - INFO - {"selected_trainers": ["sta0", "sta1", "sta2", "sta3", "sta4", "sta5"]}
2025-12-11 09:18:03,060 - EXECUT - INFO - received weights from trainer sta0!
2025-12-11 09:18:07,340 - EXECUT - INFO - received weights from trainer sta1!
2025-12-11 09:18:14,101 - EXECUT - INFO - received weights from trainer sta2!
2025-12-11 09:18:21,829 - EXECUT - INFO - received weights from trainer sta3!
2025-12-11 09:18:29,721 - EXECUT - INFO - received weights from trainer sta4!
2025-12-11 09:18:35,886 - EXECUT - INFO - received weights from trainer sta5!
2025-12-11 09:18:37,499 - EXECUT - INFO - sent aggregated weights to trainers!
2025-12-11 09:18:52,346 - METRIC - INFO - {"loss": 0.2365569919347763, "accuracy": 0.9270711541175842, "energy_consumption": 1.1331622874036653, "selected": true, "host_energy_consumption": 0.5783285393200001, "client_name": "sta1"}
2025-12-11 09:18:55,057 - METRIC - INFO - {"loss": 0.22226625680923462, "accuracy": 0.9334889054298401, "energy_consumption": 0.9730016434424571, "selected": true, "host_energy_consumption": 0.55888362908, "client_name": "sta0"}
2025-12-11 09:18:57,613 - METRIC - INFO - {"loss": 0.2676357924938202, "accuracy": 0.9229422211647034, "energy_consumption": 0.989970054116148, "selected": true, "host_energy_consumption": 0.4210330278, "client_name": "sta5"}
2025-12-11 09:19:00,233 - METRIC - INFO - {"loss": 0.22076500952243805, "accuracy": 0.9355742335319519, "energy_consumption": 1.3543513198819355, "selected": true, "host_energy_consumption": 0.70025156404, "client_name": "sta3"}
2025-12-11 09:19:02,161 - METRIC - INFO - {"loss": 0.21925677359104156, "accuracy": 0.9379084706306458, "energy_consumption": 1.5737107500361447, "selected": true, "host_energy_consumption": 0.7013478214400001, "client_name": "sta2"}
2025-12-11 09:19:04,773 - METRIC - INFO - {"loss": 0.24414318799972534, "accuracy": 0.928196132183075, "energy_consumption": 2.006772053975261, "selected": true, "host_energy_consumption": 0.84385283024, "client_name": "sta4"}
2025-12-11 09:19:05,528 - METRIC - INFO - mean_accuracy: 0.9308635195096334

2025-12-11 09:19:05,528 - METRIC - INFO - round: 29
2025-12-11 09:19:05,528 - METRIC - INFO - n_selected: 6
2025-12-11 09:19:05,528 - METRIC - INFO - {"selected_trainers": ["sta0", "sta1", "sta2", "sta3", "sta4", "sta5"]}
2025-12-11 09:19:11,291 - EXECUT - INFO - received weights from trainer sta0!
2025-12-11 09:19:16,398 - EXECUT - INFO - received weights from trainer sta1!
2025-12-11 09:19:22,717 - EXECUT - INFO - received weights from trainer sta2!
2025-12-11 09:19:33,460 - EXECUT - INFO - received weights from trainer sta3!
2025-12-11 09:19:40,687 - EXECUT - INFO - received weights from trainer sta4!
2025-12-11 09:19:49,698 - EXECUT - INFO - received weights from trainer sta5!
2025-12-11 09:19:51,272 - EXECUT - INFO - sent aggregated weights to trainers!
2025-12-11 09:20:08,822 - METRIC - INFO - {"loss": 0.21649907529354095, "accuracy": 0.9334889054298401, "energy_consumption": 1.0016240151863571, "selected": true, "host_energy_consumption": 0.5786941249600001, "client_name": "sta0"}
2025-12-11 09:20:09,614 - METRIC - INFO - {"loss": 0.22796161472797394, "accuracy": 0.9288214445114136, "energy_consumption": 1.1675109735722855, "selected": true, "host_energy_consumption": 0.59828493088, "client_name": "sta1"}
2025-12-11 09:20:14,392 - METRIC - INFO - {"loss": 0.21283309161663055, "accuracy": 0.9379084706306458, "energy_consumption": 1.640470258221167, "selected": true, "host_energy_consumption": 0.7257247463200001, "client_name": "sta2"}
2025-12-11 09:20:19,801 - METRIC - INFO - {"loss": 0.2144451141357422, "accuracy": 0.9374416470527649, "energy_consumption": 1.3925066949472509, "selected": true, "host_energy_consumption": 0.72444238076, "client_name": "sta3"}
2025-12-11 09:20:21,372 - METRIC - INFO - {"loss": 0.26082220673561096, "accuracy": 0.9229422211647034, "energy_consumption": 1.05864698310794, "selected": true, "host_energy_consumption": 0.43571338804000004, "client_name": "sta5"}
2025-12-11 09:20:21,958 - METRIC - INFO - {"loss": 0.23659439384937286, "accuracy": 0.9290717840194702, "energy_consumption": 2.0449205700843858, "selected": true, "host_energy_consumption": 0.8683156655600001, "client_name": "sta4"}
2025-12-11 09:20:22,305 - METRIC - INFO - mean_accuracy: 0.9316124121348063

2025-12-11 09:20:22,305 - METRIC - INFO - round: 30
2025-12-11 09:20:22,305 - METRIC - INFO - n_selected: 6
2025-12-11 09:20:22,305 - METRIC - INFO - {"selected_trainers": ["sta0", "sta1", "sta2", "sta3", "sta4", "sta5"]}
2025-12-11 09:20:28,191 - EXECUT - INFO - received weights from trainer sta0!
2025-12-11 09:20:32,060 - EXECUT - INFO - received weights from trainer sta1!
2025-12-11 09:20:41,220 - EXECUT - INFO - received weights from trainer sta2!
2025-12-11 09:20:47,991 - EXECUT - INFO - received weights from trainer sta3!
2025-12-11 09:20:55,006 - EXECUT - INFO - received weights from trainer sta4!
2025-12-11 09:21:02,035 - EXECUT - INFO - received weights from trainer sta5!
2025-12-11 09:21:03,606 - EXECUT - INFO - sent aggregated weights to trainers!
2025-12-11 09:21:20,276 - METRIC - INFO - {"loss": 0.21156592667102814, "accuracy": 0.9381563663482666, "energy_consumption": 1.0302460880927655, "selected": true, "host_energy_consumption": 0.59916068128, "client_name": "sta0"}
2025-12-11 09:21:20,328 - METRIC - INFO - {"loss": 0.22422516345977783, "accuracy": 0.9294049143791199, "energy_consumption": 1.2304557878308642, "selected": true, "host_energy_consumption": 0.61946397828, "client_name": "sta1"}
2025-12-11 09:21:28,880 - METRIC - INFO - {"loss": 0.2532545328140259, "accuracy": 0.9246935248374939, "energy_consumption": 1.0987067000712032, "selected": true, "host_energy_consumption": 0.45036859224000003, "client_name": "sta5"}
2025-12-11 09:21:30,037 - METRIC - INFO - {"loss": 0.20678360760211945, "accuracy": 0.9393090605735779, "energy_consumption": 1.430654249371898, "selected": true, "host_energy_consumption": 0.7493735272800001, "client_name": "sta3"}
2025-12-11 09:21:30,313 - METRIC - INFO - {"loss": 0.2280127853155136, "accuracy": 0.9316987991333008, "energy_consumption": 2.1231220236786252, "selected": true, "host_energy_consumption": 0.89381436508, "client_name": "sta4"}
2025-12-11 09:21:30,796 - METRIC - INFO - {"loss": 0.2073429971933365, "accuracy": 0.9411764740943909, "energy_consumption": 1.7072367906767412, "selected": true, "host_energy_consumption": 0.7509339272400001, "client_name": "sta2"}
2025-12-11 09:21:31,636 - METRIC - INFO - mean_accuracy: 0.9340731898943583

2025-12-11 09:21:31,636 - METRIC - INFO - round: 31
2025-12-11 09:21:31,636 - METRIC - INFO - n_selected: 6
2025-12-11 09:21:31,636 - METRIC - INFO - {"selected_trainers": ["sta0", "sta1", "sta2", "sta3", "sta4", "sta5"]}
2025-12-11 09:21:37,296 - EXECUT - INFO - received weights from trainer sta0!
2025-12-11 09:21:42,240 - EXECUT - INFO - received weights from trainer sta1!
2025-12-11 09:21:50,085 - EXECUT - INFO - received weights from trainer sta2!
2025-12-11 09:21:59,422 - EXECUT - INFO - received weights from trainer sta3!
2025-12-11 09:22:07,043 - EXECUT - INFO - received weights from trainer sta4!
2025-12-11 09:22:14,546 - EXECUT - INFO - received weights from trainer sta5!
2025-12-11 09:22:16,111 - EXECUT - INFO - sent aggregated weights to trainers!
2025-12-11 09:22:32,788 - METRIC - INFO - {"loss": 0.2059565782546997, "accuracy": 0.9381563663482666, "energy_consumption": 1.0588554588163377, "selected": true, "host_energy_consumption": 0.6188547789200001, "client_name": "sta0"}
2025-12-11 09:22:34,179 - METRIC - INFO - {"loss": 0.21767354011535645, "accuracy": 0.9311552047729492, "energy_consumption": 1.2647902998830616, "selected": true, "host_energy_consumption": 0.63974758848, "client_name": "sta1"}
2025-12-11 09:22:42,472 - METRIC - INFO - {"loss": 0.24916023015975952, "accuracy": 0.9246935248374939, "energy_consumption": 1.1673755334282547, "selected": true, "host_energy_consumption": 0.46512206272, "client_name": "sta5"}
2025-12-11 09:22:42,921 - METRIC - INFO - {"loss": 0.2027921974658966, "accuracy": 0.9397758841514587, "energy_consumption": 1.4688167869995823, "selected": true, "host_energy_consumption": 0.7741326311600001, "client_name": "sta3"}
2025-12-11 09:22:44,483 - METRIC - INFO - {"loss": 0.2222851663827896, "accuracy": 0.9343257546424866, "energy_consumption": 2.189888317700038, "selected": true, "host_energy_consumption": 0.91900847332, "client_name": "sta4"}
2025-12-11 09:22:44,597 - METRIC - INFO - {"loss": 0.20185640454292297, "accuracy": 0.9416432976722717, "energy_consumption": 1.7453830162283055, "selected": true, "host_energy_consumption": 0.7757380285200001, "client_name": "sta2"}
2025-12-11 09:22:45,142 - METRIC - INFO - mean_accuracy: 0.9349583387374878

2025-12-11 09:22:45,142 - METRIC - INFO - round: 32
2025-12-11 09:22:45,142 - METRIC - INFO - n_selected: 6
2025-12-11 09:22:45,142 - METRIC - INFO - {"selected_trainers": ["sta0", "sta1", "sta2", "sta3", "sta4", "sta5"]}
2025-12-11 09:22:50,495 - EXECUT - INFO - received weights from trainer sta0!
2025-12-11 09:22:56,039 - EXECUT - INFO - received weights from trainer sta1!
2025-12-11 09:23:04,743 - EXECUT - INFO - received weights from trainer sta2!
2025-12-11 09:23:12,939 - EXECUT - INFO - received weights from trainer sta3!
2025-12-11 09:23:23,112 - EXECUT - INFO - received weights from trainer sta4!
2025-12-11 09:23:33,769 - EXECUT - INFO - received weights from trainer sta5!
2025-12-11 09:23:35,343 - EXECUT - INFO - sent aggregated weights to trainers!
2025-12-11 09:23:48,411 - METRIC - INFO - {"loss": 0.21251624822616577, "accuracy": 0.9323220252990723, "energy_consumption": 1.2991327056957345, "selected": true, "host_energy_consumption": 0.6598750494000001, "client_name": "sta1"}
2025-12-11 09:23:54,213 - METRIC - INFO - {"loss": 0.20071382820606232, "accuracy": 0.9393232464790344, "energy_consumption": 1.0874688066218128, "selected": true, "host_energy_consumption": 0.63832958056, "client_name": "sta0"}
2025-12-11 09:24:06,906 - METRIC - INFO - {"loss": 0.2427157610654831, "accuracy": 0.9299474358558655, "energy_consumption": 1.2074357272598477, "selected": true, "host_energy_consumption": 0.48146736288, "client_name": "sta5"}
2025-12-11 09:24:06,925 - METRIC - INFO - {"loss": 0.19688092172145844, "accuracy": 0.9435107111930847, "energy_consumption": 1.535574724698236, "selected": true, "host_energy_consumption": 0.8001129894800001, "client_name": "sta3"}
2025-12-11 09:24:06,954 - METRIC - INFO - {"loss": 0.2154390662908554, "accuracy": 0.9334501028060913, "energy_consumption": 2.2967168815198558, "selected": true, "host_energy_consumption": 0.9451848518, "client_name": "sta4"}
2025-12-11 09:24:07,325 - METRIC - INFO - {"loss": 0.19529514014720917, "accuracy": 0.9449113011360168, "energy_consumption": 1.783541295421773, "selected": true, "host_energy_consumption": 0.8015633819200001, "client_name": "sta2"}
2025-12-11 09:24:07,376 - METRIC - INFO - mean_accuracy: 0.9372441371281942

2025-12-11 09:24:07,376 - METRIC - INFO - round: 33
2025-12-11 09:24:07,376 - METRIC - INFO - n_selected: 6
2025-12-11 09:24:07,376 - METRIC - INFO - {"selected_trainers": ["sta0", "sta1", "sta2", "sta3", "sta4", "sta5"]}
2025-12-11 09:24:14,239 - EXECUT - INFO - received weights from trainer sta0!
2025-12-11 09:24:18,275 - EXECUT - INFO - received weights from trainer sta1!
2025-12-11 09:24:26,123 - EXECUT - INFO - received weights from trainer sta2!
2025-12-11 09:24:33,539 - EXECUT - INFO - received weights from trainer sta3!
2025-12-11 09:24:41,584 - EXECUT - INFO - received weights from trainer sta4!
2025-12-11 09:24:50,901 - EXECUT - INFO - received weights from trainer sta5!
2025-12-11 09:24:52,467 - EXECUT - INFO - sent aggregated weights to trainers!
2025-12-11 09:25:09,765 - METRIC - INFO - {"loss": 0.2082998901605606, "accuracy": 0.9334889054298401, "energy_consumption": 1.36209124899363, "selected": true, "host_energy_consumption": 0.6802941476800001, "client_name": "sta1"}
2025-12-11 09:25:13,544 - METRIC - INFO - {"loss": 0.1962876319885254, "accuracy": 0.9393232464790344, "energy_consumption": 1.1160799973928577, "selected": true, "host_energy_consumption": 0.65782159184, "client_name": "sta0"}
2025-12-11 09:25:17,518 - METRIC - INFO - {"loss": 0.18935343623161316, "accuracy": 0.9458450078964233, "energy_consumption": 1.8216885637254265, "selected": true, "host_energy_consumption": 0.82561406256, "client_name": "sta2"}
2025-12-11 09:25:21,694 - METRIC - INFO - {"loss": 0.19043037295341492, "accuracy": 0.9435107111930847, "energy_consumption": 1.5737362863353965, "selected": true, "host_energy_consumption": 0.8245253072000001, "client_name": "sta3"}
2025-12-11 09:25:22,207 - METRIC - INFO - {"loss": 0.23637892305850983, "accuracy": 0.928196132183075, "energy_consumption": 1.2074357272598477, "selected": true, "host_energy_consumption": 0.49590308292, "client_name": "sta5"}
2025-12-11 09:25:23,519 - METRIC - INFO - {"loss": 0.20823895931243896, "accuracy": 0.9378283619880676, "energy_consumption": 2.3348928350433193, "selected": true, "host_energy_consumption": 0.9694003804800001, "client_name": "sta4"}
2025-12-11 09:25:24,501 - METRIC - INFO - mean_accuracy: 0.9380320608615875

2025-12-11 09:25:24,501 - METRIC - INFO - round: 34
2025-12-11 09:25:24,501 - METRIC - INFO - n_selected: 6
2025-12-11 09:25:24,501 - METRIC - INFO - {"selected_trainers": ["sta0", "sta1", "sta2", "sta3", "sta4", "sta5"]}
2025-12-11 09:25:30,314 - EXECUT - INFO - received weights from trainer sta0!
2025-12-11 09:25:35,538 - EXECUT - INFO - received weights from trainer sta1!
2025-12-11 09:25:42,332 - EXECUT - INFO - received weights from trainer sta2!
2025-12-11 09:25:51,028 - EXECUT - INFO - received weights from trainer sta3!
2025-12-11 09:25:58,647 - EXECUT - INFO - received weights from trainer sta4!
2025-12-11 09:26:06,322 - EXECUT - INFO - received weights from trainer sta5!
2025-12-11 09:26:07,893 - EXECUT - INFO - sent aggregated weights to trainers!
2025-12-11 09:26:24,939 - METRIC - INFO - {"loss": 0.2014254331588745, "accuracy": 0.9352391958236694, "energy_consumption": 1.3964242843435541, "selected": true, "host_energy_consumption": 0.70039534124, "client_name": "sta1"}
2025-12-11 09:26:26,195 - METRIC - INFO - {"loss": 0.19225725531578064, "accuracy": 0.9428238272666931, "energy_consumption": 1.1446945977724838, "selected": true, "host_energy_consumption": 0.67716681816, "client_name": "sta0"}
2025-12-11 09:26:34,183 - METRIC - INFO - {"loss": 0.23155450820922852, "accuracy": 0.9334501028060913, "energy_consumption": 1.2474918708897307, "selected": true, "host_energy_consumption": 0.51039545564, "client_name": "sta5"}
2025-12-11 09:26:36,743 - METRIC - INFO - {"loss": 0.20568832755088806, "accuracy": 0.9395796656608582, "energy_consumption": 2.4016599429200194, "selected": true, "host_energy_consumption": 0.9949373100800001, "client_name": "sta4"}
2025-12-11 09:26:36,890 - METRIC - INFO - {"loss": 0.18847084045410156, "accuracy": 0.9430438876152039, "energy_consumption": 1.6405125087555064, "selected": true, "host_energy_consumption": 0.84971249356, "client_name": "sta3"}
2025-12-11 09:26:38,452 - METRIC - INFO - {"loss": 0.18552497029304504, "accuracy": 0.9458450078964233, "energy_consumption": 1.9265953036541916, "selected": true, "host_energy_consumption": 0.84971840548, "client_name": "sta2"}
2025-12-11 09:26:38,926 - METRIC - INFO - mean_accuracy: 0.9399969478448232

2025-12-11 09:26:38,926 - METRIC - INFO - round: 35
2025-12-11 09:26:38,926 - METRIC - INFO - n_selected: 6
2025-12-11 09:26:38,926 - METRIC - INFO - {"selected_trainers": ["sta0", "sta1", "sta2", "sta3", "sta4", "sta5"]}
2025-12-11 09:26:47,037 - EXECUT - INFO - received weights from trainer sta0!
2025-12-11 09:26:51,749 - EXECUT - INFO - received weights from trainer sta1!
2025-12-11 09:27:00,217 - EXECUT - INFO - received weights from trainer sta2!
2025-12-11 09:27:07,430 - EXECUT - INFO - received weights from trainer sta3!
2025-12-11 09:27:14,939 - EXECUT - INFO - received weights from trainer sta4!
2025-12-11 09:27:23,905 - EXECUT - INFO - received weights from trainer sta5!
2025-12-11 09:27:25,486 - EXECUT - INFO - sent aggregated weights to trainers!
2025-12-11 09:27:43,799 - METRIC - INFO - {"loss": 0.18597513437271118, "accuracy": 0.945157527923584, "energy_consumption": 1.1732797706072646, "selected": true, "host_energy_consumption": 0.69671862624, "client_name": "sta0"}
2025-12-11 09:27:44,302 - METRIC - INFO - {"loss": 0.1958131343126297, "accuracy": 0.9352391958236694, "energy_consumption": 1.430757861733818, "selected": true, "host_energy_consumption": 0.72051805112, "client_name": "sta1"}
2025-12-11 09:27:52,806 - METRIC - INFO - {"loss": 0.22533468902111053, "accuracy": 0.9299474358558655, "energy_consumption": 1.2474918708897307, "selected": true, "host_energy_consumption": 0.52501730036, "client_name": "sta5"}
2025-12-11 09:27:56,650 - METRIC - INFO - {"loss": 0.18167640268802643, "accuracy": 0.9444444179534912, "energy_consumption": 1.6786759937616154, "selected": true, "host_energy_consumption": 0.87430186172, "client_name": "sta3"}
2025-12-11 09:27:59,468 - METRIC - INFO - {"loss": 0.19920684397220612, "accuracy": 0.9422066807746887, "energy_consumption": 2.479870841686384, "selected": true, "host_energy_consumption": 1.01928246504, "client_name": "sta4"}
2025-12-11 09:27:59,860 - METRIC - INFO - {"loss": 0.18021158874034882, "accuracy": 0.9481792449951172, "energy_consumption": 1.9933595678060627, "selected": true, "host_energy_consumption": 0.87400031124, "client_name": "sta2"}
2025-12-11 09:28:00,523 - METRIC - INFO - mean_accuracy: 0.9408624172210693

2025-12-11 09:28:00,523 - METRIC - INFO - round: 36
2025-12-11 09:28:00,523 - METRIC - INFO - n_selected: 6
2025-12-11 09:28:00,523 - METRIC - INFO - {"selected_trainers": ["sta0", "sta1", "sta2", "sta3", "sta4", "sta5"]}
2025-12-11 09:28:07,344 - EXECUT - INFO - received weights from trainer sta0!
2025-12-11 09:28:11,591 - EXECUT - INFO - received weights from trainer sta1!
2025-12-11 09:28:20,089 - EXECUT - INFO - received weights from trainer sta2!
2025-12-11 09:28:26,852 - EXECUT - INFO - received weights from trainer sta3!
2025-12-11 09:28:35,953 - EXECUT - INFO - received weights from trainer sta4!
2025-12-11 09:28:42,912 - EXECUT - INFO - received weights from trainer sta5!
2025-12-11 09:28:44,490 - EXECUT - INFO - sent aggregated weights to trainers!
2025-12-11 09:29:00,480 - METRIC - INFO - {"loss": 0.19285692274570465, "accuracy": 0.9387397766113281, "energy_consumption": 1.493701426597363, "selected": true, "host_energy_consumption": 0.7405962247600001, "client_name": "sta1"}
2025-12-11 09:29:01,554 - METRIC - INFO - {"loss": 0.18378032743930817, "accuracy": 0.9439906477928162, "energy_consumption": 1.2018993622087835, "selected": true, "host_energy_consumption": 0.71637160588, "client_name": "sta0"}
2025-12-11 09:29:04,012 - METRIC - INFO - {"loss": 0.19405792653560638, "accuracy": 0.9413309693336487, "energy_consumption": 2.5180185089698734, "selected": true, "host_energy_consumption": 1.04368584516, "client_name": "sta4"}
2025-12-11 09:29:08,083 - METRIC - INFO - {"loss": 0.22173482179641724, "accuracy": 0.9352014064788818, "energy_consumption": 1.2875686899409886, "selected": true, "host_energy_consumption": 0.5393229497600001, "client_name": "sta5"}
2025-12-11 09:29:11,719 - METRIC - INFO - {"loss": 0.17707790434360504, "accuracy": 0.9472455382347107, "energy_consumption": 1.745440097367819, "selected": true, "host_energy_consumption": 0.8986928857200001, "client_name": "sta3"}
2025-12-11 09:29:12,709 - METRIC - INFO - {"loss": 0.1746111363172531, "accuracy": 0.9491129517555237, "energy_consumption": 2.0315072414477937, "selected": true, "host_energy_consumption": 0.89804936788, "client_name": "sta2"}
2025-12-11 09:29:13,521 - METRIC - INFO - mean_accuracy: 0.9426035483678182

2025-12-11 09:29:13,521 - METRIC - INFO - round: 37
2025-12-11 09:29:13,521 - METRIC - INFO - n_selected: 6
2025-12-11 09:29:13,521 - METRIC - INFO - {"selected_trainers": ["sta0", "sta1", "sta2", "sta3", "sta4", "sta5"]}
2025-12-11 09:29:18,865 - EXECUT - INFO - received weights from trainer sta0!
2025-12-11 09:29:23,355 - EXECUT - INFO - received weights from trainer sta1!
2025-12-11 09:29:29,489 - EXECUT - INFO - received weights from trainer sta2!
2025-12-11 09:29:37,257 - EXECUT - INFO - received weights from trainer sta3!
2025-12-11 09:29:44,451 - EXECUT - INFO - received weights from trainer sta4!
2025-12-11 09:29:50,431 - EXECUT - INFO - received weights from trainer sta5!
2025-12-11 09:29:52,009 - EXECUT - INFO - sent aggregated weights to trainers!
2025-12-11 09:30:11,638 - METRIC - INFO - {"loss": 0.17879657447338104, "accuracy": 0.9486581087112427, "energy_consumption": 1.2305159288755037, "selected": true, "host_energy_consumption": 0.73598362096, "client_name": "sta0"}
2025-12-11 09:30:14,053 - METRIC - INFO - {"loss": 0.18799887597560883, "accuracy": 0.9404900670051575, "energy_consumption": 1.528035511057618, "selected": true, "host_energy_consumption": 0.7605859928800001, "client_name": "sta1"}
2025-12-11 09:30:15,134 - METRIC - INFO - {"loss": 0.2153933346271515, "accuracy": 0.9316987991333008, "energy_consumption": 1.2875686899409886, "selected": true, "host_energy_consumption": 0.5539697626400001, "client_name": "sta5"}
2025-12-11 09:30:16,607 - METRIC - INFO - {"loss": 0.18742337822914124, "accuracy": 0.9448336362838745, "energy_consumption": 2.5561656310338985, "selected": true, "host_energy_consumption": 1.06786618624, "client_name": "sta4"}
2025-12-11 09:30:18,900 - METRIC - INFO - {"loss": 0.17354421317577362, "accuracy": 0.9495798349380493, "energy_consumption": 1.8217344495860317, "selected": true, "host_energy_consumption": 0.92307027176, "client_name": "sta3"}
2025-12-11 09:30:19,538 - METRIC - INFO - {"loss": 0.17046616971492767, "accuracy": 0.9514472484588623, "energy_consumption": 2.098272842420559, "selected": true, "host_energy_consumption": 0.9225187314000001, "client_name": "sta2"}
2025-12-11 09:30:20,039 - METRIC - INFO - mean_accuracy: 0.9444512824217478

2025-12-11 09:30:20,039 - METRIC - INFO - round: 38
2025-12-11 09:30:20,039 - METRIC - INFO - n_selected: 6
2025-12-11 09:30:20,039 - METRIC - INFO - {"selected_trainers": ["sta0", "sta1", "sta2", "sta3", "sta4", "sta5"]}
2025-12-11 09:30:26,045 - EXECUT - INFO - received weights from trainer sta0!
2025-12-11 09:30:30,291 - EXECUT - INFO - received weights from trainer sta1!
2025-12-11 09:30:38,949 - EXECUT - INFO - received weights from trainer sta2!
2025-12-11 09:30:47,001 - EXECUT - INFO - received weights from trainer sta3!
2025-12-11 09:30:53,782 - EXECUT - INFO - received weights from trainer sta4!
2025-12-11 09:31:03,568 - EXECUT - INFO - received weights from trainer sta5!
2025-12-11 09:31:05,178 - EXECUT - INFO - sent aggregated weights to trainers!
2025-12-11 09:31:26,444 - METRIC - INFO - {"loss": 0.17653869092464447, "accuracy": 0.9486581087112427, "energy_consumption": 1.2877366143558846, "selected": true, "host_energy_consumption": 0.75561272556, "client_name": "sta0"}
2025-12-11 09:31:27,700 - METRIC - INFO - {"loss": 0.18367962539196014, "accuracy": 0.9393232464790344, "energy_consumption": 1.562379031152632, "selected": true, "host_energy_consumption": 0.7805615932800001, "client_name": "sta1"}
2025-12-11 09:31:30,436 - METRIC - INFO - {"loss": 0.21051034331321716, "accuracy": 0.9316987991333008, "energy_consumption": 1.3276452053860752, "selected": true, "host_energy_consumption": 0.56841166872, "client_name": "sta5"}
2025-12-11 09:31:38,605 - METRIC - INFO - {"loss": 0.16605746746063232, "accuracy": 0.9528477787971497, "energy_consumption": 2.1364267328357966, "selected": true, "host_energy_consumption": 0.94797624404, "client_name": "sta2"}
2025-12-11 09:31:38,606 - METRIC - INFO - {"loss": 0.16895195841789246, "accuracy": 0.9537814855575562, "energy_consumption": 1.8598868458138256, "selected": true, "host_energy_consumption": 0.94879052352, "client_name": "sta3"}
2025-12-11 09:31:39,300 - METRIC - INFO - {"loss": 0.1850111335515976, "accuracy": 0.9448336362838745, "energy_consumption": 2.6343669431572034, "selected": true, "host_energy_consumption": 1.09208385132, "client_name": "sta4"}
2025-12-11 09:31:40,214 - METRIC - INFO - mean_accuracy: 0.9451905091603597

2025-12-11 09:31:40,214 - METRIC - INFO - round: 39
2025-12-11 09:31:40,214 - METRIC - INFO - n_selected: 6
2025-12-11 09:31:40,214 - METRIC - INFO - {"selected_trainers": ["sta0", "sta1", "sta2", "sta3", "sta4", "sta5"]}
2025-12-11 09:31:46,241 - EXECUT - INFO - received weights from trainer sta0!
2025-12-11 09:31:52,894 - EXECUT - INFO - received weights from trainer sta1!
2025-12-11 09:32:00,244 - EXECUT - INFO - received weights from trainer sta2!
2025-12-11 09:32:07,079 - EXECUT - INFO - received weights from trainer sta3!
2025-12-11 09:32:15,352 - EXECUT - INFO - received weights from trainer sta4!
2025-12-11 09:32:22,467 - EXECUT - INFO - received weights from trainer sta5!
2025-12-11 09:32:24,043 - EXECUT - INFO - sent aggregated weights to trainers!
2025-12-11 09:32:41,041 - METRIC - INFO - {"loss": 0.1722937375307083, "accuracy": 0.9509918093681335, "energy_consumption": 1.3163467433001075, "selected": true, "host_energy_consumption": 0.7751917068, "client_name": "sta0"}
2025-12-11 09:32:42,638 - METRIC - INFO - {"loss": 0.17825263738632202, "accuracy": 0.9428238272666931, "energy_consumption": 1.5967329279025733, "selected": true, "host_energy_consumption": 0.80086911212, "client_name": "sta1"}
2025-12-11 09:32:47,230 - METRIC - INFO - {"loss": 0.16397620737552643, "accuracy": 0.9523809552192688, "energy_consumption": 1.926651623393937, "selected": true, "host_energy_consumption": 0.97377644336, "client_name": "sta3"}
2025-12-11 09:32:53,458 - METRIC - INFO - {"loss": 0.180693581700325, "accuracy": 0.943082332611084, "energy_consumption": 2.70113705053572, "selected": true, "host_energy_consumption": 1.11642635776, "client_name": "sta4"}
2025-12-11 09:32:54,922 - METRIC - INFO - {"loss": 0.1614423245191574, "accuracy": 0.9542483687400818, "energy_consumption": 2.203223266667787, "selected": true, "host_energy_consumption": 0.9722730346, "client_name": "sta2"}
2025-12-11 09:32:54,997 - METRIC - INFO - {"loss": 0.2051549106836319, "accuracy": 0.9334501028060913, "energy_consumption": 1.3676998818510513, "selected": true, "host_energy_consumption": 0.58371418336, "client_name": "sta5"}
2025-12-11 09:32:55,075 - METRIC - INFO - mean_accuracy: 0.9461628993352255

2025-12-11 09:32:55,075 - METRIC - INFO - round: 40
2025-12-11 09:32:55,075 - METRIC - INFO - n_selected: 6
2025-12-11 09:32:55,075 - METRIC - INFO - {"selected_trainers": ["sta0", "sta1", "sta2", "sta3", "sta4", "sta5"]}
2025-12-11 09:33:01,034 - EXECUT - INFO - received weights from trainer sta0!
2025-12-11 09:33:05,730 - EXECUT - INFO - received weights from trainer sta1!
2025-12-11 09:33:12,395 - EXECUT - INFO - received weights from trainer sta2!
2025-12-11 09:33:21,232 - EXECUT - INFO - received weights from trainer sta3!
2025-12-11 09:33:27,924 - EXECUT - INFO - received weights from trainer sta4!
2025-12-11 09:33:33,265 - EXECUT - INFO - received weights from trainer sta5!
2025-12-11 09:33:34,831 - EXECUT - INFO - sent aggregated weights to trainers!
2025-12-11 09:33:51,249 - METRIC - INFO - {"loss": 0.1765846461057663, "accuracy": 0.9422403573989868, "energy_consumption": 1.6310682204292717, "selected": true, "host_energy_consumption": 0.8207449252800001, "client_name": "sta1"}
2025-12-11 09:33:53,910 - METRIC - INFO - {"loss": 0.16882435977458954, "accuracy": 0.9521586894989014, "energy_consumption": 1.3735871075470514, "selected": true, "host_energy_consumption": 0.79468005988, "client_name": "sta0"}
2025-12-11 09:34:00,053 - METRIC - INFO - {"loss": 0.20128147304058075, "accuracy": 0.9387040138244629, "energy_consumption": 1.3676998818510513, "selected": true, "host_energy_consumption": 0.59857114996, "client_name": "sta5"}
2025-12-11 09:34:03,702 - METRIC - INFO - {"loss": 0.16168710589408875, "accuracy": 0.9514472484588623, "energy_consumption": 1.9648000059799244, "selected": true, "host_energy_consumption": 0.99813574812, "client_name": "sta3"}
2025-12-11 09:34:05,157 - METRIC - INFO - {"loss": 0.1589631885290146, "accuracy": 0.9561157822608948, "energy_consumption": 2.2795185408314422, "selected": true, "host_energy_consumption": 0.9968514309600001, "client_name": "sta2"}
2025-12-11 09:34:06,366 - METRIC - INFO - {"loss": 0.17441967129707336, "accuracy": 0.9448336362838745, "energy_consumption": 2.7392857812355937, "selected": true, "host_energy_consumption": 1.1412338263200001, "client_name": "sta4"}
2025-12-11 09:34:06,864 - METRIC - INFO - mean_accuracy: 0.9475832879543304

2025-12-11 09:34:06,864 - METRIC - INFO - round: 41
2025-12-11 09:34:06,864 - METRIC - INFO - n_selected: 6
2025-12-11 09:34:06,864 - METRIC - INFO - {"selected_trainers": ["sta0", "sta1", "sta2", "sta3", "sta4", "sta5"]}
2025-12-11 09:34:11,806 - EXECUT - INFO - received weights from trainer sta0!
2025-12-11 09:34:15,593 - EXECUT - INFO - received weights from trainer sta1!
2025-12-11 09:34:24,550 - EXECUT - INFO - received weights from trainer sta2!
2025-12-11 09:34:31,560 - EXECUT - INFO - received weights from trainer sta3!
2025-12-11 09:34:37,928 - EXECUT - INFO - received weights from trainer sta4!
2025-12-11 09:34:45,042 - EXECUT - INFO - received weights from trainer sta5!
2025-12-11 09:34:46,611 - EXECUT - INFO - sent aggregated weights to trainers!
2025-12-11 09:35:04,276 - METRIC - INFO - {"loss": 0.17044314742088318, "accuracy": 0.9457409381866455, "energy_consumption": 1.6940182865977618, "selected": true, "host_energy_consumption": 0.8410065921600001, "client_name": "sta1"}
2025-12-11 09:35:05,382 - METRIC - INFO - {"loss": 0.16477170586585999, "accuracy": 0.9521586894989014, "energy_consumption": 1.4022044054118852, "selected": true, "host_energy_consumption": 0.8142723027600001, "client_name": "sta0"}
2025-12-11 09:35:12,788 - METRIC - INFO - {"loss": 0.19572031497955322, "accuracy": 0.9369527101516724, "energy_consumption": 1.3676998818510513, "selected": true, "host_energy_consumption": 0.6133116497200001, "client_name": "sta5"}
2025-12-11 09:35:15,360 - METRIC - INFO - {"loss": 0.1567406952381134, "accuracy": 0.9551820755004883, "energy_consumption": 2.0315656403334756, "selected": true, "host_energy_consumption": 1.0229234092000001, "client_name": "sta3"}
2025-12-11 09:35:17,947 - METRIC - INFO - {"loss": 0.16927143931388855, "accuracy": 0.9483362436294556, "energy_consumption": 2.7774334183174214, "selected": true, "host_energy_consumption": 1.16583889996, "client_name": "sta4"}
2025-12-11 09:35:18,875 - METRIC - INFO - {"loss": 0.15302765369415283, "accuracy": 0.9561157822608948, "energy_consumption": 2.3844382356832723, "selected": true, "host_energy_consumption": 1.02136076728, "client_name": "sta2"}
2025-12-11 09:35:19,646 - METRIC - INFO - mean_accuracy: 0.9490810732046763

2025-12-11 09:35:19,646 - METRIC - INFO - round: 42
2025-12-11 09:35:19,646 - METRIC - INFO - n_selected: 6
2025-12-11 09:35:19,646 - METRIC - INFO - {"selected_trainers": ["sta0", "sta1", "sta2", "sta3", "sta4", "sta5"]}
2025-12-11 09:35:24,994 - EXECUT - INFO - received weights from trainer sta0!
2025-12-11 09:35:29,844 - EXECUT - INFO - received weights from trainer sta1!
2025-12-11 09:35:38,366 - EXECUT - INFO - received weights from trainer sta2!
2025-12-11 09:35:46,223 - EXECUT - INFO - received weights from trainer sta3!
2025-12-11 09:35:52,822 - EXECUT - INFO - received weights from trainer sta4!
2025-12-11 09:35:59,802 - EXECUT - INFO - received weights from trainer sta5!
2025-12-11 09:36:01,381 - EXECUT - INFO - sent aggregated weights to trainers!
2025-12-11 09:36:16,462 - METRIC - INFO - {"loss": 0.1679445207118988, "accuracy": 0.9445741176605225, "energy_consumption": 1.7569749780569608, "selected": true, "host_energy_consumption": 0.8614454290400001, "client_name": "sta1"}
2025-12-11 09:36:17,097 - METRIC - INFO - {"loss": 0.16431723535060883, "accuracy": 0.9544923901557922, "energy_consumption": 1.4308201820667379, "selected": true, "host_energy_consumption": 0.83402609528, "client_name": "sta0"}
2025-12-11 09:36:27,294 - METRIC - INFO - {"loss": 0.19359204173088074, "accuracy": 0.9369527101516724, "energy_consumption": 1.4077580966790593, "selected": true, "host_energy_consumption": 0.6282277296400001, "client_name": "sta5"}
2025-12-11 09:36:31,658 - METRIC - INFO - {"loss": 0.15369896590709686, "accuracy": 0.9579831957817078, "energy_consumption": 2.098323352314452, "selected": true, "host_energy_consumption": 1.0478002962000001, "client_name": "sta3"}
2025-12-11 09:36:33,008 - METRIC - INFO - {"loss": 0.16636942327022552, "accuracy": 0.9500875473022461, "energy_consumption": 2.855633921354119, "selected": true, "host_energy_consumption": 1.190491757, "client_name": "sta4"}
2025-12-11 09:36:33,677 - METRIC - INFO - {"loss": 0.15137827396392822, "accuracy": 0.9575163125991821, "energy_consumption": 2.4607368129549156, "selected": true, "host_energy_consumption": 1.04626559604, "client_name": "sta2"}
2025-12-11 09:36:34,417 - METRIC - INFO - mean_accuracy: 0.9502677122751871

2025-12-11 09:36:34,417 - METRIC - INFO - round: 43
2025-12-11 09:36:34,417 - METRIC - INFO - n_selected: 6
2025-12-11 09:36:34,417 - METRIC - INFO - {"selected_trainers": ["sta0", "sta1", "sta2", "sta3", "sta4", "sta5"]}
2025-12-11 09:36:39,587 - EXECUT - INFO - received weights from trainer sta0!
2025-12-11 09:36:44,013 - EXECUT - INFO - received weights from trainer sta1!
2025-12-11 09:36:54,426 - EXECUT - INFO - received weights from trainer sta2!
2025-12-11 09:37:01,822 - EXECUT - INFO - received weights from trainer sta3!
2025-12-11 09:37:08,992 - EXECUT - INFO - received weights from trainer sta4!
2025-12-11 09:37:16,178 - EXECUT - INFO - received weights from trainer sta5!
2025-12-11 09:37:17,748 - EXECUT - INFO - sent aggregated weights to trainers!
2025-12-11 09:37:33,882 - METRIC - INFO - {"loss": 0.15905891358852386, "accuracy": 0.9521586894989014, "energy_consumption": 1.4880538685674467, "selected": true, "host_energy_consumption": 0.85409864708, "client_name": "sta0"}
2025-12-11 09:37:35,879 - METRIC - INFO - {"loss": 0.16419872641563416, "accuracy": 0.9469078183174133, "energy_consumption": 1.7913087986500726, "selected": true, "host_energy_consumption": 0.88172389508, "client_name": "sta1"}
2025-12-11 09:37:43,301 - METRIC - INFO - {"loss": 0.18854516744613647, "accuracy": 0.9404553174972534, "energy_consumption": 1.4764262862638646, "selected": true, "host_energy_consumption": 0.6433771708, "client_name": "sta5"}
2025-12-11 09:37:46,581 - METRIC - INFO - {"loss": 0.14776340126991272, "accuracy": 0.9593837261199951, "energy_consumption": 2.5656607074271944, "selected": true, "host_energy_consumption": 1.07162485948, "client_name": "sta2"}
2025-12-11 09:37:46,724 - METRIC - INFO - {"loss": 0.16403508186340332, "accuracy": 0.9492118954658508, "energy_consumption": 2.893805672078002, "selected": true, "host_energy_consumption": 1.2161450848400002, "client_name": "sta4"}
2025-12-11 09:37:48,058 - METRIC - INFO - {"loss": 0.1509018838405609, "accuracy": 0.9584500193595886, "energy_consumption": 2.136472774473411, "selected": true, "host_energy_consumption": 1.07258482968, "client_name": "sta3"}
2025-12-11 09:37:48,781 - METRIC - INFO - mean_accuracy: 0.9510945777098337

2025-12-11 09:37:48,781 - METRIC - INFO - round: 44
2025-12-11 09:37:48,781 - METRIC - INFO - n_selected: 6
2025-12-11 09:37:48,781 - METRIC - INFO - {"selected_trainers": ["sta0", "sta1", "sta2", "sta3", "sta4", "sta5"]}
2025-12-11 09:37:54,062 - EXECUT - INFO - received weights from trainer sta0!
2025-12-11 09:37:58,507 - EXECUT - INFO - received weights from trainer sta1!
2025-12-11 09:38:06,606 - EXECUT - INFO - received weights from trainer sta2!
2025-12-11 09:38:14,071 - EXECUT - INFO - received weights from trainer sta3!
2025-12-11 09:38:22,864 - EXECUT - INFO - received weights from trainer sta4!
2025-12-11 09:38:28,406 - EXECUT - INFO - received weights from trainer sta5!
2025-12-11 09:38:29,977 - EXECUT - INFO - sent aggregated weights to trainers!
2025-12-11 09:38:48,847 - METRIC - INFO - {"loss": 0.1568305343389511, "accuracy": 0.9556592702865601, "energy_consumption": 1.5166642836326703, "selected": true, "host_energy_consumption": 0.87512284356, "client_name": "sta0"}
2025-12-11 09:38:49,840 - METRIC - INFO - {"loss": 0.16089151799678802, "accuracy": 0.9480746984481812, "energy_consumption": 1.8542527354709164, "selected": true, "host_energy_consumption": 0.90310730216, "client_name": "sta1"}
2025-12-11 09:38:52,816 - METRIC - INFO - {"loss": 0.1419338583946228, "accuracy": 0.9589169025421143, "energy_consumption": 2.6038088372729673, "selected": true, "host_energy_consumption": 1.0972631992000001, "client_name": "sta2"}
2025-12-11 09:38:52,981 - METRIC - INFO - {"loss": 0.14616431295871735, "accuracy": 0.9603174328804016, "energy_consumption": 2.203244644675202, "selected": true, "host_energy_consumption": 1.0981998078800002, "client_name": "sta3"}
2025-12-11 09:38:58,266 - METRIC - INFO - {"loss": 0.18566380441188812, "accuracy": 0.9404553174972534, "energy_consumption": 1.5164812345437952, "selected": true, "host_energy_consumption": 0.65893939916, "client_name": "sta5"}
2025-12-11 09:38:58,845 - METRIC - INFO - {"loss": 0.15930113196372986, "accuracy": 0.9527145624160767, "energy_consumption": 3.000616943062489, "selected": true, "host_energy_consumption": 1.2414808669200001, "client_name": "sta4"}
2025-12-11 09:38:59,007 - METRIC - INFO - mean_accuracy: 0.9526896973450979

2025-12-11 09:38:59,007 - METRIC - INFO - round: 45
2025-12-11 09:38:59,007 - METRIC - INFO - n_selected: 6
2025-12-11 09:38:59,007 - METRIC - INFO - {"selected_trainers": ["sta0", "sta1", "sta2", "sta3", "sta4", "sta5"]}
2025-12-11 09:39:06,895 - EXECUT - INFO - received weights from trainer sta0!
2025-12-11 09:39:10,755 - EXECUT - INFO - received weights from trainer sta1!
2025-12-11 09:39:19,661 - EXECUT - INFO - received weights from trainer sta2!
2025-12-11 09:39:27,069 - EXECUT - INFO - received weights from trainer sta3!
2025-12-11 09:39:34,730 - EXECUT - INFO - received weights from trainer sta4!
2025-12-11 09:39:43,132 - EXECUT - INFO - received weights from trainer sta5!
2025-12-11 09:39:44,699 - EXECUT - INFO - sent aggregated weights to trainers!
2025-12-11 09:40:04,627 - METRIC - INFO - {"loss": 0.1562478095293045, "accuracy": 0.9498249888420105, "energy_consumption": 1.8885831671197422, "selected": true, "host_energy_consumption": 0.92328307568, "client_name": "sta1"}
2025-12-11 09:40:05,199 - METRIC - INFO - {"loss": 0.15488508343696594, "accuracy": 0.9614936113357544, "energy_consumption": 1.5739062676423843, "selected": true, "host_energy_consumption": 0.8949717918400001, "client_name": "sta0"}
2025-12-11 09:40:12,369 - METRIC - INFO - {"loss": 0.18225304782390594, "accuracy": 0.9457092881202698, "energy_consumption": 1.5565362066671384, "selected": true, "host_energy_consumption": 0.67383840636, "client_name": "sta5"}
2025-12-11 09:40:13,314 - METRIC - INFO - {"loss": 0.14357291162014008, "accuracy": 0.9603174328804016, "energy_consumption": 2.2413930813062706, "selected": true, "host_energy_consumption": 1.12423938228, "client_name": "sta3"}
2025-12-11 09:40:15,321 - METRIC - INFO - {"loss": 0.13941988348960876, "accuracy": 0.9584500193595886, "energy_consumption": 2.6419720679492924, "selected": true, "host_energy_consumption": 1.1231167852800001, "client_name": "sta2"}
2025-12-11 09:40:15,507 - METRIC - INFO - {"loss": 0.1610025018453598, "accuracy": 0.9544658660888672, "energy_consumption": 3.0387664224456468, "selected": true, "host_energy_consumption": 1.2665709322, "client_name": "sta4"}
2025-12-11 09:40:15,732 - METRIC - INFO - mean_accuracy: 0.9550435344378153

2025-12-11 09:40:15,732 - METRIC - INFO - round: 46
2025-12-11 09:40:15,732 - METRIC - INFO - n_selected: 6
2025-12-11 09:40:15,732 - METRIC - INFO - {"selected_trainers": ["sta0", "sta1", "sta2", "sta3", "sta4", "sta5"]}
2025-12-11 09:40:21,178 - EXECUT - INFO - received weights from trainer sta0!
2025-12-11 09:40:27,452 - EXECUT - INFO - received weights from trainer sta1!
2025-12-11 09:40:36,062 - EXECUT - INFO - received weights from trainer sta2!
2025-12-11 09:40:45,993 - EXECUT - INFO - received weights from trainer sta3!
2025-12-11 09:40:54,532 - EXECUT - INFO - received weights from trainer sta4!
2025-12-11 09:41:00,465 - EXECUT - INFO - received weights from trainer sta5!
2025-12-11 09:41:02,036 - EXECUT - INFO - sent aggregated weights to trainers!
2025-12-11 09:41:21,355 - METRIC - INFO - {"loss": 0.15400944650173187, "accuracy": 0.9544923901557922, "energy_consumption": 1.9229180320545054, "selected": true, "host_energy_consumption": 0.9439313486400001, "client_name": "sta1"}
2025-12-11 09:41:25,855 - METRIC - INFO - {"loss": 0.15105055272579193, "accuracy": 0.9603267312049866, "energy_consumption": 1.602516835305471, "selected": true, "host_energy_consumption": 0.9146922246000001, "client_name": "sta0"}
2025-12-11 09:41:29,415 - METRIC - INFO - {"loss": 0.15432466566562653, "accuracy": 0.9535902142524719, "energy_consumption": 3.105524552481192, "selected": true, "host_energy_consumption": 1.29217254628, "client_name": "sta4"}
2025-12-11 09:41:30,115 - METRIC - INFO - {"loss": 0.141123965382576, "accuracy": 0.9626517295837402, "energy_consumption": 2.2795401366087304, "selected": true, "host_energy_consumption": 1.1491768526000001, "client_name": "sta3"}
2025-12-11 09:41:34,688 - METRIC - INFO - {"loss": 0.1768215447664261, "accuracy": 0.9474605917930603, "energy_consumption": 1.5965915968450575, "selected": true, "host_energy_consumption": 0.6890439878000001, "client_name": "sta5"}
2025-12-11 09:41:35,204 - METRIC - INFO - {"loss": 0.13659906387329102, "accuracy": 0.9603174328804016, "energy_consumption": 2.708749121709867, "selected": true, "host_energy_consumption": 1.1480194779200001, "client_name": "sta2"}
2025-12-11 09:41:36,072 - METRIC - INFO - mean_accuracy: 0.9564731816450754

2025-12-11 09:41:36,072 - METRIC - INFO - round: 47
2025-12-11 09:41:36,072 - METRIC - INFO - n_selected: 6
2025-12-11 09:41:36,072 - METRIC - INFO - {"selected_trainers": ["sta0", "sta1", "sta2", "sta3", "sta4", "sta5"]}
2025-12-11 09:41:41,832 - EXECUT - INFO - received weights from trainer sta0!
2025-12-11 09:41:47,035 - EXECUT - INFO - received weights from trainer sta1!
2025-12-11 09:41:56,792 - EXECUT - INFO - received weights from trainer sta2!
2025-12-11 09:42:03,963 - EXECUT - INFO - received weights from trainer sta3!
2025-12-11 09:42:11,510 - EXECUT - INFO - received weights from trainer sta4!
2025-12-11 09:42:17,849 - EXECUT - INFO - received weights from trainer sta5!
2025-12-11 09:42:19,418 - EXECUT - INFO - sent aggregated weights to trainers!
2025-12-11 09:42:36,660 - METRIC - INFO - {"loss": 0.1501922756433487, "accuracy": 0.9544923901557922, "energy_consumption": 1.9572604791957686, "selected": true, "host_energy_consumption": 0.96476976232, "client_name": "sta1"}
2025-12-11 09:42:36,951 - METRIC - INFO - {"loss": 0.14918236434459686, "accuracy": 0.9591598510742188, "energy_consumption": 1.6311289909401112, "selected": true, "host_energy_consumption": 0.93532950812, "client_name": "sta0"}
2025-12-11 09:42:44,041 - METRIC - INFO - {"loss": 0.13752077519893646, "accuracy": 0.9635854363441467, "energy_consumption": 2.3558391128602167, "selected": true, "host_energy_consumption": 1.1740465450000002, "client_name": "sta3"}
2025-12-11 09:42:44,757 - METRIC - INFO - {"loss": 0.17449483275413513, "accuracy": 0.9439579844474792, "energy_consumption": 1.5965915968450575, "selected": true, "host_energy_consumption": 0.70375030768, "client_name": "sta5"}
2025-12-11 09:42:48,967 - METRIC - INFO - {"loss": 0.150146946310997, "accuracy": 0.9562171697616577, "energy_consumption": 3.212350536443324, "selected": true, "host_energy_consumption": 1.31691452676, "client_name": "sta4"}
2025-12-11 09:42:50,549 - METRIC - INFO - {"loss": 0.13343043625354767, "accuracy": 0.9635854363441467, "energy_consumption": 2.775518615517792, "selected": true, "host_energy_consumption": 1.17231317532, "client_name": "sta2"}
2025-12-11 09:42:51,452 - METRIC - INFO - mean_accuracy: 0.9568330446879069

2025-12-11 09:42:51,452 - METRIC - INFO - round: 48
2025-12-11 09:42:51,452 - METRIC - INFO - n_selected: 6
2025-12-11 09:42:51,452 - METRIC - INFO - {"selected_trainers": ["sta0", "sta1", "sta2", "sta3", "sta4", "sta5"]}
2025-12-11 09:42:57,846 - EXECUT - INFO - received weights from trainer sta0!
2025-12-11 09:43:02,103 - EXECUT - INFO - received weights from trainer sta1!
2025-12-11 09:43:09,767 - EXECUT - INFO - received weights from trainer sta2!
2025-12-11 09:43:17,445 - EXECUT - INFO - received weights from trainer sta3!
2025-12-11 09:43:27,248 - EXECUT - INFO - received weights from trainer sta4!
2025-12-11 09:43:33,455 - EXECUT - INFO - received weights from trainer sta5!
2025-12-11 09:43:35,032 - EXECUT - INFO - sent aggregated weights to trainers!
2025-12-11 09:43:49,264 - METRIC - INFO - {"loss": 0.14752328395843506, "accuracy": 0.9544923901557922, "energy_consumption": 2.020220194000204, "selected": true, "host_energy_consumption": 0.9852896046, "client_name": "sta1"}
2025-12-11 09:43:55,062 - METRIC - INFO - {"loss": 0.14660561084747314, "accuracy": 0.9603267312049866, "energy_consumption": 1.6883645865037153, "selected": true, "host_energy_consumption": 0.9552473621600001, "client_name": "sta0"}
2025-12-11 09:44:01,200 - METRIC - INFO - {"loss": 0.17079846560955048, "accuracy": 0.9439579844474792, "energy_consumption": 1.5965915968450575, "selected": true, "host_energy_consumption": 0.71865237388, "client_name": "sta5"}
2025-12-11 09:44:05,586 - METRIC - INFO - {"loss": 0.1358364224433899, "accuracy": 0.9612511396408081, "energy_consumption": 2.394009717510542, "selected": true, "host_energy_consumption": 1.19908773348, "client_name": "sta3"}
2025-12-11 09:44:06,215 - METRIC - INFO - {"loss": 0.14913876354694366, "accuracy": 0.9562171697616577, "energy_consumption": 3.27912899537592, "selected": true, "host_energy_consumption": 1.3418107766, "client_name": "sta4"}
2025-12-11 09:44:08,150 - METRIC - INFO - {"loss": 0.12918463349342346, "accuracy": 0.9640522599220276, "energy_consumption": 2.8422883461703305, "selected": true, "host_energy_consumption": 1.19689285352, "client_name": "sta2"}
2025-12-11 09:44:09,067 - METRIC - INFO - mean_accuracy: 0.9567162791887919

2025-12-11 09:44:09,067 - METRIC - INFO - round: 49
2025-12-11 09:44:09,067 - METRIC - INFO - n_selected: 6
2025-12-11 09:44:09,067 - METRIC - INFO - {"selected_trainers": ["sta0", "sta1", "sta2", "sta3", "sta4", "sta5"]}
2025-12-11 09:44:14,643 - EXECUT - INFO - received weights from trainer sta0!
2025-12-11 09:44:18,938 - EXECUT - INFO - received weights from trainer sta1!
2025-12-11 09:44:28,274 - EXECUT - INFO - received weights from trainer sta2!
2025-12-11 09:44:35,748 - EXECUT - INFO - received weights from trainer sta3!
2025-12-11 09:44:44,407 - EXECUT - INFO - received weights from trainer sta4!
2025-12-11 09:44:50,177 - EXECUT - INFO - received weights from trainer sta5!
2025-12-11 09:44:51,758 - EXECUT - INFO - sent aggregated weights to trainers!
2025-12-11 09:45:07,610 - METRIC - INFO - {"loss": 0.14875370264053345, "accuracy": 0.9568261504173279, "energy_consumption": 2.054563931865084, "selected": true, "host_energy_consumption": 1.0055919795600001, "client_name": "sta1"}
2025-12-11 09:45:11,327 - METRIC - INFO - {"loss": 0.14412733912467957, "accuracy": 0.9591598510742188, "energy_consumption": 1.71699580256564, "selected": true, "host_energy_consumption": 0.9748820558400001, "client_name": "sta0"}
2025-12-11 09:45:25,080 - METRIC - INFO - {"loss": 0.13219763338565826, "accuracy": 0.9659196734428406, "energy_consumption": 2.432160842089445, "selected": true, "host_energy_consumption": 1.22421290096, "client_name": "sta3"}
2025-12-11 09:45:25,557 - METRIC - INFO - {"loss": 0.16742603480815887, "accuracy": 0.9439579844474792, "energy_consumption": 1.5965915968450575, "selected": true, "host_energy_consumption": 0.73376927652, "client_name": "sta5"}
2025-12-11 09:45:25,886 - METRIC - INFO - {"loss": 0.12793059647083282, "accuracy": 0.9635854363441467, "energy_consumption": 2.9185845216151334, "selected": true, "host_energy_consumption": 1.22208699536, "client_name": "sta2"}
2025-12-11 09:45:26,683 - METRIC - INFO - {"loss": 0.1480003148317337, "accuracy": 0.957092821598053, "energy_consumption": 3.3172764607851444, "selected": true, "host_energy_consumption": 1.3662972128400002, "client_name": "sta4"}
2025-12-11 09:45:26,795 - METRIC - INFO - mean_accuracy: 0.9577569862206777

2025-12-11 09:45:26,795 - METRIC - INFO - round: 50
2025-12-11 09:45:26,795 - METRIC - INFO - n_selected: 6
2025-12-11 09:45:26,795 - METRIC - INFO - {"selected_trainers": ["sta0", "sta1", "sta2", "sta3", "sta4", "sta5"]}
2025-12-11 09:45:33,199 - EXECUT - INFO - received weights from trainer sta0!
2025-12-11 09:45:37,751 - EXECUT - INFO - received weights from trainer sta1!
2025-12-11 09:45:44,786 - EXECUT - INFO - received weights from trainer sta2!
2025-12-11 09:45:52,612 - EXECUT - INFO - received weights from trainer sta3!
2025-12-11 09:46:00,775 - EXECUT - INFO - received weights from trainer sta4!
2025-12-11 09:46:07,855 - EXECUT - INFO - received weights from trainer sta5!
2025-12-11 09:46:09,420 - EXECUT - INFO - sent aggregated weights to trainers!
2025-12-11 09:46:27,349 - METRIC - INFO - {"loss": 0.14342769980430603, "accuracy": 0.9562426805496216, "energy_consumption": 2.0888966143324352, "selected": true, "host_energy_consumption": 1.02622977576, "client_name": "sta1"}
2025-12-11 09:46:37,879 - METRIC - INFO - {"loss": 0.14287510514259338, "accuracy": 0.9626604318618774, "energy_consumption": 1.7456208368244064, "selected": true, "host_energy_consumption": 0.99457097516, "client_name": "sta0"}
2025-12-11 09:46:41,319 - METRIC - INFO - {"loss": 0.14076372981071472, "accuracy": 0.9597197771072388, "energy_consumption": 3.3954819407376884, "selected": true, "host_energy_consumption": 1.39186078528, "client_name": "sta4"}
2025-12-11 09:46:41,376 - METRIC - INFO - {"loss": 0.16437238454818726, "accuracy": 0.9457092881202698, "energy_consumption": 1.636653675896126, "selected": true, "host_energy_consumption": 0.7493508159200001, "client_name": "sta5"}
2025-12-11 09:46:41,776 - METRIC - INFO - {"loss": 0.13034389913082123, "accuracy": 0.9649859666824341, "energy_consumption": 2.498934707190429, "selected": true, "host_energy_consumption": 1.2499016734400001, "client_name": "sta3"}
2025-12-11 09:46:42,443 - METRIC - INFO - {"loss": 0.12508466839790344, "accuracy": 0.9654528498649597, "energy_consumption": 2.956731543536807, "selected": true, "host_energy_consumption": 1.24663343392, "client_name": "sta2"}
2025-12-11 09:46:42,454 - METRIC - INFO - mean_accuracy: 0.9591284990310669

2025-12-11 09:46:42,454 - METRIC - INFO - round: 51
2025-12-11 09:46:42,454 - METRIC - INFO - n_selected: 6
2025-12-11 09:46:42,454 - METRIC - INFO - {"selected_trainers": ["sta0", "sta1", "sta2", "sta3", "sta4", "sta5"]}
2025-12-11 09:46:48,882 - EXECUT - INFO - received weights from trainer sta0!
2025-12-11 09:46:53,366 - EXECUT - INFO - received weights from trainer sta1!
2025-12-11 09:47:01,068 - EXECUT - INFO - received weights from trainer sta2!
2025-12-11 09:47:10,360 - EXECUT - INFO - received weights from trainer sta3!
2025-12-11 09:47:18,195 - EXECUT - INFO - received weights from trainer sta4!
2025-12-11 09:47:24,993 - EXECUT - INFO - received weights from trainer sta5!
2025-12-11 09:47:26,564 - EXECUT - INFO - sent aggregated weights to trainers!
2025-12-11 09:47:42,447 - METRIC - INFO - {"loss": 0.13912418484687805, "accuracy": 0.9614936113357544, "energy_consumption": 1.8028418179631474, "selected": true, "host_energy_consumption": 1.01448423216, "client_name": "sta0"}
2025-12-11 09:47:48,675 - METRIC - INFO - {"loss": 0.14292795956134796, "accuracy": 0.9562426805496216, "energy_consumption": 2.1518503523870947, "selected": true, "host_energy_consumption": 1.04642938932, "client_name": "sta1"}
2025-12-11 09:47:56,735 - METRIC - INFO - {"loss": 0.16304737329483032, "accuracy": 0.9492118954658508, "energy_consumption": 1.636653675896126, "selected": true, "host_energy_consumption": 0.7659058078000001, "client_name": "sta5"}
2025-12-11 09:47:56,756 - METRIC - INFO - {"loss": 0.12086066603660583, "accuracy": 0.9668533802032471, "energy_consumption": 2.994891076893995, "selected": true, "host_energy_consumption": 1.2724849177600002, "client_name": "sta2"}
2025-12-11 09:47:57,240 - METRIC - INFO - {"loss": 0.12806051969528198, "accuracy": 0.9673202633857727, "energy_consumption": 2.565718484794502, "selected": true, "host_energy_consumption": 1.27600876956, "client_name": "sta3"}
2025-12-11 09:47:58,979 - METRIC - INFO - {"loss": 0.13987724483013153, "accuracy": 0.9597197771072388, "energy_consumption": 3.473683389563241, "selected": true, "host_energy_consumption": 1.42003690948, "client_name": "sta4"}
2025-12-11 09:47:59,599 - METRIC - INFO - mean_accuracy: 0.9601402680079142

2025-12-11 09:47:59,599 - METRIC - INFO - round: 52
2025-12-11 09:47:59,599 - METRIC - INFO - n_selected: 6
2025-12-11 09:47:59,599 - METRIC - INFO - {"selected_trainers": ["sta0", "sta1", "sta2", "sta3", "sta4", "sta5"]}
2025-12-11 09:48:06,127 - EXECUT - INFO - received weights from trainer sta0!
2025-12-11 09:48:10,635 - EXECUT - INFO - received weights from trainer sta1!
2025-12-11 09:48:17,554 - EXECUT - INFO - received weights from trainer sta2!
2025-12-11 09:48:23,831 - EXECUT - INFO - received weights from trainer sta3!
2025-12-11 09:48:31,492 - EXECUT - INFO - received weights from trainer sta4!
2025-12-11 09:48:37,087 - EXECUT - INFO - received weights from trainer sta5!
2025-12-11 09:48:38,668 - EXECUT - INFO - sent aggregated weights to trainers!
2025-12-11 09:48:58,987 - METRIC - INFO - {"loss": 0.13736054301261902, "accuracy": 0.9614936113357544, "energy_consumption": 2.186197743063411, "selected": true, "host_energy_consumption": 1.06693675648, "client_name": "sta1"}
2025-12-11 09:49:00,241 - METRIC - INFO - {"loss": 0.13818876445293427, "accuracy": 0.9614936113357544, "energy_consumption": 1.8314574467888094, "selected": true, "host_energy_consumption": 1.03490471448, "client_name": "sta0"}
2025-12-11 09:49:03,005 - METRIC - INFO - {"loss": 0.15845565497875214, "accuracy": 0.9509631991386414, "energy_consumption": 1.636653675896126, "selected": true, "host_energy_consumption": 0.78105448036, "client_name": "sta5"}
2025-12-11 09:49:03,770 - METRIC - INFO - {"loss": 0.12482740730047226, "accuracy": 0.9663865566253662, "energy_consumption": 2.6038655655299436, "selected": true, "host_energy_consumption": 1.30114501132, "client_name": "sta3"}
2025-12-11 09:49:09,391 - METRIC - INFO - {"loss": 0.12002332508563995, "accuracy": 0.9682539701461792, "energy_consumption": 3.03304195350137, "selected": true, "host_energy_consumption": 1.2976972607200001, "client_name": "sta2"}
2025-12-11 09:49:09,759 - METRIC - INFO - {"loss": 0.13866685330867767, "accuracy": 0.9597197771072388, "energy_consumption": 3.5118304671195584, "selected": true, "host_energy_consumption": 1.44573675596, "client_name": "sta4"}
2025-12-11 09:49:10,702 - METRIC - INFO - mean_accuracy: 0.9613851209481558

2025-12-11 09:49:10,702 - METRIC - INFO - round: 53
2025-12-11 09:49:10,702 - METRIC - INFO - n_selected: 6
2025-12-11 09:49:10,702 - METRIC - INFO - {"selected_trainers": ["sta0", "sta1", "sta2", "sta3", "sta4", "sta5"]}
2025-12-11 09:49:17,137 - EXECUT - INFO - received weights from trainer sta0!
2025-12-11 09:49:22,032 - EXECUT - INFO - received weights from trainer sta1!
2025-12-11 09:49:29,719 - EXECUT - INFO - received weights from trainer sta2!
2025-12-11 09:49:38,663 - EXECUT - INFO - received weights from trainer sta3!
2025-12-11 09:49:47,819 - EXECUT - INFO - received weights from trainer sta4!
2025-12-11 09:49:56,396 - EXECUT - INFO - received weights from trainer sta5!
2025-12-11 09:49:57,965 - EXECUT - INFO - sent aggregated weights to trainers!
2025-12-11 09:50:14,206 - METRIC - INFO - {"loss": 0.13841204345226288, "accuracy": 0.9614936113357544, "energy_consumption": 2.220544113241496, "selected": true, "host_energy_consumption": 1.08767360492, "client_name": "sta1"}
2025-12-11 09:50:16,060 - METRIC - INFO - {"loss": 0.13864198327064514, "accuracy": 0.9614936113357544, "energy_consumption": 1.8600795053891717, "selected": true, "host_energy_consumption": 1.05505659644, "client_name": "sta0"}
2025-12-11 09:50:18,264 - METRIC - INFO - {"loss": 0.15570802986621857, "accuracy": 0.9492118954658508, "energy_consumption": 1.7053379343542034, "selected": true, "host_energy_consumption": 0.79608574556, "client_name": "sta5"}
2025-12-11 09:50:27,411 - METRIC - INFO - {"loss": 0.1350981444120407, "accuracy": 0.9588441252708435, "energy_consumption": 3.5499796746877688, "selected": true, "host_energy_consumption": 1.47096851272, "client_name": "sta4"}
2025-12-11 09:50:27,845 - METRIC - INFO - {"loss": 0.12405197322368622, "accuracy": 0.9687207937240601, "energy_consumption": 2.6420267234185815, "selected": true, "host_energy_consumption": 1.32718140688, "client_name": "sta3"}
2025-12-11 09:50:28,327 - METRIC - INFO - {"loss": 0.11661551147699356, "accuracy": 0.9687207937240601, "energy_consumption": 3.0998180821373778, "selected": true, "host_energy_consumption": 1.3234518799600001, "client_name": "sta2"}
2025-12-11 09:50:28,998 - METRIC - INFO - mean_accuracy: 0.9614141384760538

2025-12-11 09:50:28,998 - METRIC - INFO - round: 54
2025-12-11 09:50:28,998 - METRIC - INFO - n_selected: 6
2025-12-11 09:50:28,998 - METRIC - INFO - {"selected_trainers": ["sta0", "sta1", "sta2", "sta3", "sta4", "sta5"]}
2025-12-11 09:50:34,787 - EXECUT - INFO - received weights from trainer sta0!
2025-12-11 09:50:39,786 - EXECUT - INFO - received weights from trainer sta1!
2025-12-11 09:50:49,160 - EXECUT - INFO - received weights from trainer sta2!
2025-12-11 09:50:55,964 - EXECUT - INFO - received weights from trainer sta3!
2025-12-11 09:51:02,108 - EXECUT - INFO - received weights from trainer sta4!
2025-12-11 09:51:07,040 - EXECUT - INFO - received weights from trainer sta5!
2025-12-11 09:51:08,612 - EXECUT - INFO - sent aggregated weights to trainers!
2025-12-11 09:51:24,892 - METRIC - INFO - {"loss": 0.1341584175825119, "accuracy": 0.9603267312049866, "energy_consumption": 2.254888583894052, "selected": true, "host_energy_consumption": 1.1083429660800002, "client_name": "sta1"}
2025-12-11 09:51:25,621 - METRIC - INFO - {"loss": 0.13364827632904053, "accuracy": 0.9614936113357544, "energy_consumption": 1.9173074249621807, "selected": true, "host_energy_consumption": 1.07548921256, "client_name": "sta0"}
2025-12-11 09:51:27,962 - METRIC - INFO - {"loss": 0.15334776043891907, "accuracy": 0.9509631991386414, "energy_consumption": 1.745391277177403, "selected": true, "host_energy_consumption": 0.81151105028, "client_name": "sta5"}
2025-12-11 09:51:28,988 - METRIC - INFO - {"loss": 0.1209198608994484, "accuracy": 0.9682539701461792, "energy_consumption": 2.680173972647495, "selected": true, "host_energy_consumption": 1.35215960236, "client_name": "sta3"}
2025-12-11 09:51:37,718 - METRIC - INFO - {"loss": 0.13137702643871307, "accuracy": 0.960595428943634, "energy_consumption": 3.588139446479125, "selected": true, "host_energy_consumption": 1.49615240068, "client_name": "sta4"}
2025-12-11 09:51:38,133 - METRIC - INFO - {"loss": 0.11421054601669312, "accuracy": 0.970588207244873, "energy_consumption": 3.137976420144599, "selected": true, "host_energy_consumption": 1.34889143144, "client_name": "sta2"}
2025-12-11 09:51:38,643 - METRIC - INFO - mean_accuracy: 0.9620368580023447

2025-12-11 09:51:38,643 - METRIC - INFO - round: 55
2025-12-11 09:51:38,643 - METRIC - INFO - n_selected: 6
2025-12-11 09:51:38,643 - METRIC - INFO - {"selected_trainers": ["sta0", "sta1", "sta2", "sta3", "sta4", "sta5"]}
2025-12-11 09:51:45,259 - EXECUT - INFO - received weights from trainer sta0!
2025-12-11 09:51:50,572 - EXECUT - INFO - received weights from trainer sta1!
2025-12-11 09:52:00,825 - EXECUT - INFO - received weights from trainer sta2!
2025-12-11 09:52:11,196 - EXECUT - INFO - received weights from trainer sta3!
2025-12-11 09:52:20,171 - EXECUT - INFO - received weights from trainer sta4!
2025-12-11 09:52:27,011 - EXECUT - INFO - received weights from trainer sta5!
2025-12-11 09:52:28,584 - EXECUT - INFO - sent aggregated weights to trainers!
2025-12-11 09:52:46,053 - METRIC - INFO - {"loss": 0.13195112347602844, "accuracy": 0.9626604318618774, "energy_consumption": 1.9459201703239928, "selected": true, "host_energy_consumption": 1.09658216164, "client_name": "sta0"}
2025-12-11 09:52:46,089 - METRIC - INFO - {"loss": 0.13304688036441803, "accuracy": 0.9585764408111572, "energy_consumption": 2.289220989777769, "selected": true, "host_energy_consumption": 1.1297373276, "client_name": "sta1"}
2025-12-11 09:52:52,974 - METRIC - INFO - {"loss": 0.11959075182676315, "accuracy": 0.9696545004844666, "energy_consumption": 2.718324955755463, "selected": true, "host_energy_consumption": 1.37724571936, "client_name": "sta3"}
2025-12-11 09:52:53,503 - METRIC - INFO - {"loss": 0.15155604481697083, "accuracy": 0.9527145624160767, "energy_consumption": 1.745391277177403, "selected": true, "host_energy_consumption": 0.82660958072, "client_name": "sta5"}
2025-12-11 09:52:54,797 - METRIC - INFO - {"loss": 0.11161688715219498, "accuracy": 0.9691876769065857, "energy_consumption": 3.1761236073806343, "selected": true, "host_energy_consumption": 1.37386619132, "client_name": "sta2"}
2025-12-11 09:52:58,176 - METRIC - INFO - {"loss": 0.130213662981987, "accuracy": 0.9632224440574646, "energy_consumption": 3.6663477018053565, "selected": true, "host_energy_consumption": 1.5213169944, "client_name": "sta4"}
2025-12-11 09:52:58,616 - METRIC - INFO - mean_accuracy: 0.9626693427562714

2025-12-11 09:52:58,616 - METRIC - INFO - round: 56
2025-12-11 09:52:58,616 - METRIC - INFO - n_selected: 6
2025-12-11 09:52:58,616 - METRIC - INFO - {"selected_trainers": ["sta0", "sta1", "sta2", "sta3", "sta4", "sta5"]}
2025-12-11 09:53:04,701 - EXECUT - INFO - received weights from trainer sta0!
2025-12-11 09:53:08,813 - EXECUT - INFO - received weights from trainer sta1!
2025-12-11 09:53:16,523 - EXECUT - INFO - received weights from trainer sta2!
2025-12-11 09:53:23,942 - EXECUT - INFO - received weights from trainer sta3!
2025-12-11 09:53:32,258 - EXECUT - INFO - received weights from trainer sta4!
2025-12-11 09:53:39,804 - EXECUT - INFO - received weights from trainer sta5!
2025-12-11 09:53:41,384 - EXECUT - INFO - sent aggregated weights to trainers!
2025-12-11 09:54:00,728 - METRIC - INFO - {"loss": 0.12976901233196259, "accuracy": 0.9626604318618774, "energy_consumption": 2.003154867785574, "selected": true, "host_energy_consumption": 1.116858372, "client_name": "sta0"}
2025-12-11 09:54:04,759 - METRIC - INFO - {"loss": 0.1311674863100052, "accuracy": 0.9638273119926453, "energy_consumption": 2.323557972007927, "selected": true, "host_energy_consumption": 1.15054244984, "client_name": "sta1"}
2025-12-11 09:54:13,022 - METRIC - INFO - {"loss": 0.12864980101585388, "accuracy": 0.9632224440574646, "energy_consumption": 3.704502684249085, "selected": true, "host_energy_consumption": 1.54696698996, "client_name": "sta4"}
2025-12-11 09:54:13,192 - METRIC - INFO - {"loss": 0.14798174798488617, "accuracy": 0.9562171697616577, "energy_consumption": 1.7854667943781082, "selected": true, "host_energy_consumption": 0.84275279368, "client_name": "sta5"}
2025-12-11 09:54:13,958 - METRIC - INFO - {"loss": 0.11021187901496887, "accuracy": 0.9715219140052795, "energy_consumption": 3.2428906198836556, "selected": true, "host_energy_consumption": 1.40013215412, "client_name": "sta2"}
2025-12-11 09:54:13,995 - METRIC - INFO - {"loss": 0.11922165751457214, "accuracy": 0.9668533802032471, "energy_consumption": 2.785084506858638, "selected": true, "host_energy_consumption": 1.40510809208, "client_name": "sta3"}
2025-12-11 09:54:14,419 - METRIC - INFO - mean_accuracy: 0.9640504419803619

2025-12-11 09:54:14,419 - METRIC - INFO - round: 57
2025-12-11 09:54:14,419 - METRIC - INFO - n_selected: 6
2025-12-11 09:54:14,419 - METRIC - INFO - {"selected_trainers": ["sta0", "sta1", "sta2", "sta3", "sta4", "sta5"]}
2025-12-11 09:54:19,660 - EXECUT - INFO - received weights from trainer sta0!
2025-12-11 09:54:23,912 - EXECUT - INFO - received weights from trainer sta1!
2025-12-11 09:54:29,668 - EXECUT - INFO - received weights from trainer sta2!
2025-12-11 09:54:37,186 - EXECUT - INFO - received weights from trainer sta3!
2025-12-11 09:54:44,593 - EXECUT - INFO - received weights from trainer sta4!
2025-12-11 09:54:50,225 - EXECUT - INFO - received weights from trainer sta5!
2025-12-11 09:54:51,788 - EXECUT - INFO - sent aggregated weights to trainers!
2025-12-11 09:55:09,271 - METRIC - INFO - {"loss": 0.12735673785209656, "accuracy": 0.9626604318618774, "energy_consumption": 2.031765654808089, "selected": true, "host_energy_consumption": 1.13717505076, "client_name": "sta0"}
2025-12-11 09:55:10,011 - METRIC - INFO - {"loss": 0.12741053104400635, "accuracy": 0.9644107222557068, "energy_consumption": 2.3865191507981307, "selected": true, "host_energy_consumption": 1.17114054652, "client_name": "sta1"}
2025-12-11 09:55:19,966 - METRIC - INFO - {"loss": 0.11562920361757278, "accuracy": 0.9673202633857727, "energy_consumption": 2.8232315828254, "selected": true, "host_energy_consumption": 1.43094699804, "client_name": "sta3"}
2025-12-11 09:55:20,042 - METRIC - INFO - {"loss": 0.14663943648338318, "accuracy": 0.9544658660888672, "energy_consumption": 1.82552866519667, "selected": true, "host_energy_consumption": 0.85912794912, "client_name": "sta5"}
2025-12-11 09:55:22,882 - METRIC - INFO - {"loss": 0.12636429071426392, "accuracy": 0.9640980958938599, "energy_consumption": 3.7426585457200967, "selected": true, "host_energy_consumption": 1.5722509390000001, "client_name": "sta4"}
2025-12-11 09:55:23,776 - METRIC - INFO - {"loss": 0.10740967094898224, "accuracy": 0.9715219140052795, "energy_consumption": 3.2810375496107893, "selected": true, "host_energy_consumption": 1.42501192932, "client_name": "sta2"}
2025-12-11 09:55:23,822 - METRIC - INFO - mean_accuracy: 0.9640795489152273

2025-12-11 09:55:23,822 - METRIC - INFO - round: 58
2025-12-11 09:55:23,822 - METRIC - INFO - n_selected: 6
2025-12-11 09:55:23,822 - METRIC - INFO - {"selected_trainers": ["sta0", "sta1", "sta2", "sta3", "sta4", "sta5"]}
2025-12-11 09:55:29,868 - EXECUT - INFO - received weights from trainer sta0!
2025-12-11 09:55:34,619 - EXECUT - INFO - received weights from trainer sta1!
2025-12-11 09:55:45,930 - EXECUT - INFO - received weights from trainer sta2!
2025-12-11 09:55:52,139 - EXECUT - INFO - received weights from trainer sta3!
2025-12-11 09:56:02,116 - EXECUT - INFO - received weights from trainer sta4!
2025-12-11 09:56:08,740 - EXECUT - INFO - received weights from trainer sta5!
2025-12-11 09:56:10,319 - EXECUT - INFO - sent aggregated weights to trainers!
2025-12-11 09:56:27,797 - METRIC - INFO - {"loss": 0.12606506049633026, "accuracy": 0.9638273119926453, "energy_consumption": 2.0603802837998217, "selected": true, "host_energy_consumption": 1.15738450828, "client_name": "sta0"}
2025-12-11 09:56:32,474 - METRIC - INFO - {"loss": 0.12660165131092072, "accuracy": 0.9644107222557068, "energy_consumption": 2.4208522036332254, "selected": true, "host_energy_consumption": 1.1915095203200001, "client_name": "sta1"}
2025-12-11 09:56:40,675 - METRIC - INFO - {"loss": 0.11273803561925888, "accuracy": 0.9701213836669922, "energy_consumption": 2.889986664082741, "selected": true, "host_energy_consumption": 1.45649442008, "client_name": "sta3"}
2025-12-11 09:56:40,676 - METRIC - INFO - {"loss": 0.14368081092834473, "accuracy": 0.9579684734344482, "energy_consumption": 1.8942165176524228, "selected": true, "host_energy_consumption": 0.8751129108400001, "client_name": "sta5"}
2025-12-11 09:56:42,206 - METRIC - INFO - {"loss": 0.12319887429475784, "accuracy": 0.9640980958938599, "energy_consumption": 3.8208599039406788, "selected": true, "host_energy_consumption": 1.5972969807200001, "client_name": "sta4"}
2025-12-11 09:56:43,594 - METRIC - INFO - {"loss": 0.1067022904753685, "accuracy": 0.970588207244873, "energy_consumption": 3.3191826354470377, "selected": true, "host_energy_consumption": 1.4498279768, "client_name": "sta2"}
2025-12-11 09:56:44,353 - METRIC - INFO - mean_accuracy: 0.9651690324147543

2025-12-11 09:56:44,353 - METRIC - INFO - round: 59
2025-12-11 09:56:44,353 - METRIC - INFO - n_selected: 6
2025-12-11 09:56:44,353 - METRIC - INFO - {"selected_trainers": ["sta0", "sta1", "sta2", "sta3", "sta4", "sta5"]}
2025-12-11 09:56:49,743 - EXECUT - INFO - received weights from trainer sta0!
2025-12-11 09:56:54,090 - EXECUT - INFO - received weights from trainer sta1!
2025-12-11 09:57:04,726 - EXECUT - INFO - received weights from trainer sta2!
2025-12-11 09:57:13,944 - EXECUT - INFO - received weights from trainer sta3!
2025-12-11 09:57:23,052 - EXECUT - INFO - received weights from trainer sta4!
2025-12-11 09:57:30,306 - EXECUT - INFO - received weights from trainer sta5!
2025-12-11 09:57:31,879 - EXECUT - INFO - sent aggregated weights to trainers!
2025-12-11 09:57:52,241 - METRIC - INFO - {"loss": 0.12483114749193192, "accuracy": 0.9649941921234131, "energy_consumption": 2.1176064278330586, "selected": true, "host_energy_consumption": 1.17753647592, "client_name": "sta0"}
2025-12-11 09:57:53,772 - METRIC - INFO - {"loss": 0.12531693279743195, "accuracy": 0.9632439017295837, "energy_consumption": 2.455184692174123, "selected": true, "host_energy_consumption": 1.21230346636, "client_name": "sta1"}
2025-12-11 09:58:00,452 - METRIC - INFO - {"loss": 0.14229916036128998, "accuracy": 0.9597197771072388, "energy_consumption": 1.9342823401199056, "selected": true, "host_energy_consumption": 0.8903339583600001, "client_name": "sta5"}
2025-12-11 09:58:01,306 - METRIC - INFO - {"loss": 0.10975821316242218, "accuracy": 0.970588207244873, "energy_consumption": 2.956774762113909, "selected": true, "host_energy_consumption": 1.4821998716, "client_name": "sta3"}
2025-12-11 09:58:03,169 - METRIC - INFO - {"loss": 0.12386908382177353, "accuracy": 0.9632224440574646, "energy_consumption": 3.859015933905176, "selected": true, "host_energy_consumption": 1.62243462416, "client_name": "sta4"}
2025-12-11 09:58:03,827 - METRIC - INFO - {"loss": 0.10560227930545807, "accuracy": 0.9719887971878052, "energy_consumption": 3.38595395248156, "selected": true, "host_energy_consumption": 1.47508485572, "client_name": "sta2"}
2025-12-11 09:58:03,914 - METRIC - INFO - mean_accuracy: 0.9656262199083964

2025-12-11 09:58:03,914 - METRIC - INFO - round: 60
2025-12-11 09:58:03,914 - METRIC - INFO - n_selected: 6
2025-12-11 09:58:03,914 - METRIC - INFO - {"selected_trainers": ["sta0", "sta1", "sta2", "sta3", "sta4", "sta5"]}
2025-12-11 09:58:09,503 - EXECUT - INFO - received weights from trainer sta0!
2025-12-11 09:58:14,023 - EXECUT - INFO - received weights from trainer sta1!
2025-12-11 09:58:24,354 - EXECUT - INFO - received weights from trainer sta2!
2025-12-11 09:58:35,276 - EXECUT - INFO - received weights from trainer sta3!
2025-12-11 09:58:44,203 - EXECUT - INFO - received weights from trainer sta4!
2025-12-11 09:58:49,563 - EXECUT - INFO - received weights from trainer sta5!
2025-12-11 09:58:51,137 - EXECUT - INFO - sent aggregated weights to trainers!
2025-12-11 09:59:09,680 - METRIC - INFO - {"loss": 0.12363619357347488, "accuracy": 0.967327892780304, "energy_consumption": 2.1461636911538506, "selected": true, "host_energy_consumption": 1.1976989878000002, "client_name": "sta0"}
2025-12-11 09:59:14,584 - METRIC - INFO - {"loss": 0.12253939360380173, "accuracy": 0.9649941921234131, "energy_consumption": 2.4895373919845496, "selected": true, "host_energy_consumption": 1.23285036224, "client_name": "sta1"}
2025-12-11 09:59:17,951 - METRIC - INFO - {"loss": 0.1207856610417366, "accuracy": 0.9640980958938599, "energy_consumption": 3.8971639016157194, "selected": true, "host_energy_consumption": 1.6475885196400002, "client_name": "sta4"}
2025-12-11 09:59:21,717 - METRIC - INFO - {"loss": 0.10124535113573074, "accuracy": 0.972455620765686, "energy_consumption": 3.424103419148227, "selected": true, "host_energy_consumption": 1.50018320928, "client_name": "sta2"}
2025-12-11 09:59:22,301 - METRIC - INFO - {"loss": 0.14083804190158844, "accuracy": 0.9562171697616577, "energy_consumption": 1.974349783939728, "selected": true, "host_energy_consumption": 0.9058449512000001, "client_name": "sta5"}
2025-12-11 09:59:22,543 - METRIC - INFO - {"loss": 0.10771075636148453, "accuracy": 0.970588207244873, "energy_consumption": 3.0235384142847437, "selected": true, "host_energy_consumption": 1.50765523132, "client_name": "sta3"}
2025-12-11 09:59:23,171 - METRIC - INFO - mean_accuracy: 0.9659468630949656

2025-12-11 09:59:23,171 - METRIC - INFO - round: 61
2025-12-11 09:59:23,171 - METRIC - INFO - n_selected: 6
2025-12-11 09:59:23,171 - METRIC - INFO - {"selected_trainers": ["sta0", "sta1", "sta2", "sta3", "sta4", "sta5"]}
2025-12-11 09:59:28,988 - EXECUT - INFO - received weights from trainer sta0!
2025-12-11 09:59:33,330 - EXECUT - INFO - received weights from trainer sta1!
2025-12-11 09:59:40,677 - EXECUT - INFO - received weights from trainer sta2!
2025-12-11 09:59:47,881 - EXECUT - INFO - received weights from trainer sta3!
2025-12-11 09:59:54,397 - EXECUT - INFO - received weights from trainer sta4!
2025-12-11 10:00:00,227 - EXECUT - INFO - received weights from trainer sta5!
2025-12-11 10:00:01,803 - EXECUT - INFO - sent aggregated weights to trainers!
2025-12-11 10:00:18,382 - METRIC - INFO - {"loss": 0.12215012311935425, "accuracy": 0.9626604318618774, "energy_consumption": 2.552480796302413, "selected": true, "host_energy_consumption": 1.2536299356, "client_name": "sta1"}
2025-12-11 10:00:24,228 - METRIC - INFO - {"loss": 0.12179038673639297, "accuracy": 0.9614936113357544, "energy_consumption": 2.203386562280761, "selected": true, "host_energy_consumption": 1.21786948052, "client_name": "sta0"}
2025-12-11 10:00:27,944 - METRIC - INFO - {"loss": 0.13743717968463898, "accuracy": 0.9579684734344482, "energy_consumption": 2.014403980357257, "selected": true, "host_energy_consumption": 0.9208619638400001, "client_name": "sta5"}
2025-12-11 10:00:31,531 - METRIC - INFO - {"loss": 0.10147856920957565, "accuracy": 0.972455620765686, "energy_consumption": 3.4622492012122335, "selected": true, "host_energy_consumption": 1.52590843412, "client_name": "sta2"}
2025-12-11 10:00:31,748 - METRIC - INFO - {"loss": 0.10748112946748734, "accuracy": 0.9701213836669922, "energy_consumption": 3.0998432019716518, "selected": true, "host_energy_consumption": 1.53364102388, "client_name": "sta3"}
2025-12-11 10:00:32,734 - METRIC - INFO - {"loss": 0.1188172772526741, "accuracy": 0.9658493995666504, "energy_consumption": 3.9753654823748614, "selected": true, "host_energy_consumption": 1.67271937784, "client_name": "sta4"}
2025-12-11 10:00:32,836 - METRIC - INFO - mean_accuracy: 0.9650914867719015

2025-12-11 10:00:32,836 - METRIC - INFO - round: 62
2025-12-11 10:00:32,836 - METRIC - INFO - n_selected: 6
2025-12-11 10:00:32,836 - METRIC - INFO - {"selected_trainers": ["sta0", "sta1", "sta2", "sta3", "sta4", "sta5"]}
2025-12-11 10:00:37,837 - EXECUT - INFO - received weights from trainer sta0!
2025-12-11 10:00:42,223 - EXECUT - INFO - received weights from trainer sta1!
2025-12-11 10:00:49,249 - EXECUT - INFO - received weights from trainer sta2!
2025-12-11 10:00:56,277 - EXECUT - INFO - received weights from trainer sta3!
2025-12-11 10:01:06,028 - EXECUT - INFO - received weights from trainer sta4!
2025-12-11 10:01:12,660 - EXECUT - INFO - received weights from trainer sta5!
2025-12-11 10:01:14,237 - EXECUT - INFO - sent aggregated weights to trainers!
2025-12-11 10:01:32,501 - METRIC - INFO - {"loss": 0.11988198757171631, "accuracy": 0.9667444825172424, "energy_consumption": 2.586813071842124, "selected": true, "host_energy_consumption": 1.27440991888, "client_name": "sta1"}
2025-12-11 10:01:33,617 - METRIC - INFO - {"loss": 0.12161634117364883, "accuracy": 0.967327892780304, "energy_consumption": 2.2320146628029023, "selected": true, "host_energy_consumption": 1.2377823444, "client_name": "sta0"}
2025-12-11 10:01:39,328 - METRIC - INFO - {"loss": 0.1342504620552063, "accuracy": 0.9562171697616577, "energy_consumption": 2.0544681099421624, "selected": true, "host_energy_consumption": 0.93597155176, "client_name": "sta5"}
2025-12-11 10:01:45,429 - METRIC - INFO - {"loss": 0.12119372189044952, "accuracy": 0.9640980958938599, "energy_consumption": 4.013514020737837, "selected": true, "host_energy_consumption": 1.69799160356, "client_name": "sta4"}
2025-12-11 10:01:46,141 - METRIC - INFO - {"loss": 0.09867045283317566, "accuracy": 0.9733893275260925, "energy_consumption": 3.538560506099688, "selected": true, "host_energy_consumption": 1.552256104, "client_name": "sta2"}
2025-12-11 10:01:46,162 - METRIC - INFO - {"loss": 0.10510246455669403, "accuracy": 0.9710550904273987, "energy_consumption": 3.166622315803423, "selected": true, "host_energy_consumption": 1.56027135852, "client_name": "sta3"}
2025-12-11 10:01:46,271 - METRIC - INFO - mean_accuracy: 0.9664720098177592

2025-12-11 10:01:46,271 - METRIC - INFO - round: 63
2025-12-11 10:01:46,271 - METRIC - INFO - n_selected: 6
2025-12-11 10:01:46,271 - METRIC - INFO - {"selected_trainers": ["sta0", "sta1", "sta2", "sta3", "sta4", "sta5"]}
2025-12-11 10:01:51,224 - EXECUT - INFO - received weights from trainer sta0!
2025-12-11 10:01:55,530 - EXECUT - INFO - received weights from trainer sta1!
2025-12-11 10:02:03,827 - EXECUT - INFO - received weights from trainer sta2!
2025-12-11 10:02:11,019 - EXECUT - INFO - received weights from trainer sta3!
2025-12-11 10:02:19,283 - EXECUT - INFO - received weights from trainer sta4!
2025-12-11 10:02:25,101 - EXECUT - INFO - received weights from trainer sta5!
2025-12-11 10:02:26,674 - EXECUT - INFO - sent aggregated weights to trainers!
2025-12-11 10:02:48,079 - METRIC - INFO - {"loss": 0.11592811346054077, "accuracy": 0.9655776023864746, "energy_consumption": 2.621146053146967, "selected": true, "host_energy_consumption": 1.29499495888, "client_name": "sta1"}
2025-12-11 10:02:51,639 - METRIC - INFO - {"loss": 0.12160287797451019, "accuracy": 0.967327892780304, "energy_consumption": 2.2606308877139925, "selected": true, "host_energy_consumption": 1.25776208096, "client_name": "sta0"}
2025-12-11 10:02:52,703 - METRIC - INFO - {"loss": 0.1339154690504074, "accuracy": 0.9579684734344482, "energy_consumption": 2.0544681099421624, "selected": true, "host_energy_consumption": 0.95121052656, "client_name": "sta5"}
2025-12-11 10:02:54,360 - METRIC - INFO - {"loss": 0.10385248064994812, "accuracy": 0.9710550904273987, "energy_consumption": 3.2715289762541317, "selected": true, "host_energy_consumption": 1.5851567908400002, "client_name": "sta3"}
2025-12-11 10:02:57,396 - METRIC - INFO - {"loss": 0.11688146740198135, "accuracy": 0.9640980958938599, "energy_consumption": 4.051663067760366, "selected": true, "host_energy_consumption": 1.7230061836400001, "client_name": "sta4"}
2025-12-11 10:02:58,294 - METRIC - INFO - {"loss": 0.09899991005659103, "accuracy": 0.9710550904273987, "energy_consumption": 3.60536206453435, "selected": true, "host_energy_consumption": 1.5771221732, "client_name": "sta2"}
2025-12-11 10:02:58,706 - METRIC - INFO - mean_accuracy: 0.9661803742249807

2025-12-11 10:02:58,706 - METRIC - INFO - round: 64
2025-12-11 10:02:58,706 - METRIC - INFO - n_selected: 6
2025-12-11 10:02:58,706 - METRIC - INFO - {"selected_trainers": ["sta0", "sta1", "sta2", "sta3", "sta4", "sta5"]}
2025-12-11 10:03:04,515 - EXECUT - INFO - received weights from trainer sta0!
2025-12-11 10:03:09,086 - EXECUT - INFO - received weights from trainer sta1!
2025-12-11 10:03:17,002 - EXECUT - INFO - received weights from trainer sta2!
2025-12-11 10:03:22,709 - EXECUT - INFO - received weights from trainer sta3!
2025-12-11 10:03:28,430 - EXECUT - INFO - received weights from trainer sta4!
2025-12-11 10:03:34,005 - EXECUT - INFO - received weights from trainer sta5!
2025-12-11 10:03:35,589 - EXECUT - INFO - sent aggregated weights to trainers!
2025-12-11 10:03:51,651 - METRIC - INFO - {"loss": 0.11477236449718475, "accuracy": 0.967327892780304, "energy_consumption": 2.655480431676034, "selected": true, "host_energy_consumption": 1.3156346862400001, "client_name": "sta1"}
2025-12-11 10:03:53,075 - METRIC - INFO - {"loss": 0.1169223040342331, "accuracy": 0.9649941921234131, "energy_consumption": 2.2892387833248535, "selected": true, "host_energy_consumption": 1.2778721102000001, "client_name": "sta0"}
2025-12-11 10:04:04,965 - METRIC - INFO - {"loss": 0.13233652710914612, "accuracy": 0.9597197771072388, "energy_consumption": 2.0945338545211585, "selected": true, "host_energy_consumption": 0.9662274361600001, "client_name": "sta5"}
2025-12-11 10:04:07,066 - METRIC - INFO - {"loss": 0.11512013524770737, "accuracy": 0.9676007032394409, "energy_consumption": 4.089812863466186, "selected": true, "host_energy_consumption": 1.7478196159200001, "client_name": "sta4"}
2025-12-11 10:04:07,756 - METRIC - INFO - {"loss": 0.10522913932800293, "accuracy": 0.9696545004844666, "energy_consumption": 3.3096758980334613, "selected": true, "host_energy_consumption": 1.61034476344, "client_name": "sta3"}
2025-12-11 10:04:08,235 - METRIC - INFO - {"loss": 0.09437689185142517, "accuracy": 0.9738562107086182, "energy_consumption": 3.6816618689471765, "selected": true, "host_energy_consumption": 1.6025724912400001, "client_name": "sta2"}
2025-12-11 10:04:08,624 - METRIC - INFO - mean_accuracy: 0.9671922127405802

2025-12-11 10:04:08,624 - METRIC - INFO - round: 65
2025-12-11 10:04:08,624 - METRIC - INFO - n_selected: 6
2025-12-11 10:04:08,624 - METRIC - INFO - {"selected_trainers": ["sta0", "sta1", "sta2", "sta3", "sta4", "sta5"]}
2025-12-11 10:04:13,553 - EXECUT - INFO - received weights from trainer sta0!
2025-12-11 10:04:18,281 - EXECUT - INFO - received weights from trainer sta1!
2025-12-11 10:04:28,105 - EXECUT - INFO - received weights from trainer sta2!
2025-12-11 10:04:35,618 - EXECUT - INFO - received weights from trainer sta3!
2025-12-11 10:04:42,938 - EXECUT - INFO - received weights from trainer sta4!
2025-12-11 10:04:48,318 - EXECUT - INFO - received weights from trainer sta5!
2025-12-11 10:04:49,887 - EXECUT - INFO - sent aggregated weights to trainers!
2025-12-11 10:05:05,708 - METRIC - INFO - {"loss": 0.11581362783908844, "accuracy": 0.9696615934371948, "energy_consumption": 2.3178546728385414, "selected": true, "host_energy_consumption": 1.2980095856, "client_name": "sta0"}
2025-12-11 10:05:07,697 - METRIC - INFO - {"loss": 0.11372556537389755, "accuracy": 0.9649941921234131, "energy_consumption": 2.689816035756715, "selected": true, "host_energy_consumption": 1.33605860388, "client_name": "sta1"}
2025-12-11 10:05:14,152 - METRIC - INFO - {"loss": 0.13048389554023743, "accuracy": 0.9597197771072388, "energy_consumption": 2.1632127021132264, "selected": true, "host_energy_consumption": 0.9812856354, "client_name": "sta5"}
2025-12-11 10:05:16,820 - METRIC - INFO - {"loss": 0.09411458671092987, "accuracy": 0.9738562107086182, "energy_consumption": 3.7579586738581723, "selected": true, "host_energy_consumption": 1.6277053833600001, "client_name": "sta2"}
2025-12-11 10:05:17,828 - METRIC - INFO - {"loss": 0.10117024928331375, "accuracy": 0.9715219140052795, "energy_consumption": 3.3764523986267676, "selected": true, "host_energy_consumption": 1.6352922824, "client_name": "sta3"}
2025-12-11 10:05:19,417 - METRIC - INFO - {"loss": 0.11337167769670486, "accuracy": 0.9667250514030457, "energy_consumption": 4.127959516609685, "selected": true, "host_energy_consumption": 1.7725733191600002, "client_name": "sta4"}
2025-12-11 10:05:19,919 - METRIC - INFO - mean_accuracy: 0.9677464564641317

2025-12-11 10:05:19,919 - METRIC - INFO - round: 66
2025-12-11 10:05:19,919 - METRIC - INFO - n_selected: 6
2025-12-11 10:05:19,919 - METRIC - INFO - {"selected_trainers": ["sta0", "sta1", "sta2", "sta3", "sta4", "sta5"]}
2025-12-11 10:05:25,060 - EXECUT - INFO - received weights from trainer sta0!
2025-12-11 10:05:30,175 - EXECUT - INFO - received weights from trainer sta1!
2025-12-11 10:05:38,919 - EXECUT - INFO - received weights from trainer sta2!
2025-12-11 10:05:48,120 - EXECUT - INFO - received weights from trainer sta3!
2025-12-11 10:05:54,562 - EXECUT - INFO - received weights from trainer sta4!
2025-12-11 10:06:02,061 - EXECUT - INFO - received weights from trainer sta5!
2025-12-11 10:06:03,632 - EXECUT - INFO - sent aggregated weights to trainers!
2025-12-11 10:06:24,021 - METRIC - INFO - {"loss": 0.1122114434838295, "accuracy": 0.9679113030433655, "energy_consumption": 2.689816035756715, "selected": true, "host_energy_consumption": 1.35695696864, "client_name": "sta1"}
2025-12-11 10:06:24,190 - METRIC - INFO - {"loss": 0.1169242337346077, "accuracy": 0.967327892780304, "energy_consumption": 2.3464863117237145, "selected": true, "host_energy_consumption": 1.3188137172, "client_name": "sta0"}
2025-12-11 10:06:32,966 - METRIC - INFO - {"loss": 0.0999271348118782, "accuracy": 0.9715219140052795, "energy_consumption": 3.414615945625755, "selected": true, "host_energy_consumption": 1.66033270172, "client_name": "sta3"}
2025-12-11 10:06:33,267 - METRIC - INFO - {"loss": 0.13016845285892487, "accuracy": 0.9597197771072388, "energy_consumption": 2.1632127021132264, "selected": true, "host_energy_consumption": 0.99734088748, "client_name": "sta5"}
2025-12-11 10:06:35,032 - METRIC - INFO - {"loss": 0.11246705800294876, "accuracy": 0.9649737477302551, "energy_consumption": 4.1661073333119205, "selected": true, "host_energy_consumption": 1.79803571948, "client_name": "sta4"}
2025-12-11 10:06:37,502 - METRIC - INFO - {"loss": 0.09573488682508469, "accuracy": 0.9729225039482117, "energy_consumption": 3.8247426533365028, "selected": true, "host_energy_consumption": 1.6525358547600002, "client_name": "sta2"}
2025-12-11 10:06:37,668 - METRIC - INFO - mean_accuracy: 0.9673961897691091

2025-12-11 10:06:37,668 - METRIC - INFO - round: 67
2025-12-11 10:06:37,668 - METRIC - INFO - n_selected: 6
2025-12-11 10:06:37,668 - METRIC - INFO - {"selected_trainers": ["sta0", "sta1", "sta2", "sta3", "sta4", "sta5"]}
2025-12-11 10:06:43,247 - EXECUT - INFO - received weights from trainer sta0!
2025-12-11 10:06:49,300 - EXECUT - INFO - received weights from trainer sta1!
2025-12-11 10:06:58,077 - EXECUT - INFO - received weights from trainer sta2!
2025-12-11 10:07:06,962 - EXECUT - INFO - received weights from trainer sta3!
2025-12-11 10:07:12,525 - EXECUT - INFO - received weights from trainer sta4!
2025-12-11 10:07:18,344 - EXECUT - INFO - received weights from trainer sta5!
2025-12-11 10:07:19,917 - EXECUT - INFO - sent aggregated weights to trainers!
2025-12-11 10:07:39,865 - METRIC - INFO - {"loss": 0.11193782091140747, "accuracy": 0.9667444825172424, "energy_consumption": 2.7241512964921895, "selected": true, "host_energy_consumption": 1.37755981636, "client_name": "sta1"}
2025-12-11 10:07:41,144 - METRIC - INFO - {"loss": 0.11511334031820297, "accuracy": 0.967327892780304, "energy_consumption": 2.403726752269583, "selected": true, "host_energy_consumption": 1.3391238168000001, "client_name": "sta0"}
2025-12-11 10:07:45,851 - METRIC - INFO - {"loss": 0.12593328952789307, "accuracy": 0.9597197771072388, "energy_consumption": 2.2032889012356507, "selected": true, "host_energy_consumption": 1.01237786104, "client_name": "sta5"}
2025-12-11 10:07:51,468 - METRIC - INFO - {"loss": 0.09900984168052673, "accuracy": 0.9719887971878052, "energy_consumption": 3.4527682687337347, "selected": true, "host_energy_consumption": 1.6850919937600002, "client_name": "sta3"}
2025-12-11 10:07:52,232 - METRIC - INFO - {"loss": 0.09332067519426346, "accuracy": 0.9738562107086182, "energy_consumption": 3.8915088933128343, "selected": true, "host_energy_consumption": 1.67736364264, "client_name": "sta2"}
2025-12-11 10:07:52,850 - METRIC - INFO - {"loss": 0.11074452847242355, "accuracy": 0.9676007032394409, "energy_consumption": 4.232881978887413, "selected": true, "host_energy_consumption": 1.8228953456, "client_name": "sta4"}
2025-12-11 10:07:52,952 - METRIC - INFO - mean_accuracy: 0.9678729772567749

2025-12-11 10:07:52,952 - METRIC - INFO - round: 68
2025-12-11 10:07:52,952 - METRIC - INFO - n_selected: 6
2025-12-11 10:07:52,952 - METRIC - INFO - {"selected_trainers": ["sta0", "sta1", "sta2", "sta3", "sta4", "sta5"]}
2025-12-11 10:07:59,233 - EXECUT - INFO - received weights from trainer sta0!
2025-12-11 10:08:03,975 - EXECUT - INFO - received weights from trainer sta1!
2025-12-11 10:08:11,685 - EXECUT - INFO - received weights from trainer sta2!
2025-12-11 10:08:20,207 - EXECUT - INFO - received weights from trainer sta3!
2025-12-11 10:08:26,133 - EXECUT - INFO - received weights from trainer sta4!
2025-12-11 10:08:31,504 - EXECUT - INFO - received weights from trainer sta5!
2025-12-11 10:08:33,078 - EXECUT - INFO - sent aggregated weights to trainers!
2025-12-11 10:08:52,280 - METRIC - INFO - {"loss": 0.10927833616733551, "accuracy": 0.9679113030433655, "energy_consumption": 2.78709400617185, "selected": true, "host_energy_consumption": 1.3982561964, "client_name": "sta1"}
2025-12-11 10:08:55,897 - METRIC - INFO - {"loss": 0.1137397438287735, "accuracy": 0.9661610126495361, "energy_consumption": 2.4608478946645023, "selected": true, "host_energy_consumption": 1.3591268465600002, "client_name": "sta0"}
2025-12-11 10:09:01,013 - METRIC - INFO - {"loss": 0.12393240630626678, "accuracy": 0.9597197771072388, "energy_consumption": 2.271961361971164, "selected": true, "host_energy_consumption": 1.02786501384, "client_name": "sta5"}
2025-12-11 10:09:01,557 - METRIC - INFO - {"loss": 0.10955531150102615, "accuracy": 0.9658493995666504, "energy_consumption": 4.271034898080806, "selected": true, "host_energy_consumption": 1.8480424396000001, "client_name": "sta4"}
2025-12-11 10:09:02,345 - METRIC - INFO - {"loss": 0.09102213382720947, "accuracy": 0.974323034286499, "energy_consumption": 3.9296575047956166, "selected": true, "host_energy_consumption": 1.7026994082, "client_name": "sta2"}
2025-12-11 10:09:02,736 - METRIC - INFO - {"loss": 0.09691663086414337, "accuracy": 0.9701213836669922, "energy_consumption": 3.519530324985226, "selected": true, "host_energy_consumption": 1.71073735784, "client_name": "sta3"}
2025-12-11 10:09:03,109 - METRIC - INFO - mean_accuracy: 0.967347651720047

2025-12-11 10:09:03,109 - METRIC - INFO - round: 69
2025-12-11 10:09:03,109 - METRIC - INFO - n_selected: 6
2025-12-11 10:09:03,109 - METRIC - INFO - {"selected_trainers": ["sta0", "sta1", "sta2", "sta3", "sta4", "sta5"]}
2025-12-11 10:09:08,631 - EXECUT - INFO - received weights from trainer sta0!
2025-12-11 10:09:12,546 - EXECUT - INFO - received weights from trainer sta1!
2025-12-11 10:09:21,309 - EXECUT - INFO - received weights from trainer sta2!
2025-12-11 10:09:28,155 - EXECUT - INFO - received weights from trainer sta3!
2025-12-11 10:09:37,346 - EXECUT - INFO - received weights from trainer sta4!
2025-12-11 10:09:42,941 - EXECUT - INFO - received weights from trainer sta5!
2025-12-11 10:09:44,543 - EXECUT - INFO - sent aggregated weights to trainers!
2025-12-11 10:10:00,799 - METRIC - INFO - {"loss": 0.10853779315948486, "accuracy": 0.9690781831741333, "energy_consumption": 2.821426229256042, "selected": true, "host_energy_consumption": 1.41900082128, "client_name": "sta1"}
2025-12-11 10:10:02,040 - METRIC - INFO - {"loss": 0.11148189008235931, "accuracy": 0.967327892780304, "energy_consumption": 2.5180854692316843, "selected": true, "host_energy_consumption": 1.3795009298, "client_name": "sta0"}
2025-12-11 10:10:14,788 - METRIC - INFO - {"loss": 0.12349027395248413, "accuracy": 0.9597197771072388, "energy_consumption": 2.3120241038692186, "selected": true, "host_energy_consumption": 1.0432192246, "client_name": "sta5"}
2025-12-11 10:10:15,665 - METRIC - INFO - {"loss": 0.10661212354898453, "accuracy": 0.9658493995666504, "energy_consumption": 4.337800289231502, "selected": true, "host_energy_consumption": 1.8734740785600001, "client_name": "sta4"}
2025-12-11 10:10:19,160 - METRIC - INFO - {"loss": 0.09707570821046829, "accuracy": 0.9729225039482117, "energy_consumption": 3.557678535898617, "selected": true, "host_energy_consumption": 1.73622865724, "client_name": "sta3"}
2025-12-11 10:10:19,456 - METRIC - INFO - {"loss": 0.08827437460422516, "accuracy": 0.9752567410469055, "energy_consumption": 3.9964161657445656, "selected": true, "host_energy_consumption": 1.72877859672, "client_name": "sta2"}
2025-12-11 10:10:19,580 - METRIC - INFO - mean_accuracy: 0.9683590829372406

2025-12-11 10:10:19,580 - METRIC - INFO - round: 70
2025-12-11 10:10:19,580 - METRIC - INFO - n_selected: 6
2025-12-11 10:10:19,580 - METRIC - INFO - {"selected_trainers": ["sta0", "sta1", "sta2", "sta3", "sta4", "sta5"]}
2025-12-11 10:10:25,165 - EXECUT - INFO - received weights from trainer sta0!
2025-12-11 10:10:30,812 - EXECUT - INFO - received weights from trainer sta1!
2025-12-11 10:10:38,939 - EXECUT - INFO - received weights from trainer sta2!
2025-12-11 10:10:46,526 - EXECUT - INFO - received weights from trainer sta3!
2025-12-11 10:10:53,516 - EXECUT - INFO - received weights from trainer sta4!
2025-12-11 10:11:02,119 - EXECUT - INFO - received weights from trainer sta5!
2025-12-11 10:11:03,689 - EXECUT - INFO - sent aggregated weights to trainers!
2025-12-11 10:11:24,491 - METRIC - INFO - {"loss": 0.11133790761232376, "accuracy": 0.967327892780304, "energy_consumption": 2.5753233251511802, "selected": true, "host_energy_consumption": 1.3996055925600002, "client_name": "sta0"}
2025-12-11 10:11:25,430 - METRIC - INFO - {"loss": 0.12106085568666458, "accuracy": 0.9597197771072388, "energy_consumption": 2.3520827367517954, "selected": true, "host_energy_consumption": 1.05847043568, "client_name": "sta5"}
2025-12-11 10:11:25,482 - METRIC - INFO - {"loss": 0.10658703744411469, "accuracy": 0.9667444825172424, "energy_consumption": 2.855771205389027, "selected": true, "host_energy_consumption": 1.44041393048, "client_name": "sta1"}
2025-12-11 10:11:34,097 - METRIC - INFO - {"loss": 0.095186747610569, "accuracy": 0.972455620765686, "energy_consumption": 3.624436298745536, "selected": true, "host_energy_consumption": 1.76042494292, "client_name": "sta3"}
2025-12-11 10:11:36,889 - METRIC - INFO - {"loss": 0.08720503747463226, "accuracy": 0.9747899174690247, "energy_consumption": 4.034563912506104, "selected": true, "host_energy_consumption": 1.7533415272800001, "client_name": "sta2"}
2025-12-11 10:11:38,491 - METRIC - INFO - {"loss": 0.1066431999206543, "accuracy": 0.9667250514030457, "energy_consumption": 4.375951043442676, "selected": true, "host_energy_consumption": 1.8976418585600001, "client_name": "sta4"}
2025-12-11 10:11:38,725 - METRIC - INFO - mean_accuracy: 0.9679604570070902

2025-12-11 10:11:38,725 - METRIC - INFO - round: 71
2025-12-11 10:11:38,725 - METRIC - INFO - n_selected: 6
2025-12-11 10:11:38,725 - METRIC - INFO - {"selected_trainers": ["sta0", "sta1", "sta2", "sta3", "sta4", "sta5"]}
2025-12-11 10:11:43,625 - EXECUT - INFO - received weights from trainer sta0!
2025-12-11 10:11:47,466 - EXECUT - INFO - received weights from trainer sta1!
2025-12-11 10:11:55,253 - EXECUT - INFO - received weights from trainer sta2!
2025-12-11 10:12:02,432 - EXECUT - INFO - received weights from trainer sta3!
2025-12-11 10:12:07,863 - EXECUT - INFO - received weights from trainer sta4!
2025-12-11 10:12:13,340 - EXECUT - INFO - received weights from trainer sta5!
2025-12-11 10:12:14,903 - EXECUT - INFO - sent aggregated weights to trainers!
2025-12-11 10:12:33,220 - METRIC - INFO - {"loss": 0.10912071168422699, "accuracy": 0.967327892780304, "energy_consumption": 2.6039335494690676, "selected": true, "host_energy_consumption": 1.4190261506400002, "client_name": "sta0"}
2025-12-11 10:12:36,402 - METRIC - INFO - {"loss": 0.1055888682603836, "accuracy": 0.9684947729110718, "energy_consumption": 2.9187374946182216, "selected": true, "host_energy_consumption": 1.4604511742800002, "client_name": "sta1"}
2025-12-11 10:12:37,722 - METRIC - INFO - {"loss": 0.08602087944746017, "accuracy": 0.9757236242294312, "energy_consumption": 4.072713321948572, "selected": true, "host_energy_consumption": 1.77800932092, "client_name": "sta2"}
2025-12-11 10:12:41,162 - METRIC - INFO - {"loss": 0.11939205974340439, "accuracy": 0.9597197771072388, "energy_consumption": 2.3806860591953396, "selected": true, "host_energy_consumption": 1.07310502964, "client_name": "sta5"}
2025-12-11 10:12:43,675 - METRIC - INFO - {"loss": 0.09322495013475418, "accuracy": 0.9733893275260925, "energy_consumption": 3.662595897274727, "selected": true, "host_energy_consumption": 1.78455085284, "client_name": "sta3"}
2025-12-11 10:12:44,557 - METRIC - INFO - {"loss": 0.10695798695087433, "accuracy": 0.9667250514030457, "energy_consumption": 4.414097839646679, "selected": true, "host_energy_consumption": 1.9217333836400001, "client_name": "sta4"}
2025-12-11 10:12:44,935 - METRIC - INFO - mean_accuracy: 0.9685634076595306

2025-12-11 10:12:44,935 - METRIC - INFO - round: 72
2025-12-11 10:12:44,935 - METRIC - INFO - n_selected: 6
2025-12-11 10:12:44,935 - METRIC - INFO - {"selected_trainers": ["sta0", "sta1", "sta2", "sta3", "sta4", "sta5"]}
2025-12-11 10:12:50,686 - EXECUT - INFO - received weights from trainer sta0!
2025-12-11 10:13:41,646 - EXECUT - INFO - received weights from trainer sta1!
2025-12-11 10:13:49,084 - EXECUT - INFO - received weights from trainer sta2!
2025-12-11 10:13:55,178 - EXECUT - INFO - received weights from trainer sta3!
2025-12-11 10:14:00,655 - EXECUT - INFO - received weights from trainer sta4!
2025-12-11 10:14:08,296 - EXECUT - INFO - received weights from trainer sta5!
2025-12-11 10:14:09,863 - EXECUT - INFO - sent aggregated weights to trainers!
2025-12-11 10:14:26,377 - METRIC - INFO - {"loss": 0.10398546606302261, "accuracy": 0.9679113030433655, "energy_consumption": 2.9530821035625876, "selected": true, "host_energy_consumption": 1.4804550756800001, "client_name": "sta1"}
2025-12-11 10:14:29,310 - METRIC - INFO - {"loss": 0.110720194876194, "accuracy": 0.967327892780304, "energy_consumption": 2.661039160262382, "selected": true, "host_energy_consumption": 1.43838212672, "client_name": "sta0"}
2025-12-11 10:14:32,744 - METRIC - INFO - {"loss": 0.09343671798706055, "accuracy": 0.9729225039482117, "energy_consumption": 3.70074314809321, "selected": true, "host_energy_consumption": 1.8090074674, "client_name": "sta3"}
2025-12-11 10:14:34,386 - METRIC - INFO - {"loss": 0.11933189630508423, "accuracy": 0.9614710807800293, "energy_consumption": 2.420741425529839, "selected": true, "host_energy_consumption": 1.08759087416, "client_name": "sta5"}
2025-12-11 10:14:41,037 - METRIC - INFO - {"loss": 0.10818496346473694, "accuracy": 0.9702276587486267, "energy_consumption": 4.4923101054356, "selected": true, "host_energy_consumption": 1.9473891724, "client_name": "sta4"}
2025-12-11 10:14:41,263 - METRIC - INFO - {"loss": 0.08438758552074432, "accuracy": 0.9766573309898376, "energy_consumption": 4.110860614095645, "selected": true, "host_energy_consumption": 1.8029399556, "client_name": "sta2"}
2025-12-11 10:14:41,896 - METRIC - INFO - mean_accuracy: 0.9694196283817291

2025-12-11 10:14:41,896 - METRIC - INFO - round: 73
2025-12-11 10:14:41,896 - METRIC - INFO - n_selected: 6
2025-12-11 10:14:41,896 - METRIC - INFO - {"selected_trainers": ["sta0", "sta1", "sta2", "sta3", "sta4", "sta5"]}
2025-12-11 10:14:47,820 - EXECUT - INFO - received weights from trainer sta0!
2025-12-11 10:14:52,471 - EXECUT - INFO - received weights from trainer sta1!
2025-12-11 10:15:02,475 - EXECUT - INFO - received weights from trainer sta2!
2025-12-11 10:15:08,124 - EXECUT - INFO - received weights from trainer sta3!
2025-12-11 10:15:13,827 - EXECUT - INFO - received weights from trainer sta4!
2025-12-11 10:15:20,651 - EXECUT - INFO - received weights from trainer sta5!
2025-12-11 10:15:22,218 - EXECUT - INFO - sent aggregated weights to trainers!
2025-12-11 10:15:39,750 - METRIC - INFO - {"loss": 0.10750839114189148, "accuracy": 0.967327892780304, "energy_consumption": 2.6896496182457583, "selected": true, "host_energy_consumption": 1.45787018916, "client_name": "sta0"}
2025-12-11 10:15:42,238 - METRIC - INFO - {"loss": 0.10173802077770233, "accuracy": 0.9708284735679626, "energy_consumption": 2.9874354932425375, "selected": true, "host_energy_consumption": 1.5002909504800002, "client_name": "sta1"}
2025-12-11 10:15:48,357 - METRIC - INFO - {"loss": 0.08438688516616821, "accuracy": 0.9757236242294312, "energy_consumption": 4.177617318294867, "selected": true, "host_energy_consumption": 1.82749384552, "client_name": "sta2"}
2025-12-11 10:15:53,993 - METRIC - INFO - {"loss": 0.11672127991914749, "accuracy": 0.9597197771072388, "energy_consumption": 2.4894141962297724, "selected": true, "host_energy_consumption": 1.10290177984, "client_name": "sta5"}
2025-12-11 10:15:54,572 - METRIC - INFO - {"loss": 0.09278931468725204, "accuracy": 0.9738562107086182, "energy_consumption": 3.767504954783604, "selected": true, "host_energy_consumption": 1.83394297212, "client_name": "sta3"}
2025-12-11 10:15:54,903 - METRIC - INFO - {"loss": 0.10403180867433548, "accuracy": 0.9667250514030457, "energy_consumption": 4.559074166123644, "selected": true, "host_energy_consumption": 1.9724354535200002, "client_name": "sta4"}
2025-12-11 10:15:55,253 - METRIC - INFO - mean_accuracy: 0.9690301716327667

2025-12-11 10:15:55,253 - METRIC - INFO - round: 74
2025-12-11 10:15:55,253 - METRIC - INFO - n_selected: 6
2025-12-11 10:15:55,253 - METRIC - INFO - {"selected_trainers": ["sta0", "sta1", "sta2", "sta3", "sta4", "sta5"]}
2025-12-11 10:16:01,004 - EXECUT - INFO - received weights from trainer sta0!
2025-12-11 10:16:05,719 - EXECUT - INFO - received weights from trainer sta1!
2025-12-11 10:16:15,529 - EXECUT - INFO - received weights from trainer sta2!
2025-12-11 10:16:22,079 - EXECUT - INFO - received weights from trainer sta3!
2025-12-11 10:16:30,332 - EXECUT - INFO - received weights from trainer sta4!
2025-12-11 10:16:37,110 - EXECUT - INFO - received weights from trainer sta5!
2025-12-11 10:16:38,683 - EXECUT - INFO - sent aggregated weights to trainers!
2025-12-11 10:16:55,726 - METRIC - INFO - {"loss": 0.10923030227422714, "accuracy": 0.9661610126495361, "energy_consumption": 2.7182607645090884, "selected": true, "host_energy_consumption": 1.47779045288, "client_name": "sta0"}
2025-12-11 10:16:57,597 - METRIC - INFO - {"loss": 0.09985752403736115, "accuracy": 0.9690781831741333, "energy_consumption": 3.021774179482216, "selected": true, "host_energy_consumption": 1.52057895276, "client_name": "sta1"}
2025-12-11 10:17:04,578 - METRIC - INFO - {"loss": 0.08271395415067673, "accuracy": 0.976190447807312, "energy_consumption": 4.215764739196376, "selected": true, "host_energy_consumption": 1.85220802088, "client_name": "sta2"}
2025-12-11 10:17:07,730 - METRIC - INFO - {"loss": 0.11649207770824432, "accuracy": 0.9614710807800293, "energy_consumption": 2.5294687741419595, "selected": true, "host_energy_consumption": 1.11747522656, "client_name": "sta5"}
2025-12-11 10:17:10,069 - METRIC - INFO - {"loss": 0.0912795141339302, "accuracy": 0.9729225039482117, "energy_consumption": 3.8724133033482246, "selected": true, "host_energy_consumption": 1.85889765208, "client_name": "sta3"}
2025-12-11 10:17:10,103 - METRIC - INFO - {"loss": 0.10395835340023041, "accuracy": 0.9684763550758362, "energy_consumption": 4.625842100572122, "selected": true, "host_energy_consumption": 1.9974893736000001, "client_name": "sta4"}
2025-12-11 10:17:10,717 - METRIC - INFO - mean_accuracy: 0.9690499305725098

2025-12-11 10:17:10,717 - METRIC - INFO - round: 75
2025-12-11 10:17:10,717 - METRIC - INFO - n_selected: 6
2025-12-11 10:17:10,717 - METRIC - INFO - {"selected_trainers": ["sta0", "sta1", "sta2", "sta3", "sta4", "sta5"]}
2025-12-11 10:17:16,502 - EXECUT - INFO - received weights from trainer sta0!
2025-12-11 10:17:20,960 - EXECUT - INFO - received weights from trainer sta1!
2025-12-11 10:17:29,886 - EXECUT - INFO - received weights from trainer sta2!
2025-12-11 10:17:38,980 - EXECUT - INFO - received weights from trainer sta3!
2025-12-11 10:17:44,863 - EXECUT - INFO - received weights from trainer sta4!
2025-12-11 10:17:49,971 - EXECUT - INFO - received weights from trainer sta5!
2025-12-11 10:17:51,537 - EXECUT - INFO - sent aggregated weights to trainers!
2025-12-11 10:18:08,791 - METRIC - INFO - {"loss": 0.10157538205385208, "accuracy": 0.967327892780304, "energy_consumption": 3.0847208932663164, "selected": true, "host_energy_consumption": 1.54063904512, "client_name": "sta1"}
2025-12-11 10:18:10,939 - METRIC - INFO - {"loss": 0.10521741956472397, "accuracy": 0.9684947729110718, "energy_consumption": 2.746871473643117, "selected": true, "host_energy_consumption": 1.49726270792, "client_name": "sta0"}
2025-12-11 10:18:13,098 - METRIC - INFO - {"loss": 0.11317294090986252, "accuracy": 0.9597197771072388, "energy_consumption": 2.5294687741419595, "selected": true, "host_energy_consumption": 1.1322042244800001, "client_name": "sta5"}
2025-12-11 10:18:16,164 - METRIC - INFO - {"loss": 0.1006026342511177, "accuracy": 0.9667250514030457, "energy_consumption": 4.6639905769422185, "selected": true, "host_energy_consumption": 2.0215830684, "client_name": "sta4"}
2025-12-11 10:18:19,161 - METRIC - INFO - {"loss": 0.08877821266651154, "accuracy": 0.9747899174690247, "energy_consumption": 3.91056242508013, "selected": true, "host_energy_consumption": 1.8834081336000001, "client_name": "sta3"}
2025-12-11 10:18:20,153 - METRIC - INFO - {"loss": 0.0814141184091568, "accuracy": 0.9771241545677185, "energy_consumption": 4.253916618816805, "selected": true, "host_energy_consumption": 1.8762907450000001, "client_name": "sta2"}
2025-12-11 10:18:20,568 - METRIC - INFO - mean_accuracy: 0.9690302610397339

2025-12-11 10:18:20,568 - METRIC - INFO - round: 76
2025-12-11 10:18:20,568 - METRIC - INFO - n_selected: 6
2025-12-11 10:18:20,568 - METRIC - INFO - {"selected_trainers": ["sta0", "sta1", "sta2", "sta3", "sta4", "sta5"]}
2025-12-11 10:18:25,464 - EXECUT - INFO - received weights from trainer sta0!
2025-12-11 10:18:30,958 - EXECUT - INFO - received weights from trainer sta1!
2025-12-11 10:18:39,912 - EXECUT - INFO - received weights from trainer sta2!
2025-12-11 10:18:46,927 - EXECUT - INFO - received weights from trainer sta3!
2025-12-11 10:18:52,861 - EXECUT - INFO - received weights from trainer sta4!
2025-12-11 10:18:59,215 - EXECUT - INFO - received weights from trainer sta5!
2025-12-11 10:19:00,790 - EXECUT - INFO - sent aggregated weights to trainers!
2025-12-11 10:19:16,941 - METRIC - INFO - {"loss": 0.09793416410684586, "accuracy": 0.9708284735679626, "energy_consumption": 3.147673029043369, "selected": true, "host_energy_consumption": 1.56071930364, "client_name": "sta1"}
2025-12-11 10:19:17,918 - METRIC - INFO - {"loss": 0.10628112405538559, "accuracy": 0.9696615934371948, "energy_consumption": 2.775496894165221, "selected": true, "host_energy_consumption": 1.51655422128, "client_name": "sta0"}
2025-12-11 10:19:22,534 - METRIC - INFO - {"loss": 0.11221504211425781, "accuracy": 0.9597197771072388, "energy_consumption": 2.5294687741419595, "selected": true, "host_energy_consumption": 1.14714686212, "client_name": "sta5"}
2025-12-11 10:19:28,012 - METRIC - INFO - {"loss": 0.08882243931293488, "accuracy": 0.9757236242294312, "energy_consumption": 3.977339658461105, "selected": true, "host_energy_consumption": 1.9078409252000001, "client_name": "sta3"}
2025-12-11 10:19:29,345 - METRIC - INFO - {"loss": 0.1029476746916771, "accuracy": 0.9693520069122314, "energy_consumption": 4.70213550064323, "selected": true, "host_energy_consumption": 2.0461512624, "client_name": "sta4"}
2025-12-11 10:19:29,969 - METRIC - INFO - {"loss": 0.08198326826095581, "accuracy": 0.9757236242294312, "energy_consumption": 4.292074796278359, "selected": true, "host_energy_consumption": 1.9010704594, "client_name": "sta2"}
2025-12-11 10:19:30,822 - METRIC - INFO - mean_accuracy: 0.9701681832472483

2025-12-11 10:19:30,822 - METRIC - INFO - round: 77
2025-12-11 10:19:30,822 - METRIC - INFO - n_selected: 6
2025-12-11 10:19:30,822 - METRIC - INFO - {"selected_trainers": ["sta0", "sta1", "sta2", "sta3", "sta4", "sta5"]}
2025-12-11 10:19:36,585 - EXECUT - INFO - received weights from trainer sta0!
2025-12-11 10:19:40,828 - EXECUT - INFO - received weights from trainer sta1!
2025-12-11 10:19:50,600 - EXECUT - INFO - received weights from trainer sta2!
2025-12-11 10:19:58,814 - EXECUT - INFO - received weights from trainer sta3!
2025-12-11 10:20:10,116 - EXECUT - INFO - received weights from trainer sta4!
2025-12-11 10:20:15,479 - EXECUT - INFO - received weights from trainer sta5!
2025-12-11 10:20:17,052 - EXECUT - INFO - sent aggregated weights to trainers!
2025-12-11 10:20:34,838 - METRIC - INFO - {"loss": 0.09880823642015457, "accuracy": 0.9684947729110718, "energy_consumption": 3.21064916878276, "selected": true, "host_energy_consumption": 1.5819453140400002, "client_name": "sta1"}
2025-12-11 10:20:38,313 - METRIC - INFO - {"loss": 0.10410921275615692, "accuracy": 0.9684947729110718, "energy_consumption": 2.8327223674036675, "selected": true, "host_energy_consumption": 1.53699686896, "client_name": "sta0"}
2025-12-11 10:20:47,238 - METRIC - INFO - {"loss": 0.11197411268949509, "accuracy": 0.9632224440574646, "energy_consumption": 2.5294687741419595, "selected": true, "host_energy_consumption": 1.16332666436, "client_name": "sta5"}
2025-12-11 10:20:49,881 - METRIC - INFO - {"loss": 0.08676274120807648, "accuracy": 0.9752567410469055, "energy_consumption": 4.044112609564451, "selected": true, "host_energy_consumption": 1.93382581252, "client_name": "sta3"}
2025-12-11 10:20:50,350 - METRIC - INFO - {"loss": 0.10317549109458923, "accuracy": 0.9658493995666504, "energy_consumption": 4.78033782531697, "selected": true, "host_energy_consumption": 2.07198263188, "client_name": "sta4"}
2025-12-11 10:20:50,694 - METRIC - INFO - {"loss": 0.07963194698095322, "accuracy": 0.9752567410469055, "energy_consumption": 4.330224536349536, "selected": true, "host_energy_consumption": 1.92748450552, "client_name": "sta2"}
2025-12-11 10:20:51,088 - METRIC - INFO - mean_accuracy: 0.9694291452566782

2025-12-11 10:20:51,088 - METRIC - INFO - round: 78
2025-12-11 10:20:51,088 - METRIC - INFO - n_selected: 6
2025-12-11 10:20:51,088 - METRIC - INFO - {"selected_trainers": ["sta0", "sta1", "sta2", "sta3", "sta4", "sta5"]}
2025-12-11 10:20:56,472 - EXECUT - INFO - received weights from trainer sta0!
2025-12-11 10:21:01,846 - EXECUT - INFO - received weights from trainer sta1!
2025-12-11 10:21:09,089 - EXECUT - INFO - received weights from trainer sta2!
2025-12-11 10:21:16,306 - EXECUT - INFO - received weights from trainer sta3!
2025-12-11 10:21:23,549 - EXECUT - INFO - received weights from trainer sta4!
2025-12-11 10:21:28,865 - EXECUT - INFO - received weights from trainer sta5!
2025-12-11 10:21:30,451 - EXECUT - INFO - sent aggregated weights to trainers!
2025-12-11 10:21:47,248 - METRIC - INFO - {"loss": 0.10373137891292572, "accuracy": 0.9661610126495361, "energy_consumption": 2.8899459617808874, "selected": true, "host_energy_consumption": 1.55729474936, "client_name": "sta0"}
2025-12-11 10:21:53,383 - METRIC - INFO - {"loss": 0.09636609256267548, "accuracy": 0.9714118838310242, "energy_consumption": 3.2735932756866446, "selected": true, "host_energy_consumption": 1.60285659856, "client_name": "sta1"}
2025-12-11 10:22:04,634 - METRIC - INFO - {"loss": 0.09674101322889328, "accuracy": 0.9693520069122314, "energy_consumption": 4.847119135922192, "selected": true, "host_energy_consumption": 2.0978655614, "client_name": "sta4"}
2025-12-11 10:22:04,924 - METRIC - INFO - {"loss": 0.1100645512342453, "accuracy": 0.9614710807800293, "energy_consumption": 2.598144067475373, "selected": true, "host_energy_consumption": 1.17980719612, "client_name": "sta5"}
2025-12-11 10:22:05,113 - METRIC - INFO - {"loss": 0.08702383935451508, "accuracy": 0.974323034286499, "energy_consumption": 4.082263513194363, "selected": true, "host_energy_consumption": 1.96059218208, "client_name": "sta3"}
2025-12-11 10:22:05,359 - METRIC - INFO - {"loss": 0.0781860277056694, "accuracy": 0.9766573309898376, "energy_consumption": 4.368372306954501, "selected": true, "host_energy_consumption": 1.9540575210800002, "client_name": "sta2"}
2025-12-11 10:22:05,488 - METRIC - INFO - mean_accuracy: 0.9698960582415262

2025-12-11 10:22:05,488 - METRIC - INFO - round: 79
2025-12-11 10:22:05,488 - METRIC - INFO - n_selected: 6
2025-12-11 10:22:05,488 - METRIC - INFO - {"selected_trainers": ["sta0", "sta1", "sta2", "sta3", "sta4", "sta5"]}
2025-12-11 10:22:11,515 - EXECUT - INFO - received weights from trainer sta0!
2025-12-11 10:22:17,718 - EXECUT - INFO - received weights from trainer sta1!
2025-12-11 10:22:27,646 - EXECUT - INFO - received weights from trainer sta2!
2025-12-11 10:22:34,105 - EXECUT - INFO - received weights from trainer sta3!
2025-12-11 10:22:41,599 - EXECUT - INFO - received weights from trainer sta4!
2025-12-11 10:22:47,878 - EXECUT - INFO - received weights from trainer sta5!
2025-12-11 10:22:49,489 - EXECUT - INFO - sent aggregated weights to trainers!
2025-12-11 10:23:05,691 - METRIC - INFO - {"loss": 0.10081910341978073, "accuracy": 0.9708284735679626, "energy_consumption": 2.918577190559296, "selected": true, "host_energy_consumption": 1.5776910671200002, "client_name": "sta0"}
2025-12-11 10:23:06,494 - METRIC - INFO - {"loss": 0.09760870039463043, "accuracy": 0.9696615934371948, "energy_consumption": 3.307947598438966, "selected": true, "host_energy_consumption": 1.62359684816, "client_name": "sta1"}
2025-12-11 10:23:20,233 - METRIC - INFO - {"loss": 0.10940051078796387, "accuracy": 0.9614710807800293, "energy_consumption": 2.638199123845452, "selected": true, "host_energy_consumption": 1.1951910754000001, "client_name": "sta5"}
2025-12-11 10:23:20,749 - METRIC - INFO - {"loss": 0.08776585757732391, "accuracy": 0.9747899174690247, "energy_consumption": 4.18716851096417, "selected": true, "host_energy_consumption": 1.9860832079200001, "client_name": "sta3"}
2025-12-11 10:23:23,128 - METRIC - INFO - {"loss": 0.07830746471881866, "accuracy": 0.9766573309898376, "energy_consumption": 4.406520700667417, "selected": true, "host_energy_consumption": 1.9797857192400001, "client_name": "sta2"}
2025-12-11 10:23:23,501 - METRIC - INFO - {"loss": 0.09789068251848221, "accuracy": 0.9684763550758362, "energy_consumption": 4.885264571461882, "selected": true, "host_energy_consumption": 2.1233887676400003, "client_name": "sta4"}
2025-12-11 10:23:23,525 - METRIC - INFO - mean_accuracy: 0.9703141252199808

2025-12-11 10:23:23,525 - METRIC - INFO - round: 80
2025-12-11 10:23:23,525 - METRIC - INFO - n_selected: 6
2025-12-11 10:23:23,525 - METRIC - INFO - {"selected_trainers": ["sta0", "sta1", "sta2", "sta3", "sta4", "sta5"]}
2025-12-11 10:23:29,154 - EXECUT - INFO - received weights from trainer sta0!
2025-12-11 10:23:33,476 - EXECUT - INFO - received weights from trainer sta1!
2025-12-11 10:23:41,378 - EXECUT - INFO - received weights from trainer sta2!
2025-12-11 10:23:48,832 - EXECUT - INFO - received weights from trainer sta3!
2025-12-11 10:23:54,371 - EXECUT - INFO - received weights from trainer sta4!
2025-12-11 10:24:00,064 - EXECUT - INFO - received weights from trainer sta5!
2025-12-11 10:24:01,643 - EXECUT - INFO - sent aggregated weights to trainers!
2025-12-11 10:24:13,849 - METRIC - INFO - {"loss": 0.0953713208436966, "accuracy": 0.9684947729110718, "energy_consumption": 3.3422847841329513, "selected": true, "host_energy_consumption": 1.6447180638, "client_name": "sta1"}
2025-12-11 10:24:16,408 - METRIC - INFO - {"loss": 0.09990300238132477, "accuracy": 0.9696615934371948, "energy_consumption": 2.947192898863014, "selected": true, "host_energy_consumption": 1.5981508558400002, "client_name": "sta0"}
2025-12-11 10:24:22,030 - METRIC - INFO - {"loss": 0.10866155475378036, "accuracy": 0.9649737477302551, "energy_consumption": 2.666807866692379, "selected": true, "host_energy_consumption": 1.21051324296, "client_name": "sta5"}
2025-12-11 10:24:29,628 - METRIC - INFO - {"loss": 0.08606752753257751, "accuracy": 0.9757236242294312, "energy_consumption": 4.253941640098361, "selected": true, "host_energy_consumption": 2.0112887659200003, "client_name": "sta3"}
2025-12-11 10:24:31,130 - METRIC - INFO - {"loss": 0.09652920812368393, "accuracy": 0.9684763550758362, "energy_consumption": 4.923411854071581, "selected": true, "host_energy_consumption": 2.1485731344000003, "client_name": "sta4"}
2025-12-11 10:24:31,542 - METRIC - INFO - {"loss": 0.07806657254695892, "accuracy": 0.9766573309898376, "energy_consumption": 4.51144523732238, "selected": true, "host_energy_consumption": 2.00564581672, "client_name": "sta2"}
2025-12-11 10:24:31,674 - METRIC - INFO - mean_accuracy: 0.9706645707289377

2025-12-11 10:24:31,674 - METRIC - INFO - round: 81
2025-12-11 10:24:31,674 - METRIC - INFO - n_selected: 6
2025-12-11 10:24:31,674 - METRIC - INFO - {"selected_trainers": ["sta0", "sta1", "sta2", "sta3", "sta4", "sta5"]}
2025-12-11 10:24:38,451 - EXECUT - INFO - received weights from trainer sta0!
2025-12-11 10:24:43,220 - EXECUT - INFO - received weights from trainer sta1!
2025-12-11 10:24:51,542 - EXECUT - INFO - received weights from trainer sta2!
2025-12-11 10:24:56,876 - EXECUT - INFO - received weights from trainer sta3!
2025-12-11 10:25:04,069 - EXECUT - INFO - received weights from trainer sta4!
2025-12-11 10:25:11,415 - EXECUT - INFO - received weights from trainer sta5!
2025-12-11 10:25:12,998 - EXECUT - INFO - sent aggregated weights to trainers!
2025-12-11 10:25:33,341 - METRIC - INFO - {"loss": 0.09334234148263931, "accuracy": 0.9708284735679626, "energy_consumption": 3.3766188940261883, "selected": true, "host_energy_consumption": 1.66558094976, "client_name": "sta1"}
2025-12-11 10:25:35,624 - METRIC - INFO - {"loss": 0.10119269043207169, "accuracy": 0.9708284735679626, "energy_consumption": 2.9758057507254194, "selected": true, "host_energy_consumption": 1.61855816192, "client_name": "sta0"}
2025-12-11 10:25:37,010 - METRIC - INFO - {"loss": 0.10879851132631302, "accuracy": 0.9614710807800293, "energy_consumption": 2.7355138878316283, "selected": true, "host_energy_consumption": 1.22637920804, "client_name": "sta5"}
2025-12-11 10:25:44,002 - METRIC - INFO - {"loss": 0.08319002389907837, "accuracy": 0.9766573309898376, "energy_consumption": 4.292088765341518, "selected": true, "host_energy_consumption": 2.03727108984, "client_name": "sta3"}
2025-12-11 10:25:44,115 - METRIC - INFO - {"loss": 0.09580091387033463, "accuracy": 0.9693520069122314, "energy_consumption": 4.961558489729903, "selected": true, "host_energy_consumption": 2.1748902131600003, "client_name": "sta4"}
2025-12-11 10:25:45,410 - METRIC - INFO - {"loss": 0.07618370652198792, "accuracy": 0.9766573309898376, "energy_consumption": 4.54960942809362, "selected": true, "host_energy_consumption": 2.031249892, "client_name": "sta2"}
2025-12-11 10:25:46,033 - METRIC - INFO - mean_accuracy: 0.9709657828013102

2025-12-11 10:25:46,033 - METRIC - INFO - round: 82
2025-12-11 10:25:46,033 - METRIC - INFO - n_selected: 6
2025-12-11 10:25:46,033 - METRIC - INFO - {"selected_trainers": ["sta0", "sta1", "sta2", "sta3", "sta4", "sta5"]}
2025-12-11 10:25:51,267 - EXECUT - INFO - received weights from trainer sta0!
2025-12-11 10:25:55,855 - EXECUT - INFO - received weights from trainer sta1!
2025-12-11 10:26:04,804 - EXECUT - INFO - received weights from trainer sta2!
2025-12-11 10:26:10,141 - EXECUT - INFO - received weights from trainer sta3!
2025-12-11 10:26:15,997 - EXECUT - INFO - received weights from trainer sta4!
2025-12-11 10:26:21,608 - EXECUT - INFO - received weights from trainer sta5!
2025-12-11 10:26:23,186 - EXECUT - INFO - sent aggregated weights to trainers!
2025-12-11 10:26:40,921 - METRIC - INFO - {"loss": 0.10014785826206207, "accuracy": 0.9684947729110718, "energy_consumption": 3.004434423489562, "selected": true, "host_energy_consumption": 1.6395394461600001, "client_name": "sta0"}
2025-12-11 10:26:42,651 - METRIC - INFO - {"loss": 0.09138177335262299, "accuracy": 0.9719953536987305, "energy_consumption": 3.410961080479433, "selected": true, "host_energy_consumption": 1.68680930124, "client_name": "sta1"}
2025-12-11 10:26:46,519 - METRIC - INFO - {"loss": 0.10674617439508438, "accuracy": 0.9632224440574646, "energy_consumption": 2.8041828292788424, "selected": true, "host_energy_consumption": 1.24242422332, "client_name": "sta5"}
2025-12-11 10:26:46,771 - METRIC - INFO - {"loss": 0.0839138925075531, "accuracy": 0.9766573309898376, "energy_consumption": 4.368382527832551, "selected": true, "host_energy_consumption": 2.06328849888, "client_name": "sta3"}
2025-12-11 10:26:49,300 - METRIC - INFO - {"loss": 0.09687552601099014, "accuracy": 0.9684763550758362, "energy_consumption": 4.999705489397719, "selected": true, "host_energy_consumption": 2.20106194336, "client_name": "sta4"}
2025-12-11 10:26:49,975 - METRIC - INFO - {"loss": 0.07546772062778473, "accuracy": 0.9766573309898376, "energy_consumption": 4.654534656207676, "selected": true, "host_energy_consumption": 2.0567303906800003, "client_name": "sta2"}
2025-12-11 10:26:50,214 - METRIC - INFO - mean_accuracy: 0.970917264620463

2025-12-11 10:26:50,214 - METRIC - INFO - round: 83
2025-12-11 10:26:50,214 - METRIC - INFO - n_selected: 6
2025-12-11 10:26:50,214 - METRIC - INFO - {"selected_trainers": ["sta0", "sta1", "sta2", "sta3", "sta4", "sta5"]}
2025-12-11 10:26:55,850 - EXECUT - INFO - received weights from trainer sta0!
2025-12-11 10:27:00,868 - EXECUT - INFO - received weights from trainer sta1!
2025-12-11 10:27:10,735 - EXECUT - INFO - received weights from trainer sta2!
2025-12-11 10:27:17,294 - EXECUT - INFO - received weights from trainer sta3!
2025-12-11 10:27:25,972 - EXECUT - INFO - received weights from trainer sta4!
2025-12-11 10:27:31,561 - EXECUT - INFO - received weights from trainer sta5!
2025-12-11 10:27:33,139 - EXECUT - INFO - sent aggregated weights to trainers!
2025-12-11 10:27:50,638 - METRIC - INFO - {"loss": 0.09352066367864609, "accuracy": 0.9690781831741333, "energy_consumption": 3.4453003580358454, "selected": true, "host_energy_consumption": 1.70776758236, "client_name": "sta1"}
2025-12-11 10:27:56,549 - METRIC - INFO - {"loss": 0.10195068269968033, "accuracy": 0.9684947729110718, "energy_consumption": 3.033044442754067, "selected": true, "host_energy_consumption": 1.6597333006800001, "client_name": "sta0"}
2025-12-11 10:28:03,425 - METRIC - INFO - {"loss": 0.08176670968532562, "accuracy": 0.978057861328125, "energy_consumption": 4.40652941305197, "selected": true, "host_energy_consumption": 2.0885730628, "client_name": "sta3"}
2025-12-11 10:28:07,684 - METRIC - INFO - {"loss": 0.09548621624708176, "accuracy": 0.9684763550758362, "energy_consumption": 5.037851692695419, "selected": true, "host_energy_consumption": 2.2262145231200003, "client_name": "sta4"}
2025-12-11 10:28:07,864 - METRIC - INFO - {"loss": 0.10540002584457397, "accuracy": 0.9649737477302551, "energy_consumption": 2.8442376376773937, "selected": true, "host_energy_consumption": 1.2582009624800001, "client_name": "sta5"}
2025-12-11 10:28:09,051 - METRIC - INFO - {"loss": 0.074480339884758, "accuracy": 0.9771241545677185, "energy_consumption": 4.730829234143573, "selected": true, "host_energy_consumption": 2.0821364634, "client_name": "sta2"}
2025-12-11 10:28:09,176 - METRIC - INFO - mean_accuracy: 0.97103417913119

2025-12-11 10:28:09,176 - METRIC - INFO - round: 84
2025-12-11 10:28:09,176 - METRIC - INFO - n_selected: 6
2025-12-11 10:28:09,176 - METRIC - INFO - {"selected_trainers": ["sta0", "sta1", "sta2", "sta3", "sta4", "sta5"]}
2025-12-11 10:28:14,652 - EXECUT - INFO - received weights from trainer sta0!
2025-12-11 10:28:18,737 - EXECUT - INFO - received weights from trainer sta1!
2025-12-11 10:28:26,274 - EXECUT - INFO - received weights from trainer sta2!
2025-12-11 10:28:35,843 - EXECUT - INFO - received weights from trainer sta3!
2025-12-11 10:28:42,898 - EXECUT - INFO - received weights from trainer sta4!
2025-12-11 10:28:48,945 - EXECUT - INFO - received weights from trainer sta5!
2025-12-11 10:28:50,526 - EXECUT - INFO - sent aggregated weights to trainers!
2025-12-11 10:29:05,017 - METRIC - INFO - {"loss": 0.08956848084926605, "accuracy": 0.972578763961792, "energy_consumption": 3.4796356871224474, "selected": true, "host_energy_consumption": 1.72883508448, "client_name": "sta1"}
2025-12-11 10:29:10,554 - METRIC - INFO - {"loss": 0.09663278609514236, "accuracy": 0.9708284735679626, "energy_consumption": 3.0902774568704303, "selected": true, "host_energy_consumption": 1.68015038184, "client_name": "sta0"}
2025-12-11 10:29:13,561 - METRIC - INFO - {"loss": 0.08234844356775284, "accuracy": 0.9766573309898376, "energy_consumption": 4.473285101521654, "selected": true, "host_energy_consumption": 2.1143220249200003, "client_name": "sta3"}
2025-12-11 10:29:14,591 - METRIC - INFO - {"loss": 0.10323426127433777, "accuracy": 0.9632224440574646, "energy_consumption": 2.884309401924311, "selected": true, "host_energy_consumption": 1.2736327438800001, "client_name": "sta5"}
2025-12-11 10:29:16,941 - METRIC - INFO - {"loss": 0.09393232315778732, "accuracy": 0.9702276587486267, "energy_consumption": 5.075998151912465, "selected": true, "host_energy_consumption": 2.2517128463200002, "client_name": "sta4"}
2025-12-11 10:29:18,319 - METRIC - INFO - {"loss": 0.07482782751321793, "accuracy": 0.9771241545677185, "energy_consumption": 4.7689964848199535, "selected": true, "host_energy_consumption": 2.10746069296, "client_name": "sta2"}
2025-12-11 10:29:18,555 - METRIC - INFO - mean_accuracy: 0.9717731376489004

2025-12-11 10:29:18,555 - METRIC - INFO - round: 85
2025-12-11 10:29:18,555 - METRIC - INFO - n_selected: 6
2025-12-11 10:29:18,555 - METRIC - INFO - {"selected_trainers": ["sta0", "sta1", "sta2", "sta3", "sta4", "sta5"]}
2025-12-11 10:29:23,343 - EXECUT - INFO - received weights from trainer sta0!
2025-12-11 10:29:28,549 - EXECUT - INFO - received weights from trainer sta1!
2025-12-11 10:29:39,237 - EXECUT - INFO - received weights from trainer sta2!
2025-12-11 10:29:47,773 - EXECUT - INFO - received weights from trainer sta3!
2025-12-11 10:29:54,832 - EXECUT - INFO - received weights from trainer sta4!
2025-12-11 10:30:00,478 - EXECUT - INFO - received weights from trainer sta5!
2025-12-11 10:30:02,058 - EXECUT - INFO - sent aggregated weights to trainers!
2025-12-11 10:30:19,208 - METRIC - INFO - {"loss": 0.09096750617027283, "accuracy": 0.9702450633049011, "energy_consumption": 3.5425915790324125, "selected": true, "host_energy_consumption": 1.7497168382400001, "client_name": "sta1"}
2025-12-11 10:30:21,607 - METRIC - INFO - {"loss": 0.09690578281879425, "accuracy": 0.9696615934371948, "energy_consumption": 3.118901655020045, "selected": true, "host_energy_consumption": 1.70047024, "client_name": "sta0"}
2025-12-11 10:30:27,117 - METRIC - INFO - {"loss": 0.08098987489938736, "accuracy": 0.9766573309898376, "energy_consumption": 4.549595506717523, "selected": true, "host_energy_consumption": 2.1399980478800003, "client_name": "sta3"}
2025-12-11 10:30:34,356 - METRIC - INFO - {"loss": 0.07290705293416977, "accuracy": 0.9766573309898376, "energy_consumption": 4.807139230822247, "selected": true, "host_energy_consumption": 2.1331522508800003, "client_name": "sta2"}
2025-12-11 10:30:34,694 - METRIC - INFO - {"loss": 0.1024397537112236, "accuracy": 0.9649737477302551, "energy_consumption": 2.9243700487808284, "selected": true, "host_energy_consumption": 1.28996751688, "client_name": "sta5"}
2025-12-11 10:30:35,236 - METRIC - INFO - {"loss": 0.09275158494710922, "accuracy": 0.9702276587486267, "energy_consumption": 5.114145189729747, "selected": true, "host_energy_consumption": 2.27682112952, "client_name": "sta4"}
2025-12-11 10:30:36,094 - METRIC - INFO - mean_accuracy: 0.9714037875334421

2025-12-11 10:30:36,094 - METRIC - INFO - round: 86
2025-12-11 10:30:36,094 - METRIC - INFO - n_selected: 6
2025-12-11 10:30:36,094 - METRIC - INFO - {"selected_trainers": ["sta0", "sta1", "sta2", "sta3", "sta4", "sta5"]}
2025-12-11 10:30:41,735 - EXECUT - INFO - received weights from trainer sta0!
2025-12-11 10:30:46,252 - EXECUT - INFO - received weights from trainer sta1!
2025-12-11 10:30:55,084 - EXECUT - INFO - received weights from trainer sta2!
2025-12-11 10:31:03,786 - EXECUT - INFO - received weights from trainer sta3!
2025-12-11 10:31:09,322 - EXECUT - INFO - received weights from trainer sta4!
2025-12-11 10:31:17,730 - EXECUT - INFO - received weights from trainer sta5!
2025-12-11 10:31:19,306 - EXECUT - INFO - sent aggregated weights to trainers!
2025-12-11 10:31:38,266 - METRIC - INFO - {"loss": 0.08858797699213028, "accuracy": 0.972578763961792, "energy_consumption": 3.5769266378936293, "selected": true, "host_energy_consumption": 1.77105073628, "client_name": "sta1"}
2025-12-11 10:31:39,387 - METRIC - INFO - {"loss": 0.09707504510879517, "accuracy": 0.9684947729110718, "energy_consumption": 3.176127878531338, "selected": true, "host_energy_consumption": 1.72079387452, "client_name": "sta0"}
2025-12-11 10:31:43,991 - METRIC - INFO - {"loss": 0.10070022195577621, "accuracy": 0.9632224440574646, "energy_consumption": 2.9243700487808284, "selected": true, "host_energy_consumption": 1.30550481124, "client_name": "sta5"}
2025-12-11 10:31:49,616 - METRIC - INFO - {"loss": 0.07386604696512222, "accuracy": 0.9775910377502441, "energy_consumption": 4.845287913835281, "selected": true, "host_energy_consumption": 2.15870830364, "client_name": "sta2"}
2025-12-11 10:31:50,212 - METRIC - INFO - {"loss": 0.09314607083797455, "accuracy": 0.9702276587486267, "energy_consumption": 5.152304395637337, "selected": true, "host_energy_consumption": 2.30229221152, "client_name": "sta4"}
2025-12-11 10:31:50,892 - METRIC - INFO - {"loss": 0.0789632573723793, "accuracy": 0.9785247445106506, "energy_consumption": 4.616369929754455, "selected": true, "host_energy_consumption": 2.16539617364, "client_name": "sta3"}
2025-12-11 10:31:51,341 - METRIC - INFO - mean_accuracy: 0.971773236989975

2025-12-11 10:31:51,341 - METRIC - INFO - round: 87
2025-12-11 10:31:51,341 - METRIC - INFO - n_selected: 6
2025-12-11 10:31:51,341 - METRIC - INFO - {"selected_trainers": ["sta0", "sta1", "sta2", "sta3", "sta4", "sta5"]}
2025-12-11 10:31:57,165 - EXECUT - INFO - received weights from trainer sta0!
2025-12-11 10:32:01,670 - EXECUT - INFO - received weights from trainer sta1!
2025-12-11 10:32:08,422 - EXECUT - INFO - received weights from trainer sta2!
2025-12-11 10:32:15,600 - EXECUT - INFO - received weights from trainer sta3!
2025-12-11 10:32:22,284 - EXECUT - INFO - received weights from trainer sta4!
2025-12-11 10:32:28,067 - EXECUT - INFO - received weights from trainer sta5!
2025-12-11 10:32:29,643 - EXECUT - INFO - sent aggregated weights to trainers!
2025-12-11 10:32:50,043 - METRIC - INFO - {"loss": 0.09640543162822723, "accuracy": 0.9696615934371948, "energy_consumption": 3.2047381473569403, "selected": true, "host_energy_consumption": 1.7411729655600001, "client_name": "sta0"}
2025-12-11 10:32:51,549 - METRIC - INFO - {"loss": 0.08728927373886108, "accuracy": 0.972578763961792, "energy_consumption": 3.6398667708947356, "selected": true, "host_energy_consumption": 1.79189268748, "client_name": "sta1"}
2025-12-11 10:32:56,574 - METRIC - INFO - {"loss": 0.07990383356809616, "accuracy": 0.978057861328125, "energy_consumption": 4.683129431581236, "selected": true, "host_energy_consumption": 2.1908469534, "client_name": "sta3"}
2025-12-11 10:33:01,146 - METRIC - INFO - {"loss": 0.07262126356363297, "accuracy": 0.978057861328125, "energy_consumption": 4.921582507666787, "selected": true, "host_energy_consumption": 2.18429089704, "client_name": "sta2"}
2025-12-11 10:33:03,435 - METRIC - INFO - {"loss": 0.1010458841919899, "accuracy": 0.9649737477302551, "energy_consumption": 2.9644289312245022, "selected": true, "host_energy_consumption": 1.32101465944, "client_name": "sta5"}
2025-12-11 10:33:04,283 - METRIC - INFO - {"loss": 0.09132369607686996, "accuracy": 0.971103310585022, "energy_consumption": 5.190454596681242, "selected": true, "host_energy_consumption": 2.3284788436, "client_name": "sta4"}
2025-12-11 10:33:04,680 - METRIC - INFO - mean_accuracy: 0.9724055230617523

2025-12-11 10:33:04,680 - METRIC - INFO - round: 88
2025-12-11 10:33:04,680 - METRIC - INFO - n_selected: 6
2025-12-11 10:33:04,680 - METRIC - INFO - {"selected_trainers": ["sta0", "sta1", "sta2", "sta3", "sta4", "sta5"]}
2025-12-11 10:33:11,018 - EXECUT - INFO - received weights from trainer sta0!
2025-12-11 10:33:16,629 - EXECUT - INFO - received weights from trainer sta1!
2025-12-11 10:33:24,777 - EXECUT - INFO - received weights from trainer sta2!
2025-12-11 10:33:30,988 - EXECUT - INFO - received weights from trainer sta3!
2025-12-11 10:33:37,785 - EXECUT - INFO - received weights from trainer sta4!
2025-12-11 10:33:44,022 - EXECUT - INFO - received weights from trainer sta5!
2025-12-11 10:33:45,602 - EXECUT - INFO - sent aggregated weights to trainers!
2025-12-11 10:34:01,028 - METRIC - INFO - {"loss": 0.08893018960952759, "accuracy": 0.9702450633049011, "energy_consumption": 3.6742015738366205, "selected": true, "host_energy_consumption": 1.8126662794800001, "client_name": "sta1"}
2025-12-11 10:34:06,693 - METRIC - INFO - {"loss": 0.071834497153759, "accuracy": 0.9775910377502441, "energy_consumption": 5.026492644487649, "selected": true, "host_energy_consumption": 2.21059391084, "client_name": "sta2"}
2025-12-11 10:34:06,744 - METRIC - INFO - {"loss": 0.09419333189725876, "accuracy": 0.9719953536987305, "energy_consumption": 3.233352037202755, "selected": true, "host_energy_consumption": 1.76255553544, "client_name": "sta0"}
2025-12-11 10:34:08,374 - METRIC - INFO - {"loss": 0.07879752665758133, "accuracy": 0.9775910377502441, "energy_consumption": 4.721277103633412, "selected": true, "host_energy_consumption": 2.21593537788, "client_name": "sta3"}
2025-12-11 10:34:12,125 - METRIC - INFO - {"loss": 0.10068388283252716, "accuracy": 0.9649737477302551, "energy_consumption": 2.9644289312245022, "selected": true, "host_energy_consumption": 1.33631274756, "client_name": "sta5"}
2025-12-11 10:34:12,508 - METRIC - INFO - {"loss": 0.09160690009593964, "accuracy": 0.9719789624214172, "energy_consumption": 5.228605031390622, "selected": true, "host_energy_consumption": 2.35390393728, "client_name": "sta4"}
2025-12-11 10:34:12,628 - METRIC - INFO - mean_accuracy: 0.9723958671092987

2025-12-11 10:34:12,628 - METRIC - INFO - round: 89
2025-12-11 10:34:12,628 - METRIC - INFO - n_selected: 6
2025-12-11 10:34:12,628 - METRIC - INFO - {"selected_trainers": ["sta0", "sta1", "sta2", "sta3", "sta4", "sta5"]}
2025-12-11 10:34:18,114 - EXECUT - INFO - received weights from trainer sta0!
2025-12-11 10:34:22,433 - EXECUT - INFO - received weights from trainer sta1!
2025-12-11 10:34:28,923 - EXECUT - INFO - received weights from trainer sta2!
2025-12-11 10:34:38,303 - EXECUT - INFO - received weights from trainer sta3!
2025-12-11 10:34:43,872 - EXECUT - INFO - received weights from trainer sta4!
2025-12-11 10:34:49,657 - EXECUT - INFO - received weights from trainer sta5!
2025-12-11 10:34:51,269 - EXECUT - INFO - sent aggregated weights to trainers!
2025-12-11 10:35:07,079 - METRIC - INFO - {"loss": 0.09440383315086365, "accuracy": 0.9696615934371948, "energy_consumption": 3.2905995862659183, "selected": true, "host_energy_consumption": 1.7832021499600001, "client_name": "sta0"}
2025-12-11 10:35:07,504 - METRIC - INFO - {"loss": 0.08563210815191269, "accuracy": 0.972578763961792, "energy_consumption": 3.737142455521004, "selected": true, "host_energy_consumption": 1.83391257532, "client_name": "sta1"}
2025-12-11 10:35:12,110 - METRIC - INFO - {"loss": 0.09739977866411209, "accuracy": 0.9649737477302551, "energy_consumption": 3.004483625174656, "selected": true, "host_energy_consumption": 1.3515472107200002, "client_name": "sta5"}
2025-12-11 10:35:14,836 - METRIC - INFO - {"loss": 0.07118289172649384, "accuracy": 0.9789915680885315, "energy_consumption": 5.064639528117513, "selected": true, "host_energy_consumption": 2.2365724234, "client_name": "sta2"}
2025-12-11 10:35:18,943 - METRIC - INFO - {"loss": 0.07750844955444336, "accuracy": 0.979925274848938, "energy_consumption": 4.7594268770853745, "selected": true, "host_energy_consumption": 2.2417043692400003, "client_name": "sta3"}
2025-12-11 10:35:19,091 - METRIC - INFO - {"loss": 0.09090544283390045, "accuracy": 0.9719789624214172, "energy_consumption": 5.266759854878238, "selected": true, "host_energy_consumption": 2.3798026406000004, "client_name": "sta4"}
2025-12-11 10:35:19,298 - METRIC - INFO - mean_accuracy: 0.9730183184146881

2025-12-11 10:35:19,298 - METRIC - INFO - round: 90
2025-12-11 10:35:19,298 - METRIC - INFO - n_selected: 6
2025-12-11 10:35:19,298 - METRIC - INFO - {"selected_trainers": ["sta0", "sta1", "sta2", "sta3", "sta4", "sta5"]}
2025-12-11 10:35:24,446 - EXECUT - INFO - received weights from trainer sta0!
2025-12-11 10:35:29,373 - EXECUT - INFO - received weights from trainer sta1!
2025-12-11 10:35:39,005 - EXECUT - INFO - received weights from trainer sta2!
2025-12-11 10:35:49,221 - EXECUT - INFO - received weights from trainer sta3!
2025-12-11 10:35:55,404 - EXECUT - INFO - received weights from trainer sta4!
2025-12-11 10:36:00,569 - EXECUT - INFO - received weights from trainer sta5!
2025-12-11 10:36:02,154 - EXECUT - INFO - sent aggregated weights to trainers!
2025-12-11 10:36:20,315 - METRIC - INFO - {"loss": 0.09500475227832794, "accuracy": 0.9696615934371948, "energy_consumption": 3.3192099091365947, "selected": true, "host_energy_consumption": 1.80329912224, "client_name": "sta0"}
2025-12-11 10:36:26,463 - METRIC - INFO - {"loss": 0.08643034100532532, "accuracy": 0.972578763961792, "energy_consumption": 3.771474454477081, "selected": true, "host_energy_consumption": 1.8547490743600001, "client_name": "sta1"}
2025-12-11 10:36:29,052 - METRIC - INFO - {"loss": 0.0930621325969696, "accuracy": 0.9737303256988525, "energy_consumption": 5.304908229516421, "selected": true, "host_energy_consumption": 2.4051394486, "client_name": "sta4"}
2025-12-11 10:36:31,437 - METRIC - INFO - {"loss": 0.09693431854248047, "accuracy": 0.9649737477302551, "energy_consumption": 3.044538745127183, "selected": true, "host_energy_consumption": 1.3667179117200001, "client_name": "sta5"}
2025-12-11 10:36:35,391 - METRIC - INFO - {"loss": 0.06966675817966461, "accuracy": 0.978057861328125, "energy_consumption": 5.102790996041622, "selected": true, "host_energy_consumption": 2.26222243576, "client_name": "sta2"}
2025-12-11 10:36:35,695 - METRIC - INFO - {"loss": 0.07723012566566467, "accuracy": 0.9775910377502441, "energy_consumption": 4.7975763453415965, "selected": true, "host_energy_consumption": 2.26737695716, "client_name": "sta3"}
2025-12-11 10:36:36,189 - METRIC - INFO - mean_accuracy: 0.9727655549844106

2025-12-11 10:36:36,189 - METRIC - INFO - round: 91
2025-12-11 10:36:36,189 - METRIC - INFO - n_selected: 6
2025-12-11 10:36:36,189 - METRIC - INFO - {"selected_trainers": ["sta0", "sta1", "sta2", "sta3", "sta4", "sta5"]}
2025-12-11 10:36:41,677 - EXECUT - INFO - received weights from trainer sta0!
2025-12-11 10:36:47,079 - EXECUT - INFO - received weights from trainer sta1!
2025-12-11 10:36:55,884 - EXECUT - INFO - received weights from trainer sta2!
2025-12-11 10:37:03,945 - EXECUT - INFO - received weights from trainer sta3!
2025-12-11 10:37:11,913 - EXECUT - INFO - received weights from trainer sta4!
2025-12-11 10:37:17,680 - EXECUT - INFO - received weights from trainer sta5!
2025-12-11 10:37:19,259 - EXECUT - INFO - sent aggregated weights to trainers!
2025-12-11 10:37:34,934 - METRIC - INFO - {"loss": 0.08436402678489685, "accuracy": 0.9714118838310242, "energy_consumption": 3.805817224299241, "selected": true, "host_energy_consumption": 1.8757287693200002, "client_name": "sta1"}
2025-12-11 10:37:37,029 - METRIC - INFO - {"loss": 0.09173926711082458, "accuracy": 0.9719953536987305, "energy_consumption": 3.3478204036798673, "selected": true, "host_energy_consumption": 1.82397340524, "client_name": "sta0"}
2025-12-11 10:37:51,649 - METRIC - INFO - {"loss": 0.09658974409103394, "accuracy": 0.9702276587486267, "energy_consumption": 3.0845930305601272, "selected": true, "host_energy_consumption": 1.38193405448, "client_name": "sta5"}
2025-12-11 10:37:52,696 - METRIC - INFO - {"loss": 0.0757368877530098, "accuracy": 0.9785247445106506, "energy_consumption": 4.9024921998137785, "selected": true, "host_energy_consumption": 2.29293685488, "client_name": "sta3"}
2025-12-11 10:37:52,893 - METRIC - INFO - {"loss": 0.08724776655435562, "accuracy": 0.9728546142578125, "energy_consumption": 5.371670859599469, "selected": true, "host_energy_consumption": 2.43112978752, "client_name": "sta4"}
2025-12-11 10:37:53,485 - METRIC - INFO - {"loss": 0.0681646317243576, "accuracy": 0.9794584512710571, "energy_consumption": 5.140937358295434, "selected": true, "host_energy_consumption": 2.28775933092, "client_name": "sta2"}
2025-12-11 10:37:54,296 - METRIC - INFO - mean_accuracy: 0.9740787843863169

2025-12-11 10:37:54,296 - METRIC - INFO - round: 92
2025-12-11 10:37:54,296 - METRIC - INFO - n_selected: 6
2025-12-11 10:37:54,296 - METRIC - INFO - {"selected_trainers": ["sta0", "sta1", "sta2", "sta3", "sta4", "sta5"]}
2025-12-11 10:37:59,497 - EXECUT - INFO - received weights from trainer sta0!
2025-12-11 10:38:03,590 - EXECUT - INFO - received weights from trainer sta1!
2025-12-11 10:38:12,962 - EXECUT - INFO - received weights from trainer sta2!
2025-12-11 10:38:20,474 - EXECUT - INFO - received weights from trainer sta3!
2025-12-11 10:38:27,726 - EXECUT - INFO - received weights from trainer sta4!
2025-12-11 10:38:33,982 - EXECUT - INFO - received weights from trainer sta5!
2025-12-11 10:38:35,562 - EXECUT - INFO - sent aggregated weights to trainers!
2025-12-11 10:38:56,917 - METRIC - INFO - {"loss": 0.09211944788694382, "accuracy": 0.9719953536987305, "energy_consumption": 3.376444725815253, "selected": true, "host_energy_consumption": 1.8445367757600002, "client_name": "sta0"}
2025-12-11 10:38:57,388 - METRIC - INFO - {"loss": 0.08350252360105515, "accuracy": 0.9731621742248535, "energy_consumption": 3.8401498400050342, "selected": true, "host_energy_consumption": 1.89711561172, "client_name": "sta1"}
2025-12-11 10:39:02,773 - METRIC - INFO - {"loss": 0.07528147846460342, "accuracy": 0.9785247445106506, "energy_consumption": 4.940639201071164, "selected": true, "host_energy_consumption": 2.31832968332, "client_name": "sta3"}
2025-12-11 10:39:03,716 - METRIC - INFO - {"loss": 0.09642916917800903, "accuracy": 0.9684763550758362, "energy_consumption": 3.1132208926481, "selected": true, "host_energy_consumption": 1.39737460352, "client_name": "sta5"}
2025-12-11 10:39:06,258 - METRIC - INFO - {"loss": 0.06803669780492783, "accuracy": 0.978057861328125, "energy_consumption": 5.217230844202848, "selected": true, "host_energy_consumption": 2.3130667268800003, "client_name": "sta2"}
2025-12-11 10:39:06,642 - METRIC - INFO - {"loss": 0.08874499797821045, "accuracy": 0.9728546142578125, "energy_consumption": 5.409817849729926, "selected": true, "host_energy_consumption": 2.45705861968, "client_name": "sta4"}
2025-12-11 10:39:07,596 - METRIC - INFO - mean_accuracy: 0.9738451838493347

2025-12-11 10:39:07,596 - METRIC - INFO - round: 93
2025-12-11 10:39:07,596 - METRIC - INFO - n_selected: 6
2025-12-11 10:39:07,596 - METRIC - INFO - {"selected_trainers": ["sta0", "sta1", "sta2", "sta3", "sta4", "sta5"]}
2025-12-11 10:39:12,738 - EXECUT - INFO - received weights from trainer sta0!
2025-12-11 10:39:16,635 - EXECUT - INFO - received weights from trainer sta1!
2025-12-11 10:39:25,693 - EXECUT - INFO - received weights from trainer sta2!
2025-12-11 10:39:32,940 - EXECUT - INFO - received weights from trainer sta3!
2025-12-11 10:39:42,803 - EXECUT - INFO - received weights from trainer sta4!
2025-12-11 10:39:50,468 - EXECUT - INFO - received weights from trainer sta5!
2025-12-11 10:39:52,051 - EXECUT - INFO - sent aggregated weights to trainers!
2025-12-11 10:40:07,703 - METRIC - INFO - {"loss": 0.09165763109922409, "accuracy": 0.9708284735679626, "energy_consumption": 3.4336744209280057, "selected": true, "host_energy_consumption": 1.8646465656000002, "client_name": "sta0"}
2025-12-11 10:40:10,612 - METRIC - INFO - {"loss": 0.08425218611955643, "accuracy": 0.9731621742248535, "energy_consumption": 3.903097340621892, "selected": true, "host_energy_consumption": 1.9182378012, "client_name": "sta1"}
2025-12-11 10:40:22,201 - METRIC - INFO - {"loss": 0.09681161493062973, "accuracy": 0.9667250514030457, "energy_consumption": 3.153277384391869, "selected": true, "host_energy_consumption": 1.41333405024, "client_name": "sta5"}
2025-12-11 10:40:22,552 - METRIC - INFO - {"loss": 0.07523059844970703, "accuracy": 0.979925274848938, "energy_consumption": 4.978786095827957, "selected": true, "host_energy_consumption": 2.3442001710400002, "client_name": "sta3"}
2025-12-11 10:40:24,700 - METRIC - INFO - {"loss": 0.08573729544878006, "accuracy": 0.9719789624214172, "energy_consumption": 5.488022175661094, "selected": true, "host_energy_consumption": 2.48256529976, "client_name": "sta4"}
2025-12-11 10:40:25,544 - METRIC - INFO - {"loss": 0.06658738106489182, "accuracy": 0.9803921580314636, "energy_consumption": 5.255382817607386, "selected": true, "host_energy_consumption": 2.33828723856, "client_name": "sta2"}
2025-12-11 10:40:26,087 - METRIC - INFO - mean_accuracy: 0.9738353490829468

2025-12-11 10:40:26,087 - METRIC - INFO - round: 94
2025-12-11 10:40:26,087 - METRIC - INFO - n_selected: 6
2025-12-11 10:40:26,087 - METRIC - INFO - {"selected_trainers": ["sta0", "sta1", "sta2", "sta3", "sta4", "sta5"]}
2025-12-11 10:40:31,463 - EXECUT - INFO - received weights from trainer sta0!
2025-12-11 10:40:36,957 - EXECUT - INFO - received weights from trainer sta1!
2025-12-11 10:40:46,097 - EXECUT - INFO - received weights from trainer sta2!
2025-12-11 10:40:54,926 - EXECUT - INFO - received weights from trainer sta3!
2025-12-11 10:41:00,666 - EXECUT - INFO - received weights from trainer sta4!
2025-12-11 10:41:06,480 - EXECUT - INFO - received weights from trainer sta5!
2025-12-11 10:41:08,070 - EXECUT - INFO - sent aggregated weights to trainers!
2025-12-11 10:41:27,470 - METRIC - INFO - {"loss": 0.09108272939920425, "accuracy": 0.9708284735679626, "energy_consumption": 3.4622875493740453, "selected": true, "host_energy_consumption": 1.8860102170000002, "client_name": "sta0"}
2025-12-11 10:41:27,592 - METRIC - INFO - {"loss": 0.08407966792583466, "accuracy": 0.9719953536987305, "energy_consumption": 3.9374316444415824, "selected": true, "host_energy_consumption": 1.9402166170800001, "client_name": "sta1"}
2025-12-11 10:41:32,860 - METRIC - INFO - {"loss": 0.08607218414545059, "accuracy": 0.9728546142578125, "energy_consumption": 5.5261694995993835, "selected": true, "host_energy_consumption": 2.50783788444, "client_name": "sta4"}
2025-12-11 10:41:33,256 - METRIC - INFO - {"loss": 0.06656432151794434, "accuracy": 0.981792688369751, "energy_consumption": 5.322068333312262, "selected": true, "host_energy_consumption": 2.364238527, "client_name": "sta2"}
2025-12-11 10:41:38,090 - METRIC - INFO - {"loss": 0.0735982283949852, "accuracy": 0.979925274848938, "energy_consumption": 5.045543386575247, "selected": true, "host_energy_consumption": 2.37038463284, "client_name": "sta3"}
2025-12-11 10:41:38,131 - METRIC - INFO - {"loss": 0.09416981786489487, "accuracy": 0.9684763550758362, "energy_consumption": 3.2219579709637842, "selected": true, "host_energy_consumption": 1.42944805696, "client_name": "sta5"}
2025-12-11 10:41:39,103 - METRIC - INFO - mean_accuracy: 0.9743121266365051

2025-12-11 10:41:39,103 - METRIC - INFO - round: 95
2025-12-11 10:41:39,103 - METRIC - INFO - n_selected: 6
2025-12-11 10:41:39,103 - METRIC - INFO - {"selected_trainers": ["sta0", "sta1", "sta2", "sta3", "sta4", "sta5"]}
2025-12-11 10:41:44,507 - EXECUT - INFO - received weights from trainer sta0!
2025-12-11 10:41:49,098 - EXECUT - INFO - received weights from trainer sta1!
2025-12-11 10:42:00,659 - EXECUT - INFO - received weights from trainer sta2!
2025-12-11 10:42:06,989 - EXECUT - INFO - received weights from trainer sta3!
2025-12-11 10:42:16,858 - EXECUT - INFO - received weights from trainer sta4!
2025-12-11 10:42:22,039 - EXECUT - INFO - received weights from trainer sta5!
2025-12-11 10:42:23,614 - EXECUT - INFO - sent aggregated weights to trainers!
2025-12-11 10:42:42,099 - METRIC - INFO - {"loss": 0.08212234079837799, "accuracy": 0.9737456440925598, "energy_consumption": 3.971761942567278, "selected": true, "host_energy_consumption": 1.9615457814400001, "client_name": "sta1"}
2025-12-11 10:42:43,812 - METRIC - INFO - {"loss": 0.08855268359184265, "accuracy": 0.9708284735679626, "energy_consumption": 3.4909237026127813, "selected": true, "host_energy_consumption": 1.90644242292, "client_name": "sta0"}
2025-12-11 10:42:48,795 - METRIC - INFO - {"loss": 0.07447908818721771, "accuracy": 0.979925274848938, "energy_consumption": 5.08371169430977, "selected": true, "host_energy_consumption": 2.39616298964, "client_name": "sta3"}
2025-12-11 10:42:52,926 - METRIC - INFO - {"loss": 0.0933232456445694, "accuracy": 0.9667250514030457, "energy_consumption": 3.2620124391962535, "selected": true, "host_energy_consumption": 1.44489846676, "client_name": "sta5"}
2025-12-11 10:42:55,359 - METRIC - INFO - {"loss": 0.08669224381446838, "accuracy": 0.9746059775352478, "energy_consumption": 5.604372789136711, "selected": true, "host_energy_consumption": 2.5339926953600003, "client_name": "sta4"}
2025-12-11 10:42:55,533 - METRIC - INFO - {"loss": 0.06708225607872009, "accuracy": 0.9794584512710571, "energy_consumption": 5.388826023039374, "selected": true, "host_energy_consumption": 2.3903757525200002, "client_name": "sta2"}
2025-12-11 10:42:55,647 - METRIC - INFO - mean_accuracy: 0.9742148121198019

2025-12-11 10:42:55,647 - METRIC - INFO - round: 96
2025-12-11 10:42:55,647 - METRIC - INFO - n_selected: 6
2025-12-11 10:42:55,647 - METRIC - INFO - {"selected_trainers": ["sta0", "sta1", "sta2", "sta3", "sta4", "sta5"]}
2025-12-11 10:43:01,495 - EXECUT - INFO - received weights from trainer sta0!
2025-12-11 10:43:06,368 - EXECUT - INFO - received weights from trainer sta1!
2025-12-11 10:43:16,007 - EXECUT - INFO - received weights from trainer sta2!
2025-12-11 10:43:22,581 - EXECUT - INFO - received weights from trainer sta3!
2025-12-11 10:43:28,310 - EXECUT - INFO - received weights from trainer sta4!
2025-12-11 10:43:35,346 - EXECUT - INFO - received weights from trainer sta5!
2025-12-11 10:43:37,022 - EXECUT - INFO - sent aggregated weights to trainers!
2025-12-11 10:44:00,637 - METRIC - INFO - {"loss": 0.091585174202919, "accuracy": 0.9708284735679626, "energy_consumption": 3.548139524036165, "selected": true, "host_energy_consumption": 1.92748317944, "client_name": "sta0"}
2025-12-11 10:44:00,968 - METRIC - INFO - {"loss": 0.08272776007652283, "accuracy": 0.972578763961792, "energy_consumption": 4.034704785770083, "selected": true, "host_energy_consumption": 1.98304218644, "client_name": "sta1"}
2025-12-11 10:44:07,646 - METRIC - INFO - {"loss": 0.09505440294742584, "accuracy": 0.9667250514030457, "energy_consumption": 3.3020834579390184, "selected": true, "host_energy_consumption": 1.4600753202, "client_name": "sta5"}
2025-12-11 10:44:11,633 - METRIC - INFO - {"loss": 0.08533361554145813, "accuracy": 0.9719789624214172, "energy_consumption": 5.642520225933843, "selected": true, "host_energy_consumption": 2.5592256312000004, "client_name": "sta4"}
2025-12-11 10:44:14,135 - METRIC - INFO - {"loss": 0.07404987514019012, "accuracy": 0.9803921580314636, "energy_consumption": 5.1504841605969744, "selected": true, "host_energy_consumption": 2.42146758336, "client_name": "sta3"}
2025-12-11 10:44:14,874 - METRIC - INFO - {"loss": 0.06846142560243607, "accuracy": 0.9785247445106506, "energy_consumption": 5.465123741948022, "selected": true, "host_energy_consumption": 2.41569058276, "client_name": "sta2"}
2025-12-11 10:44:15,062 - METRIC - INFO - mean_accuracy: 0.9735046923160553

2025-12-11 10:44:15,062 - METRIC - INFO - round: 97
2025-12-11 10:44:15,062 - METRIC - INFO - n_selected: 6
2025-12-11 10:44:15,062 - METRIC - INFO - {"selected_trainers": ["sta0", "sta1", "sta2", "sta3", "sta4", "sta5"]}
2025-12-11 10:44:20,669 - EXECUT - INFO - received weights from trainer sta0!
2025-12-11 10:44:25,980 - EXECUT - INFO - received weights from trainer sta1!
2025-12-11 10:44:35,314 - EXECUT - INFO - received weights from trainer sta2!
2025-12-11 10:44:42,131 - EXECUT - INFO - received weights from trainer sta3!
2025-12-11 10:44:49,142 - EXECUT - INFO - received weights from trainer sta4!
2025-12-11 10:44:55,185 - EXECUT - INFO - received weights from trainer sta5!
2025-12-11 10:44:56,752 - EXECUT - INFO - sent aggregated weights to trainers!
2025-12-11 10:45:13,817 - METRIC - INFO - {"loss": 0.08100538700819016, "accuracy": 0.9754959344863892, "energy_consumption": 4.069039900265944, "selected": true, "host_energy_consumption": 2.0055637406, "client_name": "sta1"}
2025-12-11 10:45:15,124 - METRIC - INFO - {"loss": 0.09390366822481155, "accuracy": 0.9719953536987305, "energy_consumption": 3.605372687571267, "selected": true, "host_energy_consumption": 1.9487838720000001, "client_name": "sta0"}
2025-12-11 10:45:21,779 - METRIC - INFO - {"loss": 0.09151425957679749, "accuracy": 0.9684763550758362, "energy_consumption": 3.3020834579390184, "selected": true, "host_energy_consumption": 1.4748089154400001, "client_name": "sta5"}
2025-12-11 10:45:23,133 - METRIC - INFO - {"loss": 0.08478550612926483, "accuracy": 0.9728546142578125, "energy_consumption": 5.680667886859091, "selected": true, "host_energy_consumption": 2.5836262429600003, "client_name": "sta4"}
2025-12-11 10:45:26,385 - METRIC - INFO - {"loss": 0.07218915224075317, "accuracy": 0.9808589816093445, "energy_consumption": 5.217256816041953, "selected": true, "host_energy_consumption": 2.44614335728, "client_name": "sta3"}
2025-12-11 10:45:27,372 - METRIC - INFO - {"loss": 0.06554333120584488, "accuracy": 0.9808589816093445, "energy_consumption": 5.5032781648662334, "selected": true, "host_energy_consumption": 2.44033588596, "client_name": "sta2"}
2025-12-11 10:45:27,784 - METRIC - INFO - mean_accuracy: 0.9750900367895762

2025-12-11 10:45:27,784 - METRIC - INFO - round: 98
2025-12-11 10:45:27,784 - METRIC - INFO - n_selected: 6
2025-12-11 10:45:27,784 - METRIC - INFO - {"selected_trainers": ["sta0", "sta1", "sta2", "sta3", "sta4", "sta5"]}
2025-12-11 10:45:33,525 - EXECUT - INFO - received weights from trainer sta0!
2025-12-11 10:45:37,405 - EXECUT - INFO - received weights from trainer sta1!
2025-12-11 10:45:46,158 - EXECUT - INFO - received weights from trainer sta2!
2025-12-11 10:45:54,654 - EXECUT - INFO - received weights from trainer sta3!
2025-12-11 10:46:01,649 - EXECUT - INFO - received weights from trainer sta4!
2025-12-11 10:46:06,523 - EXECUT - INFO - received weights from trainer sta5!
2025-12-11 10:46:08,092 - EXECUT - INFO - sent aggregated weights to trainers!
2025-12-11 10:46:23,222 - METRIC - INFO - {"loss": 0.07962462306022644, "accuracy": 0.9737456440925598, "energy_consumption": 4.131976113409346, "selected": true, "host_energy_consumption": 2.02627770576, "client_name": "sta1"}
2025-12-11 10:46:27,725 - METRIC - INFO - {"loss": 0.0907202661037445, "accuracy": 0.9684947729110718, "energy_consumption": 3.633994345602224, "selected": true, "host_energy_consumption": 1.9684608627600002, "client_name": "sta0"}
2025-12-11 10:46:33,255 - METRIC - INFO - {"loss": 0.08291853964328766, "accuracy": 0.9719789624214172, "energy_consumption": 5.718843751367125, "selected": true, "host_energy_consumption": 2.6086355080800003, "client_name": "sta4"}
2025-12-11 10:46:33,884 - METRIC - INFO - {"loss": 0.08908609300851822, "accuracy": 0.9667250514030457, "energy_consumption": 3.342138064463312, "selected": true, "host_energy_consumption": 1.4900331927600001, "client_name": "sta5"}
2025-12-11 10:46:35,495 - METRIC - INFO - {"loss": 0.06520380079746246, "accuracy": 0.9813258647918701, "energy_consumption": 5.5414252535494795, "selected": true, "host_energy_consumption": 2.46527421084, "client_name": "sta2"}
2025-12-11 10:46:36,387 - METRIC - INFO - {"loss": 0.07298801094293594, "accuracy": 0.9794584512710571, "energy_consumption": 5.322188885627028, "selected": true, "host_energy_consumption": 2.4707862508000002, "client_name": "sta3"}
2025-12-11 10:46:37,123 - METRIC - INFO - mean_accuracy: 0.9736214578151703

2025-12-11 10:46:37,123 - METRIC - INFO - round: 99
2025-12-11 10:46:37,123 - METRIC - INFO - n_selected: 6
2025-12-11 10:46:37,123 - METRIC - INFO - {"selected_trainers": ["sta0", "sta1", "sta2", "sta3", "sta4", "sta5"]}
2025-12-11 10:46:41,811 - EXECUT - INFO - received weights from trainer sta0!
2025-12-11 10:46:46,097 - EXECUT - INFO - received weights from trainer sta1!
2025-12-11 10:46:53,557 - EXECUT - INFO - received weights from trainer sta2!
2025-12-11 10:47:02,417 - EXECUT - INFO - received weights from trainer sta3!
2025-12-11 10:47:08,101 - EXECUT - INFO - received weights from trainer sta4!
2025-12-11 10:47:13,875 - EXECUT - INFO - received weights from trainer sta5!
2025-12-11 10:47:15,455 - EXECUT - INFO - sent aggregated weights to trainers!
2025-12-11 10:47:33,000 - METRIC - INFO - {"loss": 0.07890612632036209, "accuracy": 0.9760793447494507, "energy_consumption": 4.16631042994552, "selected": true, "host_energy_consumption": 2.04644368656, "client_name": "sta1"}
2025-12-11 10:47:35,893 - METRIC - INFO - {"loss": 0.08904492110013962, "accuracy": 0.9696615934371948, "energy_consumption": 3.691220476918963, "selected": true, "host_energy_consumption": 1.9882727774000002, "client_name": "sta0"}
2025-12-11 10:47:45,295 - METRIC - INFO - {"loss": 0.08409419655799866, "accuracy": 0.9737303256988525, "energy_consumption": 5.756989449184395, "selected": true, "host_energy_consumption": 2.63312078204, "client_name": "sta4"}
2025-12-11 10:47:46,409 - METRIC - INFO - {"loss": 0.07187057286500931, "accuracy": 0.979925274848938, "energy_consumption": 5.360336098296045, "selected": true, "host_energy_consumption": 2.49533292904, "client_name": "sta3"}
2025-12-11 10:47:48,499 - METRIC - INFO - {"loss": 0.0910470187664032, "accuracy": 0.9667250514030457, "energy_consumption": 3.382192826764593, "selected": true, "host_energy_consumption": 1.50626183764, "client_name": "sta5"}
2025-12-11 10:47:49,267 - METRIC - INFO - {"loss": 0.06507575511932373, "accuracy": 0.9803921580314636, "energy_consumption": 5.579571787475902, "selected": true, "host_energy_consumption": 2.4900703142, "client_name": "sta2"}
2025-12-11 10:47:49,491 - METRIC - INFO - mean_accuracy: 0.9744189580281576

2025-12-11 10:47:49,491 - METRIC - INFO - round: 100
2025-12-11 10:47:49,491 - METRIC - INFO - n_selected: 6
2025-12-11 10:47:49,491 - METRIC - INFO - {"selected_trainers": ["sta0", "sta1", "sta2", "sta3", "sta4", "sta5"]}
2025-12-11 10:47:54,792 - EXECUT - INFO - received weights from trainer sta0!
2025-12-11 10:47:59,797 - EXECUT - INFO - received weights from trainer sta1!
2025-12-11 10:48:08,491 - EXECUT - INFO - received weights from trainer sta2!
2025-12-11 10:48:16,941 - EXECUT - INFO - received weights from trainer sta3!
2025-12-11 10:48:22,814 - EXECUT - INFO - received weights from trainer sta4!
2025-12-11 10:48:28,513 - EXECUT - INFO - received weights from trainer sta5!
2025-12-11 10:48:30,085 - EXECUT - INFO - sent aggregated weights to trainers!
2025-12-11 10:48:46,489 - METRIC - INFO - {"loss": 0.08062856644392014, "accuracy": 0.9743290543556213, "energy_consumption": 4.229266787596879, "selected": true, "host_energy_consumption": 2.06708457592, "client_name": "sta1"}
2025-12-11 10:48:52,944 - METRIC - INFO - {"loss": 0.08908577263355255, "accuracy": 0.9684763550758362, "energy_consumption": 3.4222517584846615, "selected": true, "host_energy_consumption": 1.52125331764, "client_name": "sta5"}
2025-12-11 10:48:53,696 - METRIC - INFO - {"loss": 0.08766292035579681, "accuracy": 0.9731621742248535, "energy_consumption": 3.7198398904896437, "selected": true, "host_energy_consumption": 2.0077959938400003, "client_name": "sta0"}
2025-12-11 10:49:02,721 - METRIC - INFO - {"loss": 0.08266104012727737, "accuracy": 0.9719789624214172, "energy_consumption": 5.795136447262642, "selected": true, "host_energy_consumption": 2.65846727972, "client_name": "sta4"}
2025-12-11 10:49:02,874 - METRIC - INFO - {"loss": 0.07365588843822479, "accuracy": 0.9785247445106506, "energy_consumption": 5.427102009233209, "selected": true, "host_energy_consumption": 2.52074961432, "client_name": "sta3"}
2025-12-11 10:49:03,532 - METRIC - INFO - {"loss": 0.064386285841465, "accuracy": 0.979925274848938, "energy_consumption": 5.6558682299669725, "selected": true, "host_energy_consumption": 2.51498211552, "client_name": "sta2"}
2025-12-11 10:49:04,121 - METRIC - INFO - mean_accuracy: 0.9743994275728861

2025-12-11 10:49:04,133 - METRIC - INFO - stop_condition: rounds
